journal (isce.core.DEMInterpolator):
 -- Actual DEM bounds used:
 -- Top Left: 138.32 36.0913
 -- Bottom Right: 139.29 36.0454 
 -- Spacing: 0.000277778 -0.000277778
 -- Dimensions: 3493 166
journal (isce.core.DEMInterpolator):
 -- Actual DEM bounds used:
 -- Top Left: 138.32 36.0732
 -- Bottom Right: 139.29 36.0274 
 -- Spacing: 0.000277778 -0.000277778
 -- Dimensions: 3493 166
journal (isce.core.DEMInterpolator):
 -- Actual DEM bounds used:
 -- Top Left: 138.32 36.0551
 -- Bottom Right: 139.29 36.0096 
 -- Spacing: 0.000277778 -0.000277778
 -- Dimensions: 3493 165
journal (isce.core.DEMInterpolator):
 -- Actual DEM bounds used:
 -- Top Left: 138.32 36.0371
 -- Bottom Right: 139.29 35.9915 
 -- Spacing: 0.000277778 -0.000277778
 -- Dimensions: 3493 165
journal (isce.core.DEMInterpolator):
 -- Actual DEM bounds used:
 -- Top Left: 138.32 36.019
 -- Bottom Right: 139.29 35.9735 
 -- Spacing: 0.000277778 -0.000277778
 -- Dimensions: 3493 165
journal (isce.core.DEMInterpolator):
 -- Actual DEM bounds used:
 -- Top Left: 138.32 36.0012
 -- Bottom Right: 139.29 35.9554 
 -- Spacing: 0.000277778 -0.000277778
 -- Dimensions: 3493 166
journal (isce.core.DEMInterpolator):
 -- Actual DEM bounds used:
 -- Top Left: 138.32 35.9832
 -- Bottom Right: 139.29 35.9374 
 -- Spacing: 0.000277778 -0.000277778
 -- Dimensions: 3493 166
journal (isce.core.DEMInterpolator):
 -- Actual DEM bounds used:
 -- Top Left: 138.32 35.9651
 -- Bottom Right: 139.29 35.9196 
 -- Spacing: 0.000277778 -0.000277778
 -- Dimensions: 3493 165
journal (isce.core.DEMInterpolator):
 -- Actual DEM bounds used:
 -- Top Left: 138.32 35.9471
 -- Bottom Right: 139.29 35.9015 
 -- Spacing: 0.000277778 -0.000277778
 -- Dimensions: 3493 165
journal (isce.core.DEMInterpolator):
 -- Actual DEM bounds used:
 -- Top Left: 138.32 35.929
 -- Bottom Right: 139.29 35.8835 
 -- Spacing: 0.000277778 -0.000277778
 -- Dimensions: 3493 165
journal (isce.core.DEMInterpolator):
 -- Actual DEM bounds used:
 -- Top Left: 138.32 35.9113
 -- Bottom Right: 139.29 35.8654 
 -- Spacing: 0.000277778 -0.000277778
 -- Dimensions: 3493 166
journal (isce.core.DEMInterpolator):
 -- Actual DEM bounds used:
 -- Top Left: 138.32 35.8932
 -- Bottom Right: 139.29 35.8474 
 -- Spacing: 0.000277778 -0.000277778
 -- Dimensions: 3493 166
journal (isce.core.DEMInterpolator):
 -- Actual DEM bounds used:
 -- Top Left: 138.32 35.8751
 -- Bottom Right: 139.29 35.8296 
 -- Spacing: 0.000277778 -0.000277778
 -- Dimensions: 3493 165
journal (isce.core.DEMInterpolator):
 -- Actual DEM bounds used:
 -- Top Left: 138.32 35.8571
 -- Bottom Right: 139.29 35.8115 
 -- Spacing: 0.000277778 -0.000277778
 -- Dimensions: 3493 165
journal (isce.core.DEMInterpolator):
 -- Actual DEM bounds used:
 -- Top Left: 138.32 35.839
 -- Bottom Right: 139.29 35.7935 
 -- Spacing: 0.000277778 -0.000277778
 -- Dimensions: 3493 165
journal (isce.core.DEMInterpolator):
 -- Actual DEM bounds used:
 -- Top Left: 138.32 35.8212
 -- Bottom Right: 139.29 35.7754 
 -- Spacing: 0.000277778 -0.000277778
 -- Dimensions: 3493 166
journal (isce.core.DEMInterpolator):
 -- Actual DEM bounds used:
 -- Top Left: 138.32 35.8032
 -- Bottom Right: 139.29 35.7732 
 -- Spacing: 0.000277778 -0.000277778
 -- Dimensions: 3493 109
journal (isce.core.Geometry):
 -- East limit may be insufficient for global height range
journal (isce.core.DEMInterpolator):
 -- Actual DEM bounds used:
 -- Top Left: 140.113 35.7863
 -- Bottom Right: 141 35.7404 
 -- Spacing: 0.000277778 -0.000277778
 -- Dimensions: 3195 166
journal (isce.core.Geometry):
 -- East limit may be insufficient for global height range
journal (isce.core.DEMInterpolator):
 -- Actual DEM bounds used:
 -- Top Left: 140.113 35.7682
 -- Bottom Right: 141 35.7224 
 -- Spacing: 0.000277778 -0.000277778
 -- Dimensions: 3195 166
journal (isce.core.Geometry):
 -- East limit may be insufficient for global height range
journal (isce.core.DEMInterpolator):
 -- Actual DEM bounds used:
 -- Top Left: 140.113 35.7501
 -- Bottom Right: 141 35.7046 
 -- Spacing: 0.000277778 -0.000277778
 -- Dimensions: 3195 165
journal (isce.core.Geometry):
 -- East limit may be insufficient for global height range
journal (isce.core.DEMInterpolator):
 -- Actual DEM bounds used:
 -- Top Left: 140.113 35.7321
 -- Bottom Right: 141 35.6865 
 -- Spacing: 0.000277778 -0.000277778
 -- Dimensions: 3195 165
journal (isce.core.Geometry):
 -- East limit may be insufficient for global height range
journal (isce.core.DEMInterpolator):
 -- Actual DEM bounds used:
 -- Top Left: 140.113 35.714
 -- Bottom Right: 141 35.6685 
 -- Spacing: 0.000277778 -0.000277778
 -- Dimensions: 3195 165
journal (isce.core.Geometry):
 -- East limit may be insufficient for global height range
journal (isce.core.DEMInterpolator):
 -- Actual DEM bounds used:
 -- Top Left: 140.113 35.6962
 -- Bottom Right: 141 35.6504 
 -- Spacing: 0.000277778 -0.000277778
 -- Dimensions: 3195 166
journal (isce.core.Geometry):
 -- East limit may be insufficient for global height range
journal (isce.core.DEMInterpolator):
 -- Actual DEM bounds used:
 -- Top Left: 140.113 35.6782
 -- Bottom Right: 141 35.6324 
 -- Spacing: 0.000277778 -0.000277778
 -- Dimensions: 3195 166
journal (isce.core.Geometry):
 -- East limit may be insufficient for global height range
journal (isce.core.DEMInterpolator):
 -- Actual DEM bounds used:
 -- Top Left: 140.113 35.6601
 -- Bottom Right: 141 35.6146 
 -- Spacing: 0.000277778 -0.000277778
 -- Dimensions: 3195 165
journal (isce.core.Geometry):
 -- East limit may be insufficient for global height range
journal (isce.core.DEMInterpolator):
 -- Actual DEM bounds used:
 -- Top Left: 140.113 35.6421
 -- Bottom Right: 141 35.5965 
 -- Spacing: 0.000277778 -0.000277778
 -- Dimensions: 3195 165
journal (isce.core.Geometry):
 -- East limit may be insufficient for global height range
journal (isce.core.DEMInterpolator):
 -- Actual DEM bounds used:
 -- Top Left: 140.113 35.624
 -- Bottom Right: 141 35.5785 
 -- Spacing: 0.000277778 -0.000277778
 -- Dimensions: 3195 165
journal (isce.core.Geometry):
 -- East limit may be insufficient for global height range
journal (isce.core.DEMInterpolator):
 -- Actual DEM bounds used:
 -- Top Left: 140.113 35.6063
 -- Bottom Right: 141 35.5604 
 -- Spacing: 0.000277778 -0.000277778
 -- Dimensions: 3195 166
journal (isce.core.Geometry):
 -- East limit may be insufficient for global height range
journal (isce.core.DEMInterpolator):
 -- Actual DEM bounds used:
 -- Top Left: 140.113 35.5882
 -- Bottom Right: 141 35.5424 
 -- Spacing: 0.000277778 -0.000277778
 -- Dimensions: 3195 166
journal (isce.core.Geometry):
 -- East limit may be insufficient for global height range
journal (isce.core.DEMInterpolator):
 -- Actual DEM bounds used:
 -- Top Left: 140.113 35.5701
 -- Bottom Right: 141 35.5246 
 -- Spacing: 0.000277778 -0.000277778
 -- Dimensions: 3195 165
journal (isce.core.Geometry):
 -- East limit may be insufficient for global height range
journal (isce.core.DEMInterpolator):
 -- Actual DEM bounds used:
 -- Top Left: 140.113 35.5521
 -- Bottom Right: 141 35.5065 
 -- Spacing: 0.000277778 -0.000277778
 -- Dimensions: 3195 165
journal (isce.core.Geometry):
 -- East limit may be insufficient for global height range
journal (isce.core.DEMInterpolator):
 -- Actual DEM bounds used:
 -- Top Left: 140.113 35.534
 -- Bottom Right: 141 35.4885 
 -- Spacing: 0.000277778 -0.000277778
 -- Dimensions: 3195 165
journal (isce.core.Geometry):
 -- East limit may be insufficient for global height range
journal (isce.core.DEMInterpolator):
 -- Actual DEM bounds used:
 -- Top Left: 140.113 35.5162
 -- Bottom Right: 141 35.4704 
 -- Spacing: 0.000277778 -0.000277778
 -- Dimensions: 3195 166
journal (isce.core.Geometry):
 -- East limit may be insufficient for global height range
journal (isce.core.DEMInterpolator):
 -- Actual DEM bounds used:
 -- Top Left: 140.113 35.4982
 -- Bottom Right: 141 35.4524 
 -- Spacing: 0.000277778 -0.000277778
 -- Dimensions: 3195 166
journal (isce.core.Geometry):
 -- East limit may be insufficient for global height range
journal (isce.core.DEMInterpolator):
 -- Actual DEM bounds used:
 -- Top Left: 140.113 35.4801
 -- Bottom Right: 141 35.4443 
 -- Spacing: 0.000277778 -0.000277778
 -- Dimensions: 3195 130
journal (isce.core.DEMInterpolator):
 -- Actual DEM bounds used:
 -- Top Left: 139.142 35.8671
 -- Bottom Right: 140.228 35.8212 
 -- Spacing: 0.000277778 -0.000277778
 -- Dimensions: 3911 166
journal (isce.core.DEMInterpolator):
 -- Actual DEM bounds used:
 -- Top Left: 139.142 35.849
 -- Bottom Right: 140.228 35.8032 
 -- Spacing: 0.000277778 -0.000277778
 -- Dimensions: 3911 166
journal (isce.core.DEMInterpolator):
 -- Actual DEM bounds used:
 -- Top Left: 139.142 35.831
 -- Bottom Right: 140.228 35.7851 
 -- Spacing: 0.000277778 -0.000277778
 -- Dimensions: 3911 166
journal (isce.core.DEMInterpolator):
 -- Actual DEM bounds used:
 -- Top Left: 139.142 35.8129
 -- Bottom Right: 140.228 35.7674 
 -- Spacing: 0.000277778 -0.000277778
 -- Dimensions: 3911 165
journal (isce.core.DEMInterpolator):
 -- Actual DEM bounds used:
 -- Top Left: 139.142 35.7949
 -- Bottom Right: 140.228 35.7493 
 -- Spacing: 0.000277778 -0.000277778
 -- Dimensions: 3911 165
journal (isce.core.DEMInterpolator):
 -- Actual DEM bounds used:
 -- Top Left: 139.142 35.7771
 -- Bottom Right: 140.228 35.7313 
 -- Spacing: 0.000277778 -0.000277778
 -- Dimensions: 3911 166
journal (isce.core.DEMInterpolator):
 -- Actual DEM bounds used:
 -- Top Left: 139.142 35.759
 -- Bottom Right: 140.228 35.7132 
 -- Spacing: 0.000277778 -0.000277778
 -- Dimensions: 3911 166
journal (isce.core.DEMInterpolator):
 -- Actual DEM bounds used:
 -- Top Left: 139.142 35.741
 -- Bottom Right: 140.228 35.6951 
 -- Spacing: 0.000277778 -0.000277778
 -- Dimensions: 3911 166
journal (isce.core.DEMInterpolator):
 -- Actual DEM bounds used:
 -- Top Left: 139.142 35.7229
 -- Bottom Right: 140.228 35.6774 
 -- Spacing: 0.000277778 -0.000277778
 -- Dimensions: 3911 165
journal (isce.core.DEMInterpolator):
 -- Actual DEM bounds used:
 -- Top Left: 139.142 35.7049
 -- Bottom Right: 140.228 35.6593 
 -- Spacing: 0.000277778 -0.000277778
 -- Dimensions: 3911 165
journal (isce.core.DEMInterpolator):
 -- Actual DEM bounds used:
 -- Top Left: 139.142 35.6871
 -- Bottom Right: 140.228 35.6412 
 -- Spacing: 0.000277778 -0.000277778
 -- Dimensions: 3911 166
journal (isce.core.DEMInterpolator):
 -- Actual DEM bounds used:
 -- Top Left: 139.142 35.669
 -- Bottom Right: 140.228 35.6232 
 -- Spacing: 0.000277778 -0.000277778
 -- Dimensions: 3911 166
journal (isce.core.DEMInterpolator):
 -- Actual DEM bounds used:
 -- Top Left: 139.142 35.651
 -- Bottom Right: 140.228 35.6051 
 -- Spacing: 0.000277778 -0.000277778
 -- Dimensions: 3911 166
journal (isce.core.DEMInterpolator):
 -- Actual DEM bounds used:
 -- Top Left: 139.142 35.6329
 -- Bottom Right: 140.228 35.5874 
 -- Spacing: 0.000277778 -0.000277778
 -- Dimensions: 3911 165
journal (isce.core.DEMInterpolator):
 -- Actual DEM bounds used:
 -- Top Left: 139.142 35.6149
 -- Bottom Right: 140.228 35.5693 
 -- Spacing: 0.000277778 -0.000277778
 -- Dimensions: 3911 165
journal (isce.core.DEMInterpolator):
 -- Actual DEM bounds used:
 -- Top Left: 139.142 35.5971
 -- Bottom Right: 140.228 35.5512 
 -- Spacing: 0.000277778 -0.000277778
 -- Dimensions: 3911 166
journal (isce.core.DEMInterpolator):
 -- Actual DEM bounds used:
 -- Top Left: 139.142 35.579
 -- Bottom Right: 140.228 35.5332 
 -- Spacing: 0.000277778 -0.000277778
 -- Dimensions: 3911 166
journal (isce.core.DEMInterpolator):
 -- Actual DEM bounds used:
 -- Top Left: 139.142 35.561
 -- Bottom Right: 140.228 35.5263 
 -- Spacing: 0.000277778 -0.000277778
 -- Dimensions: 3911 126
journal (isce.core.DEMInterpolator):
 -- Actual DEM bounds used:
 -- Top Left: 138.277 35.9237
 -- Bottom Right: 139.251 35.8779 
 -- Spacing: 0.000277778 -0.000277778
 -- Dimensions: 3507 166
journal (isce.core.DEMInterpolator):
 -- Actual DEM bounds used:
 -- Top Left: 138.277 35.9057
 -- Bottom Right: 139.251 35.8601 
 -- Spacing: 0.000277778 -0.000277778
 -- Dimensions: 3507 165
journal (isce.core.DEMInterpolator):
 -- Actual DEM bounds used:
 -- Top Left: 138.277 35.8876
 -- Bottom Right: 139.251 35.8421 
 -- Spacing: 0.000277778 -0.000277778
 -- Dimensions: 3507 165
journal (isce.core.DEMInterpolator):
 -- Actual DEM bounds used:
 -- Top Left: 138.277 35.8696
 -- Bottom Right: 139.251 35.824 
 -- Spacing: 0.000277778 -0.000277778
 -- Dimensions: 3507 165
journal (isce.core.DEMInterpolator):
 -- Actual DEM bounds used:
 -- Top Left: 138.277 35.8518
 -- Bottom Right: 139.251 35.806 
 -- Spacing: 0.000277778 -0.000277778
 -- Dimensions: 3507 166
journal (isce.core.DEMInterpolator):
 -- Actual DEM bounds used:
 -- Top Left: 138.277 35.8338
 -- Bottom Right: 139.251 35.7879 
 -- Spacing: 0.000277778 -0.000277778
 -- Dimensions: 3507 166
journal (isce.core.DEMInterpolator):
 -- Actual DEM bounds used:
 -- Top Left: 138.277 35.8157
 -- Bottom Right: 139.251 35.7701 
 -- Spacing: 0.000277778 -0.000277778
 -- Dimensions: 3507 165
journal (isce.core.DEMInterpolator):
 -- Actual DEM bounds used:
 -- Top Left: 138.277 35.7976
 -- Bottom Right: 139.251 35.7521 
 -- Spacing: 0.000277778 -0.000277778
 -- Dimensions: 3507 165
journal (isce.core.DEMInterpolator):
 -- Actual DEM bounds used:
 -- Top Left: 138.277 35.7796
 -- Bottom Right: 139.251 35.734 
 -- Spacing: 0.000277778 -0.000277778
 -- Dimensions: 3507 165
journal (isce.core.DEMInterpolator):
 -- Actual DEM bounds used:
 -- Top Left: 138.277 35.7618
 -- Bottom Right: 139.251 35.716 
 -- Spacing: 0.000277778 -0.000277778
 -- Dimensions: 3507 166
journal (isce.core.DEMInterpolator):
 -- Actual DEM bounds used:
 -- Top Left: 138.277 35.7437
 -- Bottom Right: 139.251 35.6979 
 -- Spacing: 0.000277778 -0.000277778
 -- Dimensions: 3507 166
journal (isce.core.DEMInterpolator):
 -- Actual DEM bounds used:
 -- Top Left: 138.277 35.7257
 -- Bottom Right: 139.251 35.6801 
 -- Spacing: 0.000277778 -0.000277778
 -- Dimensions: 3507 165
journal (isce.core.DEMInterpolator):
 -- Actual DEM bounds used:
 -- Top Left: 138.277 35.7076
 -- Bottom Right: 139.251 35.6621 
 -- Spacing: 0.000277778 -0.000277778
 -- Dimensions: 3507 165
journal (isce.core.DEMInterpolator):
 -- Actual DEM bounds used:
 -- Top Left: 138.277 35.6896
 -- Bottom Right: 139.251 35.644 
 -- Spacing: 0.000277778 -0.000277778
 -- Dimensions: 3507 165
journal (isce.core.DEMInterpolator):
 -- Actual DEM bounds used:
 -- Top Left: 138.277 35.6718
 -- Bottom Right: 139.251 35.626 
 -- Spacing: 0.000277778 -0.000277778
 -- Dimensions: 3507 166
journal (isce.core.DEMInterpolator):
 -- Actual DEM bounds used:
 -- Top Left: 138.277 35.6538
 -- Bottom Right: 139.251 35.6079 
 -- Spacing: 0.000277778 -0.000277778
 -- Dimensions: 3507 166
journal (isce.core.DEMInterpolator):
 -- Actual DEM bounds used:
 -- Top Left: 138.277 35.6357
 -- Bottom Right: 139.251 35.6079 
 -- Spacing: 0.000277778 -0.000277778
 -- Dimensions: 3507 101
journal (isce.core.Geometry):
 -- East limit may be insufficient for global height range
journal (isce.core.DEMInterpolator):
 -- Actual DEM bounds used:
 -- Top Left: 140.075 35.6201
 -- Bottom Right: 141 35.5746 
 -- Spacing: 0.000277778 -0.000277778
 -- Dimensions: 3330 165
journal (isce.core.Geometry):
 -- East limit may be insufficient for global height range
journal (isce.core.DEMInterpolator):
 -- Actual DEM bounds used:
 -- Top Left: 140.075 35.6021
 -- Bottom Right: 141 35.5565 
 -- Spacing: 0.000277778 -0.000277778
 -- Dimensions: 3330 165
journal (isce.core.Geometry):
 -- East limit may be insufficient for global height range
journal (isce.core.DEMInterpolator):
 -- Actual DEM bounds used:
 -- Top Left: 140.075 35.584
 -- Bottom Right: 141 35.5385 
 -- Spacing: 0.000277778 -0.000277778
 -- Dimensions: 3330 165
journal (isce.core.Geometry):
 -- East limit may be insufficient for global height range
journal (isce.core.DEMInterpolator):
 -- Actual DEM bounds used:
 -- Top Left: 140.075 35.5663
 -- Bottom Right: 141 35.5204 
 -- Spacing: 0.000277778 -0.000277778
 -- Dimensions: 3330 166
journal (isce.core.Geometry):
 -- East limit may be insufficient for global height range
journal (isce.core.DEMInterpolator):
 -- Actual DEM bounds used:
 -- Top Left: 140.075 35.5482
 -- Bottom Right: 141 35.5024 
 -- Spacing: 0.000277778 -0.000277778
 -- Dimensions: 3330 166
journal (isce.core.Geometry):
 -- East limit may be insufficient for global height range
journal (isce.core.DEMInterpolator):
 -- Actual DEM bounds used:
 -- Top Left: 140.075 35.5301
 -- Bottom Right: 141 35.4846 
 -- Spacing: 0.000277778 -0.000277778
 -- Dimensions: 3330 165
journal (isce.core.Geometry):
 -- East limit may be insufficient for global height range
journal (isce.core.DEMInterpolator):
 -- Actual DEM bounds used:
 -- Top Left: 140.075 35.5121
 -- Bottom Right: 141 35.4665 
 -- Spacing: 0.000277778 -0.000277778
 -- Dimensions: 3330 165
journal (isce.core.Geometry):
 -- East limit may be insufficient for global height range
journal (isce.core.DEMInterpolator):
 -- Actual DEM bounds used:
 -- Top Left: 140.075 35.494
 -- Bottom Right: 141 35.4485 
 -- Spacing: 0.000277778 -0.000277778
 -- Dimensions: 3330 165
journal (isce.core.Geometry):
 -- East limit may be insufficient for global height range
journal (isce.core.DEMInterpolator):
 -- Actual DEM bounds used:
 -- Top Left: 140.075 35.4763
 -- Bottom Right: 141 35.4304 
 -- Spacing: 0.000277778 -0.000277778
 -- Dimensions: 3330 166
journal (isce.core.Geometry):
 -- East limit may be insufficient for global height range
journal (isce.core.DEMInterpolator):
 -- Actual DEM bounds used:
 -- Top Left: 140.075 35.4582
 -- Bottom Right: 141 35.4124 
 -- Spacing: 0.000277778 -0.000277778
 -- Dimensions: 3330 166
journal (isce.core.Geometry):
 -- East limit may be insufficient for global height range
journal (isce.core.DEMInterpolator):
 -- Actual DEM bounds used:
 -- Top Left: 140.075 35.4401
 -- Bottom Right: 141 35.3946 
 -- Spacing: 0.000277778 -0.000277778
 -- Dimensions: 3330 165
journal (isce.core.Geometry):
 -- East limit may be insufficient for global height range
journal (isce.core.DEMInterpolator):
 -- Actual DEM bounds used:
 -- Top Left: 140.075 35.4221
 -- Bottom Right: 141 35.3765 
 -- Spacing: 0.000277778 -0.000277778
 -- Dimensions: 3330 165
journal (isce.core.Geometry):
 -- East limit may be insufficient for global height range
journal (isce.core.DEMInterpolator):
 -- Actual DEM bounds used:
 -- Top Left: 140.075 35.404
 -- Bottom Right: 141 35.3585 
 -- Spacing: 0.000277778 -0.000277778
 -- Dimensions: 3330 165
journal (isce.core.Geometry):
 -- East limit may be insufficient for global height range
journal (isce.core.DEMInterpolator):
 -- Actual DEM bounds used:
 -- Top Left: 140.075 35.3862
 -- Bottom Right: 141 35.3404 
 -- Spacing: 0.000277778 -0.000277778
 -- Dimensions: 3330 166
journal (isce.core.Geometry):
 -- East limit may be insufficient for global height range
journal (isce.core.DEMInterpolator):
 -- Actual DEM bounds used:
 -- Top Left: 140.075 35.3682
 -- Bottom Right: 141 35.3224 
 -- Spacing: 0.000277778 -0.000277778
 -- Dimensions: 3330 166
journal (isce.core.Geometry):
 -- East limit may be insufficient for global height range
journal (isce.core.DEMInterpolator):
 -- Actual DEM bounds used:
 -- Top Left: 140.075 35.3501
 -- Bottom Right: 141 35.3046 
 -- Spacing: 0.000277778 -0.000277778
 -- Dimensions: 3330 165
journal (isce.core.Geometry):
 -- East limit may be insufficient for global height range
journal (isce.core.DEMInterpolator):
 -- Actual DEM bounds used:
 -- Top Left: 140.075 35.3321
 -- Bottom Right: 141 35.2865 
 -- Spacing: 0.000277778 -0.000277778
 -- Dimensions: 3330 165
journal (isce.core.Geometry):
 -- East limit may be insufficient for global height range
journal (isce.core.DEMInterpolator):
 -- Actual DEM bounds used:
 -- Top Left: 140.075 35.314
 -- Bottom Right: 141 35.2785 
 -- Spacing: 0.000277778 -0.000277778
 -- Dimensions: 3330 129
journal (isce.core.DEMInterpolator):
 -- Actual DEM bounds used:
 -- Top Left: 139.107 35.7013
 -- Bottom Right: 140.19 35.6554 
 -- Spacing: 0.000277778 -0.000277778
 -- Dimensions: 3903 166
journal (isce.core.DEMInterpolator):
 -- Actual DEM bounds used:
 -- Top Left: 139.107 35.6832
 -- Bottom Right: 140.19 35.6374 
 -- Spacing: 0.000277778 -0.000277778
 -- Dimensions: 3903 166
journal (isce.core.DEMInterpolator):
 -- Actual DEM bounds used:
 -- Top Left: 139.107 35.6651
 -- Bottom Right: 140.19 35.6196 
 -- Spacing: 0.000277778 -0.000277778
 -- Dimensions: 3903 165
journal (isce.core.DEMInterpolator):
 -- Actual DEM bounds used:
 -- Top Left: 139.107 35.6471
 -- Bottom Right: 140.19 35.6015 
 -- Spacing: 0.000277778 -0.000277778
 -- Dimensions: 3903 165
journal (isce.core.DEMInterpolator):
 -- Actual DEM bounds used:
 -- Top Left: 139.107 35.6293
 -- Bottom Right: 140.19 35.5835 
 -- Spacing: 0.000277778 -0.000277778
 -- Dimensions: 3903 166
journal (isce.core.DEMInterpolator):
 -- Actual DEM bounds used:
 -- Top Left: 139.107 35.6112
 -- Bottom Right: 140.19 35.5654 
 -- Spacing: 0.000277778 -0.000277778
 -- Dimensions: 3903 166
journal (isce.core.DEMInterpolator):
 -- Actual DEM bounds used:
 -- Top Left: 139.107 35.5932
 -- Bottom Right: 140.19 35.5474 
 -- Spacing: 0.000277778 -0.000277778
 -- Dimensions: 3903 166
journal (isce.core.DEMInterpolator):
 -- Actual DEM bounds used:
 -- Top Left: 139.107 35.5751
 -- Bottom Right: 140.19 35.5296 
 -- Spacing: 0.000277778 -0.000277778
 -- Dimensions: 3903 165
journal (isce.core.DEMInterpolator):
 -- Actual DEM bounds used:
 -- Top Left: 139.107 35.5571
 -- Bottom Right: 140.19 35.5115 
 -- Spacing: 0.000277778 -0.000277778
 -- Dimensions: 3903 165
journal (isce.core.DEMInterpolator):
 -- Actual DEM bounds used:
 -- Top Left: 139.107 35.5393
 -- Bottom Right: 140.19 35.4935 
 -- Spacing: 0.000277778 -0.000277778
 -- Dimensions: 3903 166
journal (isce.core.DEMInterpolator):
 -- Actual DEM bounds used:
 -- Top Left: 139.107 35.5213
 -- Bottom Right: 140.19 35.4754 
 -- Spacing: 0.000277778 -0.000277778
 -- Dimensions: 3903 166
journal (isce.core.DEMInterpolator):
 -- Actual DEM bounds used:
 -- Top Left: 139.107 35.5032
 -- Bottom Right: 140.19 35.4574 
 -- Spacing: 0.000277778 -0.000277778
 -- Dimensions: 3903 166
journal (isce.core.DEMInterpolator):
 -- Actual DEM bounds used:
 -- Top Left: 139.107 35.4851
 -- Bottom Right: 140.19 35.4396 
 -- Spacing: 0.000277778 -0.000277778
 -- Dimensions: 3903 165
journal (isce.core.DEMInterpolator):
 -- Actual DEM bounds used:
 -- Top Left: 139.107 35.4671
 -- Bottom Right: 140.19 35.4215 
 -- Spacing: 0.000277778 -0.000277778
 -- Dimensions: 3903 165
journal (isce.core.DEMInterpolator):
 -- Actual DEM bounds used:
 -- Top Left: 139.107 35.4493
 -- Bottom Right: 140.19 35.4035 
 -- Spacing: 0.000277778 -0.000277778
 -- Dimensions: 3903 166
journal (isce.core.DEMInterpolator):
 -- Actual DEM bounds used:
 -- Top Left: 139.107 35.4312
 -- Bottom Right: 140.19 35.3854 
 -- Spacing: 0.000277778 -0.000277778
 -- Dimensions: 3903 166
journal (isce.core.DEMInterpolator):
 -- Actual DEM bounds used:
 -- Top Left: 139.107 35.4132
 -- Bottom Right: 140.19 35.3674 
 -- Spacing: 0.000277778 -0.000277778
 -- Dimensions: 3903 166
journal (isce.core.DEMInterpolator):
 -- Actual DEM bounds used:
 -- Top Left: 139.107 35.3951
 -- Bottom Right: 140.19 35.3604 
 -- Spacing: 0.000277778 -0.000277778
 -- Dimensions: 3903 126
journal (isce.core.DEMInterpolator):
 -- Actual DEM bounds used:
 -- Top Left: 138.248 35.7599
 -- Bottom Right: 139.216 35.714 
 -- Spacing: 0.000277778 -0.000277778
 -- Dimensions: 3484 166
journal (isce.core.DEMInterpolator):
 -- Actual DEM bounds used:
 -- Top Left: 138.248 35.7418
 -- Bottom Right: 139.216 35.696 
 -- Spacing: 0.000277778 -0.000277778
 -- Dimensions: 3484 166
journal (isce.core.DEMInterpolator):
 -- Actual DEM bounds used:
 -- Top Left: 138.248 35.7238
 -- Bottom Right: 139.216 35.6779 
 -- Spacing: 0.000277778 -0.000277778
 -- Dimensions: 3484 166
journal (isce.core.DEMInterpolator):
 -- Actual DEM bounds used:
 -- Top Left: 138.248 35.7057
 -- Bottom Right: 139.216 35.6601 
 -- Spacing: 0.000277778 -0.000277778
 -- Dimensions: 3484 165
journal (isce.core.DEMInterpolator):
 -- Actual DEM bounds used:
 -- Top Left: 138.248 35.6876
 -- Bottom Right: 139.216 35.6421 
 -- Spacing: 0.000277778 -0.000277778
 -- Dimensions: 3484 165
journal (isce.core.DEMInterpolator):
 -- Actual DEM bounds used:
 -- Top Left: 138.248 35.6699
 -- Bottom Right: 139.216 35.624 
 -- Spacing: 0.000277778 -0.000277778
 -- Dimensions: 3484 166
journal (isce.core.DEMInterpolator):
 -- Actual DEM bounds used:
 -- Top Left: 138.248 35.6518
 -- Bottom Right: 139.216 35.606 
 -- Spacing: 0.000277778 -0.000277778
 -- Dimensions: 3484 166
journal (isce.core.DEMInterpolator):
 -- Actual DEM bounds used:
 -- Top Left: 138.248 35.6337
 -- Bottom Right: 139.216 35.5879 
 -- Spacing: 0.000277778 -0.000277778
 -- Dimensions: 3484 166
journal (isce.core.DEMInterpolator):
 -- Actual DEM bounds used:
 -- Top Left: 138.248 35.6157
 -- Bottom Right: 139.216 35.5701 
 -- Spacing: 0.000277778 -0.000277778
 -- Dimensions: 3484 165
journal (isce.core.DEMInterpolator):
 -- Actual DEM bounds used:
 -- Top Left: 138.248 35.5976
 -- Bottom Right: 139.216 35.5521 
 -- Spacing: 0.000277778 -0.000277778
 -- Dimensions: 3484 165
journal (isce.core.DEMInterpolator):
 -- Actual DEM bounds used:
 -- Top Left: 138.248 35.5799
 -- Bottom Right: 139.216 35.534 
 -- Spacing: 0.000277778 -0.000277778
 -- Dimensions: 3484 166
journal (isce.core.DEMInterpolator):
 -- Actual DEM bounds used:
 -- Top Left: 138.248 35.5618
 -- Bottom Right: 139.216 35.516 
 -- Spacing: 0.000277778 -0.000277778
 -- Dimensions: 3484 166
journal (isce.core.DEMInterpolator):
 -- Actual DEM bounds used:
 -- Top Left: 138.248 35.5438
 -- Bottom Right: 139.216 35.4979 
 -- Spacing: 0.000277778 -0.000277778
 -- Dimensions: 3484 166
journal (isce.core.DEMInterpolator):
 -- Actual DEM bounds used:
 -- Top Left: 138.248 35.5257
 -- Bottom Right: 139.216 35.4801 
 -- Spacing: 0.000277778 -0.000277778
 -- Dimensions: 3484 165
journal (isce.core.DEMInterpolator):
 -- Actual DEM bounds used:
 -- Top Left: 138.248 35.5076
 -- Bottom Right: 139.216 35.4621 
 -- Spacing: 0.000277778 -0.000277778
 -- Dimensions: 3484 165
journal (isce.core.DEMInterpolator):
 -- Actual DEM bounds used:
 -- Top Left: 138.248 35.4899
 -- Bottom Right: 139.216 35.444 
 -- Spacing: 0.000277778 -0.000277778
 -- Dimensions: 3484 166
journal (isce.core.DEMInterpolator):
 -- Actual DEM bounds used:
 -- Top Left: 138.248 35.4718
 -- Bottom Right: 139.216 35.4429 
 -- Spacing: 0.000277778 -0.000277778
 -- Dimensions: 3484 105
journal (isce.core.Geometry):
 -- East limit may be insufficient for global height range
journal (isce.core.DEMInterpolator):
 -- Actual DEM bounds used:
 -- Top Left: 140.037 35.4543
 -- Bottom Right: 141 35.4085 
 -- Spacing: 0.000277778 -0.000277778
 -- Dimensions: 3468 166
journal (isce.core.Geometry):
 -- East limit may be insufficient for global height range
journal (isce.core.DEMInterpolator):
 -- Actual DEM bounds used:
 -- Top Left: 140.037 35.4363
 -- Bottom Right: 141 35.3904 
 -- Spacing: 0.000277778 -0.000277778
 -- Dimensions: 3468 166
journal (isce.core.Geometry):
 -- East limit may be insufficient for global height range
journal (isce.core.DEMInterpolator):
 -- Actual DEM bounds used:
 -- Top Left: 140.037 35.4182
 -- Bottom Right: 141 35.3724 
 -- Spacing: 0.000277778 -0.000277778
 -- Dimensions: 3468 166
journal (isce.core.Geometry):
 -- East limit may be insufficient for global height range
journal (isce.core.DEMInterpolator):
 -- Actual DEM bounds used:
 -- Top Left: 140.037 35.4001
 -- Bottom Right: 141 35.3546 
 -- Spacing: 0.000277778 -0.000277778
 -- Dimensions: 3468 165
journal (isce.core.Geometry):
 -- East limit may be insufficient for global height range
journal (isce.core.DEMInterpolator):
 -- Actual DEM bounds used:
 -- Top Left: 140.037 35.3821
 -- Bottom Right: 141 35.3365 
 -- Spacing: 0.000277778 -0.000277778
 -- Dimensions: 3468 165
journal (isce.core.Geometry):
 -- East limit may be insufficient for global height range
journal (isce.core.DEMInterpolator):
 -- Actual DEM bounds used:
 -- Top Left: 140.037 35.3643
 -- Bottom Right: 141 35.3185 
 -- Spacing: 0.000277778 -0.000277778
 -- Dimensions: 3468 166
journal (isce.core.Geometry):
 -- East limit may be insufficient for global height range
journal (isce.core.DEMInterpolator):
 -- Actual DEM bounds used:
 -- Top Left: 140.037 35.3462
 -- Bottom Right: 141 35.3004 
 -- Spacing: 0.000277778 -0.000277778
 -- Dimensions: 3468 166
journal (isce.core.Geometry):
 -- East limit may be insufficient for global height range
journal (isce.core.DEMInterpolator):
 -- Actual DEM bounds used:
 -- Top Left: 140.037 35.3282
 -- Bottom Right: 141 35.2824 
 -- Spacing: 0.000277778 -0.000277778
 -- Dimensions: 3468 166
journal (isce.core.Geometry):
 -- East limit may be insufficient for global height range
journal (isce.core.DEMInterpolator):
 -- Actual DEM bounds used:
 -- Top Left: 140.037 35.3101
 -- Bottom Right: 141 35.2646 
 -- Spacing: 0.000277778 -0.000277778
 -- Dimensions: 3468 165
journal (isce.core.Geometry):
 -- East limit may be insufficient for global height range
journal (isce.core.DEMInterpolator):
 -- Actual DEM bounds used:
 -- Top Left: 140.037 35.2921
 -- Bottom Right: 141 35.2465 
 -- Spacing: 0.000277778 -0.000277778
 -- Dimensions: 3468 165
journal (isce.core.Geometry):
 -- East limit may be insufficient for global height range
journal (isce.core.DEMInterpolator):
 -- Actual DEM bounds used:
 -- Top Left: 140.037 35.2743
 -- Bottom Right: 141 35.2285 
 -- Spacing: 0.000277778 -0.000277778
 -- Dimensions: 3468 166
journal (isce.core.Geometry):
 -- East limit may be insufficient for global height range
journal (isce.core.DEMInterpolator):
 -- Actual DEM bounds used:
 -- Top Left: 140.037 35.2563
 -- Bottom Right: 141 35.2104 
 -- Spacing: 0.000277778 -0.000277778
 -- Dimensions: 3468 166
journal (isce.core.Geometry):
 -- East limit may be insufficient for global height range
journal (isce.core.DEMInterpolator):
 -- Actual DEM bounds used:
 -- Top Left: 140.037 35.2382
 -- Bottom Right: 141 35.1924 
 -- Spacing: 0.000277778 -0.000277778
 -- Dimensions: 3468 166
journal (isce.core.Geometry):
 -- East limit may be insufficient for global height range
journal (isce.core.DEMInterpolator):
 -- Actual DEM bounds used:
 -- Top Left: 140.037 35.2201
 -- Bottom Right: 141 35.1746 
 -- Spacing: 0.000277778 -0.000277778
 -- Dimensions: 3468 165
journal (isce.core.Geometry):
 -- East limit may be insufficient for global height range
journal (isce.core.DEMInterpolator):
 -- Actual DEM bounds used:
 -- Top Left: 140.037 35.2021
 -- Bottom Right: 141 35.1565 
 -- Spacing: 0.000277778 -0.000277778
 -- Dimensions: 3468 165
journal (isce.core.Geometry):
 -- East limit may be insufficient for global height range
journal (isce.core.DEMInterpolator):
 -- Actual DEM bounds used:
 -- Top Left: 140.037 35.1843
 -- Bottom Right: 141 35.1385 
 -- Spacing: 0.000277778 -0.000277778
 -- Dimensions: 3468 166
journal (isce.core.Geometry):
 -- East limit may be insufficient for global height range
journal (isce.core.DEMInterpolator):
 -- Actual DEM bounds used:
 -- Top Left: 140.037 35.1662
 -- Bottom Right: 141 35.1204 
 -- Spacing: 0.000277778 -0.000277778
 -- Dimensions: 3468 166
journal (isce.core.Geometry):
 -- East limit may be insufficient for global height range
journal (isce.core.DEMInterpolator):
 -- Actual DEM bounds used:
 -- Top Left: 140.037 35.1482
 -- Bottom Right: 141 35.1129 
 -- Spacing: 0.000277778 -0.000277778
 -- Dimensions: 3468 128
journal (isce.core.DEMInterpolator):
 -- Actual DEM bounds used:
 -- Top Left: 139.075 35.5351
 -- Bottom Right: 140.153 35.4896 
 -- Spacing: 0.000277778 -0.000277778
 -- Dimensions: 3882 165
journal (isce.core.DEMInterpolator):
 -- Actual DEM bounds used:
 -- Top Left: 139.075 35.5174
 -- Bottom Right: 140.153 35.4715 
 -- Spacing: 0.000277778 -0.000277778
 -- Dimensions: 3882 166
journal (isce.core.DEMInterpolator):
 -- Actual DEM bounds used:
 -- Top Left: 139.075 35.4993
 -- Bottom Right: 140.153 35.4535 
 -- Spacing: 0.000277778 -0.000277778
 -- Dimensions: 3882 166
journal (isce.core.DEMInterpolator):
 -- Actual DEM bounds used:
 -- Top Left: 139.075 35.4813
 -- Bottom Right: 140.153 35.4357 
 -- Spacing: 0.000277778 -0.000277778
 -- Dimensions: 3882 165
journal (isce.core.DEMInterpolator):
 -- Actual DEM bounds used:
 -- Top Left: 139.075 35.4632
 -- Bottom Right: 140.153 35.4176 
 -- Spacing: 0.000277778 -0.000277778
 -- Dimensions: 3882 165
journal (isce.core.DEMInterpolator):
 -- Actual DEM bounds used:
 -- Top Left: 139.075 35.4451
 -- Bottom Right: 140.153 35.3996 
 -- Spacing: 0.000277778 -0.000277778
 -- Dimensions: 3882 165
journal (isce.core.DEMInterpolator):
 -- Actual DEM bounds used:
 -- Top Left: 139.075 35.4274
 -- Bottom Right: 140.153 35.3815 
 -- Spacing: 0.000277778 -0.000277778
 -- Dimensions: 3882 166
journal (isce.core.DEMInterpolator):
 -- Actual DEM bounds used:
 -- Top Left: 139.075 35.4093
 -- Bottom Right: 140.153 35.3635 
 -- Spacing: 0.000277778 -0.000277778
 -- Dimensions: 3882 166
journal (isce.core.DEMInterpolator):
 -- Actual DEM bounds used:
 -- Top Left: 139.075 35.3912
 -- Bottom Right: 140.153 35.3457 
 -- Spacing: 0.000277778 -0.000277778
 -- Dimensions: 3882 165
journal (isce.core.DEMInterpolator):
 -- Actual DEM bounds used:
 -- Top Left: 139.075 35.3732
 -- Bottom Right: 140.153 35.3276 
 -- Spacing: 0.000277778 -0.000277778
 -- Dimensions: 3882 165
journal (isce.core.DEMInterpolator):
 -- Actual DEM bounds used:
 -- Top Left: 139.075 35.3551
 -- Bottom Right: 140.153 35.3096 
 -- Spacing: 0.000277778 -0.000277778
 -- Dimensions: 3882 165
journal (isce.core.DEMInterpolator):
 -- Actual DEM bounds used:
 -- Top Left: 139.075 35.3374
 -- Bottom Right: 140.153 35.2915 
 -- Spacing: 0.000277778 -0.000277778
 -- Dimensions: 3882 166
journal (isce.core.DEMInterpolator):
 -- Actual DEM bounds used:
 -- Top Left: 139.075 35.3193
 -- Bottom Right: 140.153 35.2735 
 -- Spacing: 0.000277778 -0.000277778
 -- Dimensions: 3882 166
journal (isce.core.DEMInterpolator):
 -- Actual DEM bounds used:
 -- Top Left: 139.075 35.3013
 -- Bottom Right: 140.153 35.2557 
 -- Spacing: 0.000277778 -0.000277778
 -- Dimensions: 3882 165
journal (isce.core.DEMInterpolator):
 -- Actual DEM bounds used:
 -- Top Left: 139.075 35.2832
 -- Bottom Right: 140.153 35.2376 
 -- Spacing: 0.000277778 -0.000277778
 -- Dimensions: 3882 165
journal (isce.core.DEMInterpolator):
 -- Actual DEM bounds used:
 -- Top Left: 139.075 35.2651
 -- Bottom Right: 140.153 35.2196 
 -- Spacing: 0.000277778 -0.000277778
 -- Dimensions: 3882 165
journal (isce.core.DEMInterpolator):
 -- Actual DEM bounds used:
 -- Top Left: 139.075 35.2474
 -- Bottom Right: 140.153 35.2015 
 -- Spacing: 0.000277778 -0.000277778
 -- Dimensions: 3882 166
journal (isce.core.DEMInterpolator):
 -- Actual DEM bounds used:
 -- Top Left: 139.075 35.2293
 -- Bottom Right: 140.153 35.1951 
 -- Spacing: 0.000277778 -0.000277778
 -- Dimensions: 3882 124
journal (isce.core.DEMInterpolator):
 -- Actual DEM bounds used:
 -- Top Left: 138.214 35.5935
 -- Bottom Right: 139.175 35.5476 
 -- Spacing: 0.000277778 -0.000277778
 -- Dimensions: 3461 166
journal (isce.core.DEMInterpolator):
 -- Actual DEM bounds used:
 -- Top Left: 138.214 35.5754
 -- Bottom Right: 139.175 35.5299 
 -- Spacing: 0.000277778 -0.000277778
 -- Dimensions: 3461 165
journal (isce.core.DEMInterpolator):
 -- Actual DEM bounds used:
 -- Top Left: 138.214 35.5574
 -- Bottom Right: 139.175 35.5118 
 -- Spacing: 0.000277778 -0.000277778
 -- Dimensions: 3461 165
journal (isce.core.DEMInterpolator):
 -- Actual DEM bounds used:
 -- Top Left: 138.214 35.5393
 -- Bottom Right: 139.175 35.4938 
 -- Spacing: 0.000277778 -0.000277778
 -- Dimensions: 3461 165
journal (isce.core.DEMInterpolator):
 -- Actual DEM bounds used:
 -- Top Left: 138.214 35.5215
 -- Bottom Right: 139.175 35.4757 
 -- Spacing: 0.000277778 -0.000277778
 -- Dimensions: 3461 166
journal (isce.core.DEMInterpolator):
 -- Actual DEM bounds used:
 -- Top Left: 138.214 35.5035
 -- Bottom Right: 139.175 35.4576 
 -- Spacing: 0.000277778 -0.000277778
 -- Dimensions: 3461 166
journal (isce.core.DEMInterpolator):
 -- Actual DEM bounds used:
 -- Top Left: 138.214 35.4854
 -- Bottom Right: 139.175 35.4399 
 -- Spacing: 0.000277778 -0.000277778
 -- Dimensions: 3461 165
journal (isce.core.DEMInterpolator):
 -- Actual DEM bounds used:
 -- Top Left: 138.214 35.4674
 -- Bottom Right: 139.175 35.4218 
 -- Spacing: 0.000277778 -0.000277778
 -- Dimensions: 3461 165
journal (isce.core.DEMInterpolator):
 -- Actual DEM bounds used:
 -- Top Left: 138.214 35.4493
 -- Bottom Right: 139.175 35.4038 
 -- Spacing: 0.000277778 -0.000277778
 -- Dimensions: 3461 165
journal (isce.core.DEMInterpolator):
 -- Actual DEM bounds used:
 -- Top Left: 138.214 35.4315
 -- Bottom Right: 139.175 35.3857 
 -- Spacing: 0.000277778 -0.000277778
 -- Dimensions: 3461 166
journal (isce.core.DEMInterpolator):
 -- Actual DEM bounds used:
 -- Top Left: 138.214 35.4135
 -- Bottom Right: 139.175 35.3676 
 -- Spacing: 0.000277778 -0.000277778
 -- Dimensions: 3461 166
journal (isce.core.DEMInterpolator):
 -- Actual DEM bounds used:
 -- Top Left: 138.214 35.3954
 -- Bottom Right: 139.175 35.3499 
 -- Spacing: 0.000277778 -0.000277778
 -- Dimensions: 3461 165
journal (isce.core.DEMInterpolator):
 -- Actual DEM bounds used:
 -- Top Left: 138.214 35.3774
 -- Bottom Right: 139.175 35.3318 
 -- Spacing: 0.000277778 -0.000277778
 -- Dimensions: 3461 165
journal (isce.core.DEMInterpolator):
 -- Actual DEM bounds used:
 -- Top Left: 138.214 35.3593
 -- Bottom Right: 139.175 35.3138 
 -- Spacing: 0.000277778 -0.000277778
 -- Dimensions: 3461 165
journal (isce.core.DEMInterpolator):
 -- Actual DEM bounds used:
 -- Top Left: 138.214 35.3415
 -- Bottom Right: 139.175 35.2957 
 -- Spacing: 0.000277778 -0.000277778
 -- Dimensions: 3461 166
journal (isce.core.DEMInterpolator):
 -- Actual DEM bounds used:
 -- Top Left: 138.214 35.3235
 -- Bottom Right: 139.175 35.2776 
 -- Spacing: 0.000277778 -0.000277778
 -- Dimensions: 3461 166
journal (isce.core.DEMInterpolator):
 -- Actual DEM bounds used:
 -- Top Left: 138.214 35.3054
 -- Bottom Right: 139.175 35.2757 
 -- Spacing: 0.000277778 -0.000277778
 -- Dimensions: 3461 108
journal (isce.core.Geometry):
 -- East limit may be insufficient for global height range
journal (isce.core.DEMInterpolator):
 -- Actual DEM bounds used:
 -- Top Left: 139.999 35.2888
 -- Bottom Right: 141 35.2432 
 -- Spacing: 0.000277778 -0.000277778
 -- Dimensions: 3603 165
journal (isce.core.Geometry):
 -- East limit may be insufficient for global height range
journal (isce.core.DEMInterpolator):
 -- Actual DEM bounds used:
 -- Top Left: 139.999 35.271
 -- Bottom Right: 141 35.2251 
 -- Spacing: 0.000277778 -0.000277778
 -- Dimensions: 3603 166
journal (isce.core.Geometry):
 -- East limit may be insufficient for global height range
journal (isce.core.DEMInterpolator):
 -- Actual DEM bounds used:
 -- Top Left: 139.999 35.2529
 -- Bottom Right: 141 35.2071 
 -- Spacing: 0.000277778 -0.000277778
 -- Dimensions: 3603 166
journal (isce.core.Geometry):
 -- East limit may be insufficient for global height range
journal (isce.core.DEMInterpolator):
 -- Actual DEM bounds used:
 -- Top Left: 139.999 35.2349
 -- Bottom Right: 141 35.189 
 -- Spacing: 0.000277778 -0.000277778
 -- Dimensions: 3603 166
journal (isce.core.Geometry):
 -- East limit may be insufficient for global height range
journal (isce.core.DEMInterpolator):
 -- Actual DEM bounds used:
 -- Top Left: 139.999 35.2168
 -- Bottom Right: 141 35.1713 
 -- Spacing: 0.000277778 -0.000277778
 -- Dimensions: 3603 165
journal (isce.core.Geometry):
 -- East limit may be insufficient for global height range
journal (isce.core.DEMInterpolator):
 -- Actual DEM bounds used:
 -- Top Left: 139.999 35.1987
 -- Bottom Right: 141 35.1532 
 -- Spacing: 0.000277778 -0.000277778
 -- Dimensions: 3603 165
journal (isce.core.Geometry):
 -- East limit may be insufficient for global height range
journal (isce.core.DEMInterpolator):
 -- Actual DEM bounds used:
 -- Top Left: 139.999 35.181
 -- Bottom Right: 141 35.1351 
 -- Spacing: 0.000277778 -0.000277778
 -- Dimensions: 3603 166
journal (isce.core.Geometry):
 -- East limit may be insufficient for global height range
journal (isce.core.DEMInterpolator):
 -- Actual DEM bounds used:
 -- Top Left: 139.999 35.1629
 -- Bottom Right: 141 35.1171 
 -- Spacing: 0.000277778 -0.000277778
 -- Dimensions: 3603 166
journal (isce.core.Geometry):
 -- East limit may be insufficient for global height range
journal (isce.core.DEMInterpolator):
 -- Actual DEM bounds used:
 -- Top Left: 139.999 35.1449
 -- Bottom Right: 141 35.099 
 -- Spacing: 0.000277778 -0.000277778
 -- Dimensions: 3603 166
journal (isce.core.Geometry):
 -- East limit may be insufficient for global height range
journal (isce.core.DEMInterpolator):
 -- Actual DEM bounds used:
 -- Top Left: 139.999 35.1268
 -- Bottom Right: 141 35.0813 
 -- Spacing: 0.000277778 -0.000277778
 -- Dimensions: 3603 165
journal (isce.core.Geometry):
 -- East limit may be insufficient for global height range
journal (isce.core.DEMInterpolator):
 -- Actual DEM bounds used:
 -- Top Left: 139.999 35.1088
 -- Bottom Right: 141 35.0632 
 -- Spacing: 0.000277778 -0.000277778
 -- Dimensions: 3603 165
journal (isce.core.Geometry):
 -- East limit may be insufficient for global height range
journal (isce.core.DEMInterpolator):
 -- Actual DEM bounds used:
 -- Top Left: 139.999 35.091
 -- Bottom Right: 141 35.0451 
 -- Spacing: 0.000277778 -0.000277778
 -- Dimensions: 3603 166
journal (isce.core.Geometry):
 -- East limit may be insufficient for global height range
journal (isce.core.DEMInterpolator):
 -- Actual DEM bounds used:
 -- Top Left: 139.999 35.0729
 -- Bottom Right: 141 35.0271 
 -- Spacing: 0.000277778 -0.000277778
 -- Dimensions: 3603 166
journal (isce.core.Geometry):
 -- East limit may be insufficient for global height range
journal (isce.core.DEMInterpolator):
 -- Actual DEM bounds used:
 -- Top Left: 139.999 35.0549
 -- Bottom Right: 141 35.009 
 -- Spacing: 0.000277778 -0.000277778
 -- Dimensions: 3603 166
journal (isce.core.Geometry):
 -- East limit may be insufficient for global height range
journal (isce.core.DEMInterpolator):
 -- Actual DEM bounds used:
 -- Top Left: 139.999 35.0368
 -- Bottom Right: 141 34.9913 
 -- Spacing: 0.000277778 -0.000277778
 -- Dimensions: 3603 165
journal (isce.core.Geometry):
 -- East limit may be insufficient for global height range
journal (isce.core.DEMInterpolator):
 -- Actual DEM bounds used:
 -- Top Left: 139.999 35.0187
 -- Bottom Right: 141 34.9732 
 -- Spacing: 0.000277778 -0.000277778
 -- Dimensions: 3603 165
journal (isce.core.Geometry):
 -- East limit may be insufficient for global height range
journal (isce.core.DEMInterpolator):
 -- Actual DEM bounds used:
 -- Top Left: 139.999 35.001
 -- Bottom Right: 141 34.9551 
 -- Spacing: 0.000277778 -0.000277778
 -- Dimensions: 3603 166
journal (isce.core.Geometry):
 -- East limit may be insufficient for global height range
journal (isce.core.DEMInterpolator):
 -- Actual DEM bounds used:
 -- Top Left: 139.999 34.9829
 -- Bottom Right: 141 34.9465 
 -- Spacing: 0.000277778 -0.000277778
 -- Dimensions: 3603 132
journal (isce.core.DEMInterpolator):
 -- Actual DEM bounds used:
 -- Top Left: 139.034 35.3693
 -- Bottom Right: 140.114 35.3238 
 -- Spacing: 0.000277778 -0.000277778
 -- Dimensions: 3887 165
journal (isce.core.DEMInterpolator):
 -- Actual DEM bounds used:
 -- Top Left: 139.034 35.3515
 -- Bottom Right: 140.114 35.3057 
 -- Spacing: 0.000277778 -0.000277778
 -- Dimensions: 3887 166
journal (isce.core.DEMInterpolator):
 -- Actual DEM bounds used:
 -- Top Left: 139.034 35.3335
 -- Bottom Right: 140.114 35.2876 
 -- Spacing: 0.000277778 -0.000277778
 -- Dimensions: 3887 166
journal (isce.core.DEMInterpolator):
 -- Actual DEM bounds used:
 -- Top Left: 139.034 35.3154
 -- Bottom Right: 140.114 35.2696 
 -- Spacing: 0.000277778 -0.000277778
 -- Dimensions: 3887 166
journal (isce.core.DEMInterpolator):
 -- Actual DEM bounds used:
 -- Top Left: 139.034 35.2974
 -- Bottom Right: 140.114 35.2518 
 -- Spacing: 0.000277778 -0.000277778
 -- Dimensions: 3887 165
journal (isce.core.DEMInterpolator):
 -- Actual DEM bounds used:
 -- Top Left: 139.034 35.2793
 -- Bottom Right: 140.114 35.2338 
 -- Spacing: 0.000277778 -0.000277778
 -- Dimensions: 3887 165
journal (isce.core.DEMInterpolator):
 -- Actual DEM bounds used:
 -- Top Left: 139.034 35.2615
 -- Bottom Right: 140.114 35.2157 
 -- Spacing: 0.000277778 -0.000277778
 -- Dimensions: 3887 166
journal (isce.core.DEMInterpolator):
 -- Actual DEM bounds used:
 -- Top Left: 139.034 35.2435
 -- Bottom Right: 140.114 35.1976 
 -- Spacing: 0.000277778 -0.000277778
 -- Dimensions: 3887 166
journal (isce.core.DEMInterpolator):
 -- Actual DEM bounds used:
 -- Top Left: 139.034 35.2254
 -- Bottom Right: 140.114 35.1796 
 -- Spacing: 0.000277778 -0.000277778
 -- Dimensions: 3887 166
journal (isce.core.DEMInterpolator):
 -- Actual DEM bounds used:
 -- Top Left: 139.034 35.2074
 -- Bottom Right: 140.114 35.1618 
 -- Spacing: 0.000277778 -0.000277778
 -- Dimensions: 3887 165
journal (isce.core.DEMInterpolator):
 -- Actual DEM bounds used:
 -- Top Left: 139.034 35.1893
 -- Bottom Right: 140.114 35.1438 
 -- Spacing: 0.000277778 -0.000277778
 -- Dimensions: 3887 165
journal (isce.core.DEMInterpolator):
 -- Actual DEM bounds used:
 -- Top Left: 139.034 35.1715
 -- Bottom Right: 140.114 35.1257 
 -- Spacing: 0.000277778 -0.000277778
 -- Dimensions: 3887 166
journal (isce.core.DEMInterpolator):
 -- Actual DEM bounds used:
 -- Top Left: 139.034 35.1535
 -- Bottom Right: 140.114 35.1076 
 -- Spacing: 0.000277778 -0.000277778
 -- Dimensions: 3887 166
journal (isce.core.DEMInterpolator):
 -- Actual DEM bounds used:
 -- Top Left: 139.034 35.1354
 -- Bottom Right: 140.114 35.0896 
 -- Spacing: 0.000277778 -0.000277778
 -- Dimensions: 3887 166
journal (isce.core.DEMInterpolator):
 -- Actual DEM bounds used:
 -- Top Left: 139.034 35.1174
 -- Bottom Right: 140.114 35.0718 
 -- Spacing: 0.000277778 -0.000277778
 -- Dimensions: 3887 165
journal (isce.core.DEMInterpolator):
 -- Actual DEM bounds used:
 -- Top Left: 139.034 35.0993
 -- Bottom Right: 140.114 35.0538 
 -- Spacing: 0.000277778 -0.000277778
 -- Dimensions: 3887 165
journal (isce.core.DEMInterpolator):
 -- Actual DEM bounds used:
 -- Top Left: 139.034 35.0815
 -- Bottom Right: 140.114 35.0357 
 -- Spacing: 0.000277778 -0.000277778
 -- Dimensions: 3887 166
journal (isce.core.DEMInterpolator):
 -- Actual DEM bounds used:
 -- Top Left: 139.034 35.0635
 -- Bottom Right: 140.114 35.0288 
 -- Spacing: 0.000277778 -0.000277778
 -- Dimensions: 3887 126
journal (isce.core.DEMInterpolator):
 -- Actual DEM bounds used:
 -- Top Left: 138.187 35.4279
 -- Bottom Right: 139.148 35.3824 
 -- Spacing: 0.000277778 -0.000277778
 -- Dimensions: 3463 165
journal (isce.core.DEMInterpolator):
 -- Actual DEM bounds used:
 -- Top Left: 138.187 35.4099
 -- Bottom Right: 139.148 35.3643 
 -- Spacing: 0.000277778 -0.000277778
 -- Dimensions: 3463 165
journal (isce.core.DEMInterpolator):
 -- Actual DEM bounds used:
 -- Top Left: 138.187 35.3918
 -- Bottom Right: 139.148 35.3463 
 -- Spacing: 0.000277778 -0.000277778
 -- Dimensions: 3463 165
journal (isce.core.DEMInterpolator):
 -- Actual DEM bounds used:
 -- Top Left: 138.187 35.374
 -- Bottom Right: 139.148 35.3282 
 -- Spacing: 0.000277778 -0.000277778
 -- Dimensions: 3463 166
journal (isce.core.DEMInterpolator):
 -- Actual DEM bounds used:
 -- Top Left: 138.187 35.356
 -- Bottom Right: 139.148 35.3101 
 -- Spacing: 0.000277778 -0.000277778
 -- Dimensions: 3463 166
journal (isce.core.DEMInterpolator):
 -- Actual DEM bounds used:
 -- Top Left: 138.187 35.3379
 -- Bottom Right: 139.148 35.2924 
 -- Spacing: 0.000277778 -0.000277778
 -- Dimensions: 3463 165
journal (isce.core.DEMInterpolator):
 -- Actual DEM bounds used:
 -- Top Left: 138.187 35.3199
 -- Bottom Right: 139.148 35.2743 
 -- Spacing: 0.000277778 -0.000277778
 -- Dimensions: 3463 165
journal (isce.core.DEMInterpolator):
 -- Actual DEM bounds used:
 -- Top Left: 138.187 35.3018
 -- Bottom Right: 139.148 35.2563 
 -- Spacing: 0.000277778 -0.000277778
 -- Dimensions: 3463 165
journal (isce.core.DEMInterpolator):
 -- Actual DEM bounds used:
 -- Top Left: 138.187 35.284
 -- Bottom Right: 139.148 35.2382 
 -- Spacing: 0.000277778 -0.000277778
 -- Dimensions: 3463 166
journal (isce.core.DEMInterpolator):
 -- Actual DEM bounds used:
 -- Top Left: 138.187 35.266
 -- Bottom Right: 139.148 35.2201 
 -- Spacing: 0.000277778 -0.000277778
 -- Dimensions: 3463 166
journal (isce.core.DEMInterpolator):
 -- Actual DEM bounds used:
 -- Top Left: 138.187 35.2479
 -- Bottom Right: 139.148 35.2024 
 -- Spacing: 0.000277778 -0.000277778
 -- Dimensions: 3463 165
journal (isce.core.DEMInterpolator):
 -- Actual DEM bounds used:
 -- Top Left: 138.187 35.2299
 -- Bottom Right: 139.148 35.1843 
 -- Spacing: 0.000277778 -0.000277778
 -- Dimensions: 3463 165
journal (isce.core.DEMInterpolator):
 -- Actual DEM bounds used:
 -- Top Left: 138.187 35.2118
 -- Bottom Right: 139.148 35.1663 
 -- Spacing: 0.000277778 -0.000277778
 -- Dimensions: 3463 165
journal (isce.core.DEMInterpolator):
 -- Actual DEM bounds used:
 -- Top Left: 138.187 35.194
 -- Bottom Right: 139.148 35.1482 
 -- Spacing: 0.000277778 -0.000277778
 -- Dimensions: 3463 166
journal (isce.core.DEMInterpolator):
 -- Actual DEM bounds used:
 -- Top Left: 138.187 35.176
 -- Bottom Right: 139.148 35.1301 
 -- Spacing: 0.000277778 -0.000277778
 -- Dimensions: 3463 166
journal (isce.core.DEMInterpolator):
 -- Actual DEM bounds used:
 -- Top Left: 138.187 35.1579
 -- Bottom Right: 139.148 35.1124 
 -- Spacing: 0.000277778 -0.000277778
 -- Dimensions: 3463 165
journal (isce.core.DEMInterpolator):
 -- Actual DEM bounds used:
 -- Top Left: 138.187 35.1399
 -- Bottom Right: 139.148 35.1096 
 -- Spacing: 0.000277778 -0.000277778
 -- Dimensions: 3463 110
journal (isce.core.DEMInterpolator):
 -- Actual DEM bounds used:
 -- Top Left: 139.964 35.1226
 -- Bottom Right: 140.995 35.0768 
 -- Spacing: 0.000277778 -0.000277778
 -- Dimensions: 3712 166
journal (isce.core.DEMInterpolator):
 -- Actual DEM bounds used:
 -- Top Left: 139.964 35.1046
 -- Bottom Right: 140.995 35.059 
 -- Spacing: 0.000277778 -0.000277778
 -- Dimensions: 3712 165
journal (isce.core.DEMInterpolator):
 -- Actual DEM bounds used:
 -- Top Left: 139.964 35.0865
 -- Bottom Right: 140.995 35.041 
 -- Spacing: 0.000277778 -0.000277778
 -- Dimensions: 3712 165
journal (isce.core.DEMInterpolator):
 -- Actual DEM bounds used:
 -- Top Left: 139.964 35.0685
 -- Bottom Right: 140.995 35.0229 
 -- Spacing: 0.000277778 -0.000277778
 -- Dimensions: 3712 165
journal (isce.core.DEMInterpolator):
 -- Actual DEM bounds used:
 -- Top Left: 139.964 35.0507
 -- Bottom Right: 140.995 35.0049 
 -- Spacing: 0.000277778 -0.000277778
 -- Dimensions: 3712 166
journal (isce.core.DEMInterpolator):
 -- Actual DEM bounds used:
 -- Top Left: 139.964 35.0326
 -- Bottom Right: 140.995 34.9868 
 -- Spacing: 0.000277778 -0.000277778
 -- Dimensions: 3712 166
journal (isce.core.DEMInterpolator):
 -- Actual DEM bounds used:
 -- Top Left: 139.964 35.0146
 -- Bottom Right: 140.995 34.969 
 -- Spacing: 0.000277778 -0.000277778
 -- Dimensions: 3712 165
journal (isce.core.DEMInterpolator):
 -- Actual DEM bounds used:
 -- Top Left: 139.964 34.9965
 -- Bottom Right: 140.995 34.951 
 -- Spacing: 0.000277778 -0.000277778
 -- Dimensions: 3712 165
journal (isce.core.DEMInterpolator):
 -- Actual DEM bounds used:
 -- Top Left: 139.964 34.9785
 -- Bottom Right: 140.995 34.9329 
 -- Spacing: 0.000277778 -0.000277778
 -- Dimensions: 3712 165
journal (isce.core.DEMInterpolator):
 -- Actual DEM bounds used:
 -- Top Left: 139.964 34.9607
 -- Bottom Right: 140.995 34.9149 
 -- Spacing: 0.000277778 -0.000277778
 -- Dimensions: 3712 166
journal (isce.core.DEMInterpolator):
 -- Actual DEM bounds used:
 -- Top Left: 139.964 34.9426
 -- Bottom Right: 140.995 34.8968 
 -- Spacing: 0.000277778 -0.000277778
 -- Dimensions: 3712 166
journal (isce.core.DEMInterpolator):
 -- Actual DEM bounds used:
 -- Top Left: 139.964 34.9246
 -- Bottom Right: 140.995 34.879 
 -- Spacing: 0.000277778 -0.000277778
 -- Dimensions: 3712 165
journal (isce.core.DEMInterpolator):
 -- Actual DEM bounds used:
 -- Top Left: 139.964 34.9065
 -- Bottom Right: 140.995 34.861 
 -- Spacing: 0.000277778 -0.000277778
 -- Dimensions: 3712 165
journal (isce.core.DEMInterpolator):
 -- Actual DEM bounds used:
 -- Top Left: 139.964 34.8885
 -- Bottom Right: 140.995 34.8429 
 -- Spacing: 0.000277778 -0.000277778
 -- Dimensions: 3712 165
journal (isce.core.DEMInterpolator):
 -- Actual DEM bounds used:
 -- Top Left: 139.964 34.8707
 -- Bottom Right: 140.995 34.8249 
 -- Spacing: 0.000277778 -0.000277778
 -- Dimensions: 3712 166
journal (isce.core.DEMInterpolator):
 -- Actual DEM bounds used:
 -- Top Left: 139.964 34.8526
 -- Bottom Right: 140.995 34.8068 
 -- Spacing: 0.000277778 -0.000277778
 -- Dimensions: 3712 166
journal (isce.core.DEMInterpolator):
 -- Actual DEM bounds used:
 -- Top Left: 139.964 34.8346
 -- Bottom Right: 140.995 34.789 
 -- Spacing: 0.000277778 -0.000277778
 -- Dimensions: 3712 165
journal (isce.core.DEMInterpolator):
 -- Actual DEM bounds used:
 -- Top Left: 139.964 34.8165
 -- Bottom Right: 140.995 34.7804 
 -- Spacing: 0.000277778 -0.000277778
 -- Dimensions: 3712 131
journal (isce.core.DEMInterpolator):
 -- Actual DEM bounds used:
 -- Top Left: 139.005 35.2043
 -- Bottom Right: 140.079 35.1585 
 -- Spacing: 0.000277778 -0.000277778
 -- Dimensions: 3868 166
journal (isce.core.DEMInterpolator):
 -- Actual DEM bounds used:
 -- Top Left: 139.005 35.1863
 -- Bottom Right: 140.079 35.1404 
 -- Spacing: 0.000277778 -0.000277778
 -- Dimensions: 3868 166
journal (isce.core.DEMInterpolator):
 -- Actual DEM bounds used:
 -- Top Left: 139.005 35.1682
 -- Bottom Right: 140.079 35.1224 
 -- Spacing: 0.000277778 -0.000277778
 -- Dimensions: 3868 166
journal (isce.core.DEMInterpolator):
 -- Actual DEM bounds used:
 -- Top Left: 139.005 35.1501
 -- Bottom Right: 140.079 35.1046 
 -- Spacing: 0.000277778 -0.000277778
 -- Dimensions: 3868 165
journal (isce.core.DEMInterpolator):
 -- Actual DEM bounds used:
 -- Top Left: 139.005 35.1321
 -- Bottom Right: 140.079 35.0865 
 -- Spacing: 0.000277778 -0.000277778
 -- Dimensions: 3868 165
journal (isce.core.DEMInterpolator):
 -- Actual DEM bounds used:
 -- Top Left: 139.005 35.1143
 -- Bottom Right: 140.079 35.0685 
 -- Spacing: 0.000277778 -0.000277778
 -- Dimensions: 3868 166
journal (isce.core.DEMInterpolator):
 -- Actual DEM bounds used:
 -- Top Left: 139.005 35.0962
 -- Bottom Right: 140.079 35.0504 
 -- Spacing: 0.000277778 -0.000277778
 -- Dimensions: 3868 166
journal (isce.core.DEMInterpolator):
 -- Actual DEM bounds used:
 -- Top Left: 139.005 35.0782
 -- Bottom Right: 140.079 35.0324 
 -- Spacing: 0.000277778 -0.000277778
 -- Dimensions: 3868 166
journal (isce.core.DEMInterpolator):
 -- Actual DEM bounds used:
 -- Top Left: 139.005 35.0601
 -- Bottom Right: 140.079 35.0146 
 -- Spacing: 0.000277778 -0.000277778
 -- Dimensions: 3868 165
journal (isce.core.DEMInterpolator):
 -- Actual DEM bounds used:
 -- Top Left: 139.005 35.0421
 -- Bottom Right: 140.079 34.9965 
 -- Spacing: 0.000277778 -0.000277778
 -- Dimensions: 3868 165
journal (isce.core.DEMInterpolator):
 -- Actual DEM bounds used:
 -- Top Left: 139.005 35.0243
 -- Bottom Right: 140.079 34.9785 
 -- Spacing: 0.000277778 -0.000277778
 -- Dimensions: 3868 166
journal (isce.core.DEMInterpolator):
 -- Actual DEM bounds used:
 -- Top Left: 139.005 35.0063
 -- Bottom Right: 140.079 34.9604 
 -- Spacing: 0.000277778 -0.000277778
 -- Dimensions: 3868 166
journal (isce.core.DEMInterpolator):
 -- Actual DEM bounds used:
 -- Top Left: 139.005 34.9882
 -- Bottom Right: 140.079 34.9424 
 -- Spacing: 0.000277778 -0.000277778
 -- Dimensions: 3868 166
journal (isce.core.DEMInterpolator):
 -- Actual DEM bounds used:
 -- Top Left: 139.005 34.9701
 -- Bottom Right: 140.079 34.9246 
 -- Spacing: 0.000277778 -0.000277778
 -- Dimensions: 3868 165
journal (isce.core.DEMInterpolator):
 -- Actual DEM bounds used:
 -- Top Left: 139.005 34.9521
 -- Bottom Right: 140.079 34.9065 
 -- Spacing: 0.000277778 -0.000277778
 -- Dimensions: 3868 165
journal (isce.core.DEMInterpolator):
 -- Actual DEM bounds used:
 -- Top Left: 139.005 34.9343
 -- Bottom Right: 140.079 34.8885 
 -- Spacing: 0.000277778 -0.000277778
 -- Dimensions: 3868 166
journal (isce.core.DEMInterpolator):
 -- Actual DEM bounds used:
 -- Top Left: 139.005 34.9162
 -- Bottom Right: 140.079 34.8704 
 -- Spacing: 0.000277778 -0.000277778
 -- Dimensions: 3868 166
journal (isce.core.DEMInterpolator):
 -- Actual DEM bounds used:
 -- Top Left: 139.005 34.8982
 -- Bottom Right: 140.079 34.8626 
 -- Spacing: 0.000277778 -0.000277778
 -- Dimensions: 3868 129
journal (isce.core.DEMInterpolator):
 -- Actual DEM bounds used:
 -- Top Left: 138.158 35.261
 -- Bottom Right: 139.115 35.2154 
 -- Spacing: 0.000277778 -0.000277778
 -- Dimensions: 3445 165
journal (isce.core.DEMInterpolator):
 -- Actual DEM bounds used:
 -- Top Left: 138.158 35.2429
 -- Bottom Right: 139.115 35.1974 
 -- Spacing: 0.000277778 -0.000277778
 -- Dimensions: 3445 165
journal (isce.core.DEMInterpolator):
 -- Actual DEM bounds used:
 -- Top Left: 138.158 35.2251
 -- Bottom Right: 139.115 35.1793 
 -- Spacing: 0.000277778 -0.000277778
 -- Dimensions: 3445 166
journal (isce.core.DEMInterpolator):
 -- Actual DEM bounds used:
 -- Top Left: 138.158 35.2071
 -- Bottom Right: 139.115 35.1613 
 -- Spacing: 0.000277778 -0.000277778
 -- Dimensions: 3445 166
journal (isce.core.DEMInterpolator):
 -- Actual DEM bounds used:
 -- Top Left: 138.158 35.189
 -- Bottom Right: 139.115 35.1435 
 -- Spacing: 0.000277778 -0.000277778
 -- Dimensions: 3445 165
journal (isce.core.DEMInterpolator):
 -- Actual DEM bounds used:
 -- Top Left: 138.158 35.171
 -- Bottom Right: 139.115 35.1254 
 -- Spacing: 0.000277778 -0.000277778
 -- Dimensions: 3445 165
journal (isce.core.DEMInterpolator):
 -- Actual DEM bounds used:
 -- Top Left: 138.158 35.1529
 -- Bottom Right: 139.115 35.1074 
 -- Spacing: 0.000277778 -0.000277778
 -- Dimensions: 3445 165
journal (isce.core.DEMInterpolator):
 -- Actual DEM bounds used:
 -- Top Left: 138.158 35.1351
 -- Bottom Right: 139.115 35.0893 
 -- Spacing: 0.000277778 -0.000277778
 -- Dimensions: 3445 166
journal (isce.core.DEMInterpolator):
 -- Actual DEM bounds used:
 -- Top Left: 138.158 35.1171
 -- Bottom Right: 139.115 35.0712 
 -- Spacing: 0.000277778 -0.000277778
 -- Dimensions: 3445 166
journal (isce.core.DEMInterpolator):
 -- Actual DEM bounds used:
 -- Top Left: 138.158 35.099
 -- Bottom Right: 139.115 35.0535 
 -- Spacing: 0.000277778 -0.000277778
 -- Dimensions: 3445 165
journal (isce.core.DEMInterpolator):
 -- Actual DEM bounds used:
 -- Top Left: 138.158 35.081
 -- Bottom Right: 139.115 35.0354 
 -- Spacing: 0.000277778 -0.000277778
 -- Dimensions: 3445 165
journal (isce.core.DEMInterpolator):
 -- Actual DEM bounds used:
 -- Top Left: 138.158 35.0629
 -- Bottom Right: 139.115 35.0174 
 -- Spacing: 0.000277778 -0.000277778
 -- Dimensions: 3445 165
journal (isce.core.DEMInterpolator):
 -- Actual DEM bounds used:
 -- Top Left: 138.158 35.0451
 -- Bottom Right: 139.115 34.9993 
 -- Spacing: 0.000277778 -0.000277778
 -- Dimensions: 3445 166
journal (isce.core.DEMInterpolator):
 -- Actual DEM bounds used:
 -- Top Left: 138.158 35.0271
 -- Bottom Right: 139.115 34.9813 
 -- Spacing: 0.000277778 -0.000277778
 -- Dimensions: 3445 166
journal (isce.core.DEMInterpolator):
 -- Actual DEM bounds used:
 -- Top Left: 138.158 35.009
 -- Bottom Right: 139.115 34.9635 
 -- Spacing: 0.000277778 -0.000277778
 -- Dimensions: 3445 165
journal (isce.core.DEMInterpolator):
 -- Actual DEM bounds used:
 -- Top Left: 138.158 34.991
 -- Bottom Right: 139.115 34.9454 
 -- Spacing: 0.000277778 -0.000277778
 -- Dimensions: 3445 165
journal (isce.core.DEMInterpolator):
 -- Actual DEM bounds used:
 -- Top Left: 138.158 34.9729
 -- Bottom Right: 139.115 34.9443 
 -- Spacing: 0.000277778 -0.000277778
 -- Dimensions: 3445 104
journal (isce.core.DEMInterpolator):
 -- Actual DEM bounds used:
 -- Top Left: 139.927 34.9562
 -- Bottom Right: 140.956 34.9107 
 -- Spacing: 0.000277778 -0.000277778
 -- Dimensions: 3704 165
journal (isce.core.DEMInterpolator):
 -- Actual DEM bounds used:
 -- Top Left: 139.927 34.9382
 -- Bottom Right: 140.956 34.8926 
 -- Spacing: 0.000277778 -0.000277778
 -- Dimensions: 3704 165
journal (isce.core.DEMInterpolator):
 -- Actual DEM bounds used:
 -- Top Left: 139.927 34.9204
 -- Bottom Right: 140.956 34.8746 
 -- Spacing: 0.000277778 -0.000277778
 -- Dimensions: 3704 166
journal (isce.core.DEMInterpolator):
 -- Actual DEM bounds used:
 -- Top Left: 139.927 34.9024
 -- Bottom Right: 140.956 34.8565 
 -- Spacing: 0.000277778 -0.000277778
 -- Dimensions: 3704 166
journal (isce.core.DEMInterpolator):
 -- Actual DEM bounds used:
 -- Top Left: 139.927 34.8843
 -- Bottom Right: 140.956 34.8385 
 -- Spacing: 0.000277778 -0.000277778
 -- Dimensions: 3704 166
journal (isce.core.DEMInterpolator):
 -- Actual DEM bounds used:
 -- Top Left: 139.927 34.8663
 -- Bottom Right: 140.956 34.8207 
 -- Spacing: 0.000277778 -0.000277778
 -- Dimensions: 3704 165
journal (isce.core.DEMInterpolator):
 -- Actual DEM bounds used:
 -- Top Left: 139.927 34.8482
 -- Bottom Right: 140.956 34.8026 
 -- Spacing: 0.000277778 -0.000277778
 -- Dimensions: 3704 165
journal (isce.core.DEMInterpolator):
 -- Actual DEM bounds used:
 -- Top Left: 139.927 34.8304
 -- Bottom Right: 140.956 34.7846 
 -- Spacing: 0.000277778 -0.000277778
 -- Dimensions: 3704 166
journal (isce.core.DEMInterpolator):
 -- Actual DEM bounds used:
 -- Top Left: 139.927 34.8124
 -- Bottom Right: 140.956 34.7665 
 -- Spacing: 0.000277778 -0.000277778
 -- Dimensions: 3704 166
journal (isce.core.DEMInterpolator):
 -- Actual DEM bounds used:
 -- Top Left: 139.927 34.7943
 -- Bottom Right: 140.956 34.7485 
 -- Spacing: 0.000277778 -0.000277778
 -- Dimensions: 3704 166
journal (isce.core.DEMInterpolator):
 -- Actual DEM bounds used:
 -- Top Left: 139.927 34.7762
 -- Bottom Right: 140.956 34.7307 
 -- Spacing: 0.000277778 -0.000277778
 -- Dimensions: 3704 165
journal (isce.core.DEMInterpolator):
 -- Actual DEM bounds used:
 -- Top Left: 139.927 34.7582
 -- Bottom Right: 140.956 34.7126 
 -- Spacing: 0.000277778 -0.000277778
 -- Dimensions: 3704 165
journal (isce.core.DEMInterpolator):
 -- Actual DEM bounds used:
 -- Top Left: 139.927 34.7404
 -- Bottom Right: 140.956 34.6946 
 -- Spacing: 0.000277778 -0.000277778
 -- Dimensions: 3704 166
journal (isce.core.DEMInterpolator):
 -- Actual DEM bounds used:
 -- Top Left: 139.927 34.7224
 -- Bottom Right: 140.956 34.6765 
 -- Spacing: 0.000277778 -0.000277778
 -- Dimensions: 3704 166
journal (isce.core.DEMInterpolator):
 -- Actual DEM bounds used:
 -- Top Left: 139.927 34.7043
 -- Bottom Right: 140.956 34.6585 
 -- Spacing: 0.000277778 -0.000277778
 -- Dimensions: 3704 166
journal (isce.core.DEMInterpolator):
 -- Actual DEM bounds used:
 -- Top Left: 139.927 34.6863
 -- Bottom Right: 140.956 34.6407 
 -- Spacing: 0.000277778 -0.000277778
 -- Dimensions: 3704 165
journal (isce.core.DEMInterpolator):
 -- Actual DEM bounds used:
 -- Top Left: 139.927 34.6682
 -- Bottom Right: 140.956 34.6226 
 -- Spacing: 0.000277778 -0.000277778
 -- Dimensions: 3704 165
journal (isce.core.DEMInterpolator):
 -- Actual DEM bounds used:
 -- Top Left: 139.927 34.6504
 -- Bottom Right: 140.956 34.6143 
 -- Spacing: 0.000277778 -0.000277778
 -- Dimensions: 3704 131
journal (isce.core.DEMInterpolator):
 -- Actual DEM bounds used:
 -- Top Left: 138.966 35.0374
 -- Bottom Right: 140.042 34.9918 
 -- Spacing: 0.000277778 -0.000277778
 -- Dimensions: 3874 165
journal (isce.core.DEMInterpolator):
 -- Actual DEM bounds used:
 -- Top Left: 138.966 35.0196
 -- Bottom Right: 140.042 34.9738 
 -- Spacing: 0.000277778 -0.000277778
 -- Dimensions: 3874 166
journal (isce.core.DEMInterpolator):
 -- Actual DEM bounds used:
 -- Top Left: 138.966 35.0015
 -- Bottom Right: 140.042 34.9557 
 -- Spacing: 0.000277778 -0.000277778
 -- Dimensions: 3874 166
journal (isce.core.DEMInterpolator):
 -- Actual DEM bounds used:
 -- Top Left: 138.966 34.9835
 -- Bottom Right: 140.042 34.9379 
 -- Spacing: 0.000277778 -0.000277778
 -- Dimensions: 3874 165
journal (isce.core.DEMInterpolator):
 -- Actual DEM bounds used:
 -- Top Left: 138.966 34.9654
 -- Bottom Right: 140.042 34.9199 
 -- Spacing: 0.000277778 -0.000277778
 -- Dimensions: 3874 165
journal (isce.core.DEMInterpolator):
 -- Actual DEM bounds used:
 -- Top Left: 138.966 34.9474
 -- Bottom Right: 140.042 34.9018 
 -- Spacing: 0.000277778 -0.000277778
 -- Dimensions: 3874 165
journal (isce.core.DEMInterpolator):
 -- Actual DEM bounds used:
 -- Top Left: 138.966 34.9296
 -- Bottom Right: 140.042 34.8837 
 -- Spacing: 0.000277778 -0.000277778
 -- Dimensions: 3874 166
journal (isce.core.DEMInterpolator):
 -- Actual DEM bounds used:
 -- Top Left: 138.966 34.9115
 -- Bottom Right: 140.042 34.8657 
 -- Spacing: 0.000277778 -0.000277778
 -- Dimensions: 3874 166
journal (isce.core.DEMInterpolator):
 -- Actual DEM bounds used:
 -- Top Left: 138.966 34.8935
 -- Bottom Right: 140.042 34.8479 
 -- Spacing: 0.000277778 -0.000277778
 -- Dimensions: 3874 165
journal (isce.core.DEMInterpolator):
 -- Actual DEM bounds used:
 -- Top Left: 138.966 34.8754
 -- Bottom Right: 140.042 34.8299 
 -- Spacing: 0.000277778 -0.000277778
 -- Dimensions: 3874 165
journal (isce.core.DEMInterpolator):
 -- Actual DEM bounds used:
 -- Top Left: 138.966 34.8574
 -- Bottom Right: 140.042 34.8118 
 -- Spacing: 0.000277778 -0.000277778
 -- Dimensions: 3874 165
journal (isce.core.DEMInterpolator):
 -- Actual DEM bounds used:
 -- Top Left: 138.966 34.8396
 -- Bottom Right: 140.042 34.7938 
 -- Spacing: 0.000277778 -0.000277778
 -- Dimensions: 3874 166
journal (isce.core.DEMInterpolator):
 -- Actual DEM bounds used:
 -- Top Left: 138.966 34.8215
 -- Bottom Right: 140.042 34.7757 
 -- Spacing: 0.000277778 -0.000277778
 -- Dimensions: 3874 166
journal (isce.core.DEMInterpolator):
 -- Actual DEM bounds used:
 -- Top Left: 138.966 34.8035
 -- Bottom Right: 140.042 34.7579 
 -- Spacing: 0.000277778 -0.000277778
 -- Dimensions: 3874 165
journal (isce.core.DEMInterpolator):
 -- Actual DEM bounds used:
 -- Top Left: 138.966 34.7854
 -- Bottom Right: 140.042 34.7399 
 -- Spacing: 0.000277778 -0.000277778
 -- Dimensions: 3874 165
journal (isce.core.DEMInterpolator):
 -- Actual DEM bounds used:
 -- Top Left: 138.966 34.7674
 -- Bottom Right: 140.042 34.7218 
 -- Spacing: 0.000277778 -0.000277778
 -- Dimensions: 3874 165
journal (isce.core.DEMInterpolator):
 -- Actual DEM bounds used:
 -- Top Left: 138.966 34.7496
 -- Bottom Right: 140.042 34.7037 
 -- Spacing: 0.000277778 -0.000277778
 -- Dimensions: 3874 166
journal (isce.core.DEMInterpolator):
 -- Actual DEM bounds used:
 -- Top Left: 138.966 34.7315
 -- Bottom Right: 140.042 34.6965 
 -- Spacing: 0.000277778 -0.000277778
 -- Dimensions: 3874 127
journal (isce.core.DEMInterpolator):
 -- Actual DEM bounds used:
 -- Top Left: 138.129 35.0946
 -- Bottom Right: 139.074 35.049 
 -- Spacing: 0.000277778 -0.000277778
 -- Dimensions: 3403 165
journal (isce.core.DEMInterpolator):
 -- Actual DEM bounds used:
 -- Top Left: 138.129 35.0768
 -- Bottom Right: 139.074 35.031 
 -- Spacing: 0.000277778 -0.000277778
 -- Dimensions: 3403 166
journal (isce.core.DEMInterpolator):
 -- Actual DEM bounds used:
 -- Top Left: 138.129 35.0588
 -- Bottom Right: 139.074 35.0129 
 -- Spacing: 0.000277778 -0.000277778
 -- Dimensions: 3403 166
journal (isce.core.DEMInterpolator):
 -- Actual DEM bounds used:
 -- Top Left: 138.129 35.0407
 -- Bottom Right: 139.074 34.9949 
 -- Spacing: 0.000277778 -0.000277778
 -- Dimensions: 3403 166
journal (isce.core.DEMInterpolator):
 -- Actual DEM bounds used:
 -- Top Left: 138.129 35.0226
 -- Bottom Right: 139.074 34.9771 
 -- Spacing: 0.000277778 -0.000277778
 -- Dimensions: 3403 165
journal (isce.core.DEMInterpolator):
 -- Actual DEM bounds used:
 -- Top Left: 138.129 35.0046
 -- Bottom Right: 139.074 34.959 
 -- Spacing: 0.000277778 -0.000277778
 -- Dimensions: 3403 165
journal (isce.core.DEMInterpolator):
 -- Actual DEM bounds used:
 -- Top Left: 138.129 34.9868
 -- Bottom Right: 139.074 34.941 
 -- Spacing: 0.000277778 -0.000277778
 -- Dimensions: 3403 166
journal (isce.core.DEMInterpolator):
 -- Actual DEM bounds used:
 -- Top Left: 138.129 34.9688
 -- Bottom Right: 139.074 34.9229 
 -- Spacing: 0.000277778 -0.000277778
 -- Dimensions: 3403 166
journal (isce.core.DEMInterpolator):
 -- Actual DEM bounds used:
 -- Top Left: 138.129 34.9507
 -- Bottom Right: 139.074 34.9049 
 -- Spacing: 0.000277778 -0.000277778
 -- Dimensions: 3403 166
journal (isce.core.DEMInterpolator):
 -- Actual DEM bounds used:
 -- Top Left: 138.129 34.9326
 -- Bottom Right: 139.074 34.8871 
 -- Spacing: 0.000277778 -0.000277778
 -- Dimensions: 3403 165
journal (isce.core.DEMInterpolator):
 -- Actual DEM bounds used:
 -- Top Left: 138.129 34.9146
 -- Bottom Right: 139.074 34.869 
 -- Spacing: 0.000277778 -0.000277778
 -- Dimensions: 3403 165
journal (isce.core.DEMInterpolator):
 -- Actual DEM bounds used:
 -- Top Left: 138.129 34.8968
 -- Bottom Right: 139.074 34.851 
 -- Spacing: 0.000277778 -0.000277778
 -- Dimensions: 3403 166
journal (isce.core.DEMInterpolator):
 -- Actual DEM bounds used:
 -- Top Left: 138.129 34.8788
 -- Bottom Right: 139.074 34.8329 
 -- Spacing: 0.000277778 -0.000277778
 -- Dimensions: 3403 166
journal (isce.core.DEMInterpolator):
 -- Actual DEM bounds used:
 -- Top Left: 138.129 34.8607
 -- Bottom Right: 139.074 34.8149 
 -- Spacing: 0.000277778 -0.000277778
 -- Dimensions: 3403 166
journal (isce.core.DEMInterpolator):
 -- Actual DEM bounds used:
 -- Top Left: 138.129 34.8426
 -- Bottom Right: 139.074 34.7971 
 -- Spacing: 0.000277778 -0.000277778
 -- Dimensions: 3403 165
journal (isce.core.DEMInterpolator):
 -- Actual DEM bounds used:
 -- Top Left: 138.129 34.8246
 -- Bottom Right: 139.074 34.779 
 -- Spacing: 0.000277778 -0.000277778
 -- Dimensions: 3403 165
journal (isce.core.DEMInterpolator):
 -- Actual DEM bounds used:
 -- Top Left: 138.129 34.8068
 -- Bottom Right: 139.074 34.7776 
 -- Spacing: 0.000277778 -0.000277778
 -- Dimensions: 3403 106
journal (isce.core.DEMInterpolator):
 -- Actual DEM bounds used:
 -- Top Left: 139.89 34.7901
 -- Bottom Right: 140.917 34.7446 
 -- Spacing: 0.000277778 -0.000277778
 -- Dimensions: 3696 165
journal (isce.core.DEMInterpolator):
 -- Actual DEM bounds used:
 -- Top Left: 139.89 34.7721
 -- Bottom Right: 140.917 34.7265 
 -- Spacing: 0.000277778 -0.000277778
 -- Dimensions: 3696 165
journal (isce.core.DEMInterpolator):
 -- Actual DEM bounds used:
 -- Top Left: 139.89 34.754
 -- Bottom Right: 140.917 34.7085 
 -- Spacing: 0.000277778 -0.000277778
 -- Dimensions: 3696 165
journal (isce.core.DEMInterpolator):
 -- Actual DEM bounds used:
 -- Top Left: 139.89 34.7362
 -- Bottom Right: 140.917 34.6904 
 -- Spacing: 0.000277778 -0.000277778
 -- Dimensions: 3696 166
journal (isce.core.DEMInterpolator):
 -- Actual DEM bounds used:
 -- Top Left: 139.89 34.7182
 -- Bottom Right: 140.917 34.6724 
 -- Spacing: 0.000277778 -0.000277778
 -- Dimensions: 3696 166
journal (isce.core.DEMInterpolator):
 -- Actual DEM bounds used:
 -- Top Left: 139.89 34.7001
 -- Bottom Right: 140.917 34.6546 
 -- Spacing: 0.000277778 -0.000277778
 -- Dimensions: 3696 165
journal (isce.core.DEMInterpolator):
 -- Actual DEM bounds used:
 -- Top Left: 139.89 34.6821
 -- Bottom Right: 140.917 34.6365 
 -- Spacing: 0.000277778 -0.000277778
 -- Dimensions: 3696 165
journal (isce.core.DEMInterpolator):
 -- Actual DEM bounds used:
 -- Top Left: 139.89 34.664
 -- Bottom Right: 140.917 34.6185 
 -- Spacing: 0.000277778 -0.000277778
 -- Dimensions: 3696 165
journal (isce.core.DEMInterpolator):
 -- Actual DEM bounds used:
 -- Top Left: 139.89 34.6463
 -- Bottom Right: 140.917 34.6004 
 -- Spacing: 0.000277778 -0.000277778
 -- Dimensions: 3696 166
journal (isce.core.DEMInterpolator):
 -- Actual DEM bounds used:
 -- Top Left: 139.89 34.6282
 -- Bottom Right: 140.917 34.5824 
 -- Spacing: 0.000277778 -0.000277778
 -- Dimensions: 3696 166
journal (isce.core.DEMInterpolator):
 -- Actual DEM bounds used:
 -- Top Left: 139.89 34.6101
 -- Bottom Right: 140.917 34.5646 
 -- Spacing: 0.000277778 -0.000277778
 -- Dimensions: 3696 165
journal (isce.core.DEMInterpolator):
 -- Actual DEM bounds used:
 -- Top Left: 139.89 34.5921
 -- Bottom Right: 140.917 34.5465 
 -- Spacing: 0.000277778 -0.000277778
 -- Dimensions: 3696 165
journal (isce.core.DEMInterpolator):
 -- Actual DEM bounds used:
 -- Top Left: 139.89 34.574
 -- Bottom Right: 140.917 34.5285 
 -- Spacing: 0.000277778 -0.000277778
 -- Dimensions: 3696 165
journal (isce.core.DEMInterpolator):
 -- Actual DEM bounds used:
 -- Top Left: 139.89 34.5562
 -- Bottom Right: 140.917 34.5104 
 -- Spacing: 0.000277778 -0.000277778
 -- Dimensions: 3696 166
journal (isce.core.DEMInterpolator):
 -- Actual DEM bounds used:
 -- Top Left: 139.89 34.5382
 -- Bottom Right: 140.917 34.4924 
 -- Spacing: 0.000277778 -0.000277778
 -- Dimensions: 3696 166
journal (isce.core.DEMInterpolator):
 -- Actual DEM bounds used:
 -- Top Left: 139.89 34.5201
 -- Bottom Right: 140.917 34.4746 
 -- Spacing: 0.000277778 -0.000277778
 -- Dimensions: 3696 165
journal (isce.core.DEMInterpolator):
 -- Actual DEM bounds used:
 -- Top Left: 139.89 34.5021
 -- Bottom Right: 140.917 34.4565 
 -- Spacing: 0.000277778 -0.000277778
 -- Dimensions: 3696 165
journal (isce.core.DEMInterpolator):
 -- Actual DEM bounds used:
 -- Top Left: 139.89 34.484
 -- Bottom Right: 140.917 34.4485 
 -- Spacing: 0.000277778 -0.000277778
 -- Dimensions: 3696 129
journal (isce.core.DEMInterpolator):
 -- Actual DEM bounds used:
 -- Top Left: 138.937 34.8718
 -- Bottom Right: 140.005 34.8263 
 -- Spacing: 0.000277778 -0.000277778
 -- Dimensions: 3844 165
journal (isce.core.DEMInterpolator):
 -- Actual DEM bounds used:
 -- Top Left: 138.937 34.8537
 -- Bottom Right: 140.005 34.8082 
 -- Spacing: 0.000277778 -0.000277778
 -- Dimensions: 3844 165
journal (isce.core.DEMInterpolator):
 -- Actual DEM bounds used:
 -- Top Left: 138.937 34.836
 -- Bottom Right: 140.005 34.7901 
 -- Spacing: 0.000277778 -0.000277778
 -- Dimensions: 3844 166
journal (isce.core.DEMInterpolator):
 -- Actual DEM bounds used:
 -- Top Left: 138.937 34.8179
 -- Bottom Right: 140.005 34.7721 
 -- Spacing: 0.000277778 -0.000277778
 -- Dimensions: 3844 166
journal (isce.core.DEMInterpolator):
 -- Actual DEM bounds used:
 -- Top Left: 138.937 34.7999
 -- Bottom Right: 140.005 34.7543 
 -- Spacing: 0.000277778 -0.000277778
 -- Dimensions: 3844 165
journal (isce.core.DEMInterpolator):
 -- Actual DEM bounds used:
 -- Top Left: 138.937 34.7818
 -- Bottom Right: 140.005 34.7363 
 -- Spacing: 0.000277778 -0.000277778
 -- Dimensions: 3844 165
journal (isce.core.DEMInterpolator):
 -- Actual DEM bounds used:
 -- Top Left: 138.937 34.7638
 -- Bottom Right: 140.005 34.7182 
 -- Spacing: 0.000277778 -0.000277778
 -- Dimensions: 3844 165
journal (isce.core.DEMInterpolator):
 -- Actual DEM bounds used:
 -- Top Left: 138.937 34.746
 -- Bottom Right: 140.005 34.7001 
 -- Spacing: 0.000277778 -0.000277778
 -- Dimensions: 3844 166
journal (isce.core.DEMInterpolator):
 -- Actual DEM bounds used:
 -- Top Left: 138.937 34.7279
 -- Bottom Right: 140.005 34.6821 
 -- Spacing: 0.000277778 -0.000277778
 -- Dimensions: 3844 166
journal (isce.core.DEMInterpolator):
 -- Actual DEM bounds used:
 -- Top Left: 138.937 34.7099
 -- Bottom Right: 140.005 34.6643 
 -- Spacing: 0.000277778 -0.000277778
 -- Dimensions: 3844 165
journal (isce.core.DEMInterpolator):
 -- Actual DEM bounds used:
 -- Top Left: 138.937 34.6918
 -- Bottom Right: 140.005 34.6463 
 -- Spacing: 0.000277778 -0.000277778
 -- Dimensions: 3844 165
journal (isce.core.DEMInterpolator):
 -- Actual DEM bounds used:
 -- Top Left: 138.937 34.6737
 -- Bottom Right: 140.005 34.6282 
 -- Spacing: 0.000277778 -0.000277778
 -- Dimensions: 3844 165
journal (isce.core.DEMInterpolator):
 -- Actual DEM bounds used:
 -- Top Left: 138.937 34.656
 -- Bottom Right: 140.005 34.6101 
 -- Spacing: 0.000277778 -0.000277778
 -- Dimensions: 3844 166
journal (isce.core.DEMInterpolator):
 -- Actual DEM bounds used:
 -- Top Left: 138.937 34.6379
 -- Bottom Right: 140.005 34.5921 
 -- Spacing: 0.000277778 -0.000277778
 -- Dimensions: 3844 166
journal (isce.core.DEMInterpolator):
 -- Actual DEM bounds used:
 -- Top Left: 138.937 34.6199
 -- Bottom Right: 140.005 34.5743 
 -- Spacing: 0.000277778 -0.000277778
 -- Dimensions: 3844 165
journal (isce.core.DEMInterpolator):
 -- Actual DEM bounds used:
 -- Top Left: 138.937 34.6018
 -- Bottom Right: 140.005 34.5563 
 -- Spacing: 0.000277778 -0.000277778
 -- Dimensions: 3844 165
journal (isce.core.DEMInterpolator):
 -- Actual DEM bounds used:
 -- Top Left: 138.937 34.5838
 -- Bottom Right: 140.005 34.5382 
 -- Spacing: 0.000277778 -0.000277778
 -- Dimensions: 3844 165
journal (isce.core.DEMInterpolator):
 -- Actual DEM bounds used:
 -- Top Left: 138.937 34.566
 -- Bottom Right: 140.005 34.5307 
 -- Spacing: 0.000277778 -0.000277778
 -- Dimensions: 3844 128
journal (isce.core.DEMInterpolator):
 -- Actual DEM bounds used:
 -- Top Left: 138.097 34.9285
 -- Bottom Right: 139.045 34.8826 
 -- Spacing: 0.000277778 -0.000277778
 -- Dimensions: 3412 166
journal (isce.core.DEMInterpolator):
 -- Actual DEM bounds used:
 -- Top Left: 138.097 34.9104
 -- Bottom Right: 139.045 34.8646 
 -- Spacing: 0.000277778 -0.000277778
 -- Dimensions: 3412 166
journal (isce.core.DEMInterpolator):
 -- Actual DEM bounds used:
 -- Top Left: 138.097 34.8924
 -- Bottom Right: 139.045 34.8468 
 -- Spacing: 0.000277778 -0.000277778
 -- Dimensions: 3412 165
journal (isce.core.DEMInterpolator):
 -- Actual DEM bounds used:
 -- Top Left: 138.097 34.8743
 -- Bottom Right: 139.045 34.8288 
 -- Spacing: 0.000277778 -0.000277778
 -- Dimensions: 3412 165
journal (isce.core.DEMInterpolator):
 -- Actual DEM bounds used:
 -- Top Left: 138.097 34.8563
 -- Bottom Right: 139.045 34.8107 
 -- Spacing: 0.000277778 -0.000277778
 -- Dimensions: 3412 165
journal (isce.core.DEMInterpolator):
 -- Actual DEM bounds used:
 -- Top Left: 138.097 34.8385
 -- Bottom Right: 139.045 34.7926 
 -- Spacing: 0.000277778 -0.000277778
 -- Dimensions: 3412 166
journal (isce.core.DEMInterpolator):
 -- Actual DEM bounds used:
 -- Top Left: 138.097 34.8204
 -- Bottom Right: 139.045 34.7746 
 -- Spacing: 0.000277778 -0.000277778
 -- Dimensions: 3412 166
journal (isce.core.DEMInterpolator):
 -- Actual DEM bounds used:
 -- Top Left: 138.097 34.8024
 -- Bottom Right: 139.045 34.7568 
 -- Spacing: 0.000277778 -0.000277778
 -- Dimensions: 3412 165
journal (isce.core.DEMInterpolator):
 -- Actual DEM bounds used:
 -- Top Left: 138.097 34.7843
 -- Bottom Right: 139.045 34.7388 
 -- Spacing: 0.000277778 -0.000277778
 -- Dimensions: 3412 165
journal (isce.core.DEMInterpolator):
 -- Actual DEM bounds used:
 -- Top Left: 138.097 34.7662
 -- Bottom Right: 139.045 34.7207 
 -- Spacing: 0.000277778 -0.000277778
 -- Dimensions: 3412 165
journal (isce.core.DEMInterpolator):
 -- Actual DEM bounds used:
 -- Top Left: 138.097 34.7485
 -- Bottom Right: 139.045 34.7026 
 -- Spacing: 0.000277778 -0.000277778
 -- Dimensions: 3412 166
journal (isce.core.DEMInterpolator):
 -- Actual DEM bounds used:
 -- Top Left: 138.097 34.7304
 -- Bottom Right: 139.045 34.6846 
 -- Spacing: 0.000277778 -0.000277778
 -- Dimensions: 3412 166
journal (isce.core.DEMInterpolator):
 -- Actual DEM bounds used:
 -- Top Left: 138.097 34.7124
 -- Bottom Right: 139.045 34.6668 
 -- Spacing: 0.000277778 -0.000277778
 -- Dimensions: 3412 165
journal (isce.core.DEMInterpolator):
 -- Actual DEM bounds used:
 -- Top Left: 138.097 34.6943
 -- Bottom Right: 139.045 34.6488 
 -- Spacing: 0.000277778 -0.000277778
 -- Dimensions: 3412 165
journal (isce.core.DEMInterpolator):
 -- Actual DEM bounds used:
 -- Top Left: 138.097 34.6763
 -- Bottom Right: 139.045 34.6307 
 -- Spacing: 0.000277778 -0.000277778
 -- Dimensions: 3412 165
journal (isce.core.DEMInterpolator):
 -- Actual DEM bounds used:
 -- Top Left: 138.097 34.6585
 -- Bottom Right: 139.045 34.6126 
 -- Spacing: 0.000277778 -0.000277778
 -- Dimensions: 3412 166
journal (isce.core.DEMInterpolator):
 -- Actual DEM bounds used:
 -- Top Left: 138.097 34.6404
 -- Bottom Right: 139.045 34.6118 
 -- Spacing: 0.000277778 -0.000277778
 -- Dimensions: 3412 104
journal (isce.core.DEMInterpolator):
 -- Actual DEM bounds used:
 -- Top Left: 139.853 34.6243
 -- Bottom Right: 140.878 34.5785 
 -- Spacing: 0.000277778 -0.000277778
 -- Dimensions: 3689 166
journal (isce.core.DEMInterpolator):
 -- Actual DEM bounds used:
 -- Top Left: 139.853 34.6063
 -- Bottom Right: 140.878 34.5604 
 -- Spacing: 0.000277778 -0.000277778
 -- Dimensions: 3689 166
journal (isce.core.DEMInterpolator):
 -- Actual DEM bounds used:
 -- Top Left: 139.853 34.5882
 -- Bottom Right: 140.878 34.5426 
 -- Spacing: 0.000277778 -0.000277778
 -- Dimensions: 3689 165
journal (isce.core.DEMInterpolator):
 -- Actual DEM bounds used:
 -- Top Left: 139.853 34.5701
 -- Bottom Right: 140.878 34.5246 
 -- Spacing: 0.000277778 -0.000277778
 -- Dimensions: 3689 165
journal (isce.core.DEMInterpolator):
 -- Actual DEM bounds used:
 -- Top Left: 139.853 34.5521
 -- Bottom Right: 140.878 34.5065 
 -- Spacing: 0.000277778 -0.000277778
 -- Dimensions: 3689 165
journal (isce.core.DEMInterpolator):
 -- Actual DEM bounds used:
 -- Top Left: 139.853 34.5343
 -- Bottom Right: 140.878 34.4885 
 -- Spacing: 0.000277778 -0.000277778
 -- Dimensions: 3689 166
journal (isce.core.DEMInterpolator):
 -- Actual DEM bounds used:
 -- Top Left: 139.853 34.5162
 -- Bottom Right: 140.878 34.4704 
 -- Spacing: 0.000277778 -0.000277778
 -- Dimensions: 3689 166
journal (isce.core.DEMInterpolator):
 -- Actual DEM bounds used:
 -- Top Left: 139.853 34.4982
 -- Bottom Right: 140.878 34.4526 
 -- Spacing: 0.000277778 -0.000277778
 -- Dimensions: 3689 165
journal (isce.core.DEMInterpolator):
 -- Actual DEM bounds used:
 -- Top Left: 139.853 34.4801
 -- Bottom Right: 140.878 34.4346 
 -- Spacing: 0.000277778 -0.000277778
 -- Dimensions: 3689 165
journal (isce.core.DEMInterpolator):
 -- Actual DEM bounds used:
 -- Top Left: 139.853 34.4621
 -- Bottom Right: 140.878 34.4165 
 -- Spacing: 0.000277778 -0.000277778
 -- Dimensions: 3689 165
journal (isce.core.DEMInterpolator):
 -- Actual DEM bounds used:
 -- Top Left: 139.853 34.4443
 -- Bottom Right: 140.878 34.3985 
 -- Spacing: 0.000277778 -0.000277778
 -- Dimensions: 3689 166
journal (isce.core.DEMInterpolator):
 -- Actual DEM bounds used:
 -- Top Left: 139.853 34.4263
 -- Bottom Right: 140.878 34.3804 
 -- Spacing: 0.000277778 -0.000277778
 -- Dimensions: 3689 166
journal (isce.core.DEMInterpolator):
 -- Actual DEM bounds used:
 -- Top Left: 139.853 34.4082
 -- Bottom Right: 140.878 34.3626 
 -- Spacing: 0.000277778 -0.000277778
 -- Dimensions: 3689 165
journal (isce.core.DEMInterpolator):
 -- Actual DEM bounds used:
 -- Top Left: 139.853 34.3901
 -- Bottom Right: 140.878 34.3446 
 -- Spacing: 0.000277778 -0.000277778
 -- Dimensions: 3689 165
journal (isce.core.DEMInterpolator):
 -- Actual DEM bounds used:
 -- Top Left: 139.853 34.3721
 -- Bottom Right: 140.878 34.3265 
 -- Spacing: 0.000277778 -0.000277778
 -- Dimensions: 3689 165
journal (isce.core.DEMInterpolator):
 -- Actual DEM bounds used:
 -- Top Left: 139.853 34.3543
 -- Bottom Right: 140.878 34.3085 
 -- Spacing: 0.000277778 -0.000277778
 -- Dimensions: 3689 166
journal (isce.core.DEMInterpolator):
 -- Actual DEM bounds used:
 -- Top Left: 139.853 34.3362
 -- Bottom Right: 140.878 34.2904 
 -- Spacing: 0.000277778 -0.000277778
 -- Dimensions: 3689 166
journal (isce.core.DEMInterpolator):
 -- Actual DEM bounds used:
 -- Top Left: 139.853 34.3182
 -- Bottom Right: 140.878 34.2824 
 -- Spacing: 0.000277778 -0.000277778
 -- Dimensions: 3689 130
journal (isce.core.DEMInterpolator):
 -- Actual DEM bounds used:
 -- Top Left: 138.904 34.7051
 -- Bottom Right: 139.968 34.6596 
 -- Spacing: 0.000277778 -0.000277778
 -- Dimensions: 3831 165
journal (isce.core.DEMInterpolator):
 -- Actual DEM bounds used:
 -- Top Left: 138.904 34.6874
 -- Bottom Right: 139.968 34.6415 
 -- Spacing: 0.000277778 -0.000277778
 -- Dimensions: 3831 166
journal (isce.core.DEMInterpolator):
 -- Actual DEM bounds used:
 -- Top Left: 138.904 34.6693
 -- Bottom Right: 139.968 34.6235 
 -- Spacing: 0.000277778 -0.000277778
 -- Dimensions: 3831 166
journal (isce.core.DEMInterpolator):
 -- Actual DEM bounds used:
 -- Top Left: 138.904 34.6512
 -- Bottom Right: 139.968 34.6057 
 -- Spacing: 0.000277778 -0.000277778
 -- Dimensions: 3831 165
journal (isce.core.DEMInterpolator):
 -- Actual DEM bounds used:
 -- Top Left: 138.904 34.6332
 -- Bottom Right: 139.968 34.5876 
 -- Spacing: 0.000277778 -0.000277778
 -- Dimensions: 3831 165
journal (isce.core.DEMInterpolator):
 -- Actual DEM bounds used:
 -- Top Left: 138.904 34.6151
 -- Bottom Right: 139.968 34.5696 
 -- Spacing: 0.000277778 -0.000277778
 -- Dimensions: 3831 165
journal (isce.core.DEMInterpolator):
 -- Actual DEM bounds used:
 -- Top Left: 138.904 34.5974
 -- Bottom Right: 139.968 34.5515 
 -- Spacing: 0.000277778 -0.000277778
 -- Dimensions: 3831 166
journal (isce.core.DEMInterpolator):
 -- Actual DEM bounds used:
 -- Top Left: 138.904 34.5793
 -- Bottom Right: 139.968 34.5335 
 -- Spacing: 0.000277778 -0.000277778
 -- Dimensions: 3831 166
journal (isce.core.DEMInterpolator):
 -- Actual DEM bounds used:
 -- Top Left: 138.904 34.5613
 -- Bottom Right: 139.968 34.5157 
 -- Spacing: 0.000277778 -0.000277778
 -- Dimensions: 3831 165
journal (isce.core.DEMInterpolator):
 -- Actual DEM bounds used:
 -- Top Left: 138.904 34.5432
 -- Bottom Right: 139.968 34.4976 
 -- Spacing: 0.000277778 -0.000277778
 -- Dimensions: 3831 165
journal (isce.core.DEMInterpolator):
 -- Actual DEM bounds used:
 -- Top Left: 138.904 34.5251
 -- Bottom Right: 139.968 34.4796 
 -- Spacing: 0.000277778 -0.000277778
 -- Dimensions: 3831 165
journal (isce.core.DEMInterpolator):
 -- Actual DEM bounds used:
 -- Top Left: 138.904 34.5074
 -- Bottom Right: 139.968 34.4615 
 -- Spacing: 0.000277778 -0.000277778
 -- Dimensions: 3831 166
journal (isce.core.DEMInterpolator):
 -- Actual DEM bounds used:
 -- Top Left: 138.904 34.4893
 -- Bottom Right: 139.968 34.4435 
 -- Spacing: 0.000277778 -0.000277778
 -- Dimensions: 3831 166
journal (isce.core.DEMInterpolator):
 -- Actual DEM bounds used:
 -- Top Left: 138.904 34.4712
 -- Bottom Right: 139.968 34.4257 
 -- Spacing: 0.000277778 -0.000277778
 -- Dimensions: 3831 165
journal (isce.core.DEMInterpolator):
 -- Actual DEM bounds used:
 -- Top Left: 138.904 34.4532
 -- Bottom Right: 139.968 34.4076 
 -- Spacing: 0.000277778 -0.000277778
 -- Dimensions: 3831 165
journal (isce.core.DEMInterpolator):
 -- Actual DEM bounds used:
 -- Top Left: 138.904 34.4351
 -- Bottom Right: 139.968 34.3896 
 -- Spacing: 0.000277778 -0.000277778
 -- Dimensions: 3831 165
journal (isce.core.DEMInterpolator):
 -- Actual DEM bounds used:
 -- Top Left: 138.904 34.4174
 -- Bottom Right: 139.968 34.3715 
 -- Spacing: 0.000277778 -0.000277778
 -- Dimensions: 3831 166
journal (isce.core.DEMInterpolator):
 -- Actual DEM bounds used:
 -- Top Left: 138.904 34.3993
 -- Bottom Right: 139.968 34.3649 
 -- Spacing: 0.000277778 -0.000277778
 -- Dimensions: 3831 125
journal (isce.core.DEMInterpolator):
 -- Actual DEM bounds used:
 -- Top Left: 138.06 34.7624
 -- Bottom Right: 139.01 34.7165 
 -- Spacing: 0.000277778 -0.000277778
 -- Dimensions: 3418 166
journal (isce.core.DEMInterpolator):
 -- Actual DEM bounds used:
 -- Top Left: 138.06 34.7443
 -- Bottom Right: 139.01 34.6988 
 -- Spacing: 0.000277778 -0.000277778
 -- Dimensions: 3418 165
journal (isce.core.DEMInterpolator):
 -- Actual DEM bounds used:
 -- Top Left: 138.06 34.7263
 -- Bottom Right: 139.01 34.6807 
 -- Spacing: 0.000277778 -0.000277778
 -- Dimensions: 3418 165
journal (isce.core.DEMInterpolator):
 -- Actual DEM bounds used:
 -- Top Left: 138.06 34.7082
 -- Bottom Right: 139.01 34.6626 
 -- Spacing: 0.000277778 -0.000277778
 -- Dimensions: 3418 165
journal (isce.core.DEMInterpolator):
 -- Actual DEM bounds used:
 -- Top Left: 138.06 34.6904
 -- Bottom Right: 139.01 34.6446 
 -- Spacing: 0.000277778 -0.000277778
 -- Dimensions: 3418 166
journal (isce.core.DEMInterpolator):
 -- Actual DEM bounds used:
 -- Top Left: 138.06 34.6724
 -- Bottom Right: 139.01 34.6265 
 -- Spacing: 0.000277778 -0.000277778
 -- Dimensions: 3418 166
journal (isce.core.DEMInterpolator):
 -- Actual DEM bounds used:
 -- Top Left: 138.06 34.6543
 -- Bottom Right: 139.01 34.6088 
 -- Spacing: 0.000277778 -0.000277778
 -- Dimensions: 3418 165
journal (isce.core.DEMInterpolator):
 -- Actual DEM bounds used:
 -- Top Left: 138.06 34.6363
 -- Bottom Right: 139.01 34.5907 
 -- Spacing: 0.000277778 -0.000277778
 -- Dimensions: 3418 165
journal (isce.core.DEMInterpolator):
 -- Actual DEM bounds used:
 -- Top Left: 138.06 34.6182
 -- Bottom Right: 139.01 34.5726 
 -- Spacing: 0.000277778 -0.000277778
 -- Dimensions: 3418 165
journal (isce.core.DEMInterpolator):
 -- Actual DEM bounds used:
 -- Top Left: 138.06 34.6004
 -- Bottom Right: 139.01 34.5546 
 -- Spacing: 0.000277778 -0.000277778
 -- Dimensions: 3418 166
journal (isce.core.DEMInterpolator):
 -- Actual DEM bounds used:
 -- Top Left: 138.06 34.5824
 -- Bottom Right: 139.01 34.5365 
 -- Spacing: 0.000277778 -0.000277778
 -- Dimensions: 3418 166
journal (isce.core.DEMInterpolator):
 -- Actual DEM bounds used:
 -- Top Left: 138.06 34.5643
 -- Bottom Right: 139.01 34.5188 
 -- Spacing: 0.000277778 -0.000277778
 -- Dimensions: 3418 165
journal (isce.core.DEMInterpolator):
 -- Actual DEM bounds used:
 -- Top Left: 138.06 34.5463
 -- Bottom Right: 139.01 34.5007 
 -- Spacing: 0.000277778 -0.000277778
 -- Dimensions: 3418 165
journal (isce.core.DEMInterpolator):
 -- Actual DEM bounds used:
 -- Top Left: 138.06 34.5282
 -- Bottom Right: 139.01 34.4826 
 -- Spacing: 0.000277778 -0.000277778
 -- Dimensions: 3418 165
journal (isce.core.DEMInterpolator):
 -- Actual DEM bounds used:
 -- Top Left: 138.06 34.5104
 -- Bottom Right: 139.01 34.4646 
 -- Spacing: 0.000277778 -0.000277778
 -- Dimensions: 3418 166
journal (isce.core.DEMInterpolator):
 -- Actual DEM bounds used:
 -- Top Left: 138.06 34.4924
 -- Bottom Right: 139.01 34.4465 
 -- Spacing: 0.000277778 -0.000277778
 -- Dimensions: 3418 166
journal (isce.core.DEMInterpolator):
 -- Actual DEM bounds used:
 -- Top Left: 138.06 34.4743
 -- Bottom Right: 139.01 34.4288 
 -- Spacing: 0.000277778 -0.000277778
 -- Dimensions: 3418 165
journal (isce.core.DEMInterpolator):
 -- Actual DEM bounds used:
 -- Top Left: 138.06 34.4562
 -- Bottom Right: 139.01 34.4243 
 -- Spacing: 0.000277778 -0.000277778
 -- Dimensions: 3418 116
journal (isce.core.DEMInterpolator):
 -- Actual DEM bounds used:
 -- Top Left: 139.812 34.4582
 -- Bottom Right: 140.839 34.4126 
 -- Spacing: 0.000277778 -0.000277778
 -- Dimensions: 3697 165
journal (isce.core.DEMInterpolator):
 -- Actual DEM bounds used:
 -- Top Left: 139.812 34.4404
 -- Bottom Right: 140.839 34.3946 
 -- Spacing: 0.000277778 -0.000277778
 -- Dimensions: 3697 166
journal (isce.core.DEMInterpolator):
 -- Actual DEM bounds used:
 -- Top Left: 139.812 34.4224
 -- Bottom Right: 140.839 34.3765 
 -- Spacing: 0.000277778 -0.000277778
 -- Dimensions: 3697 166
journal (isce.core.DEMInterpolator):
 -- Actual DEM bounds used:
 -- Top Left: 139.812 34.4043
 -- Bottom Right: 140.839 34.3585 
 -- Spacing: 0.000277778 -0.000277778
 -- Dimensions: 3697 166
journal (isce.core.DEMInterpolator):
 -- Actual DEM bounds used:
 -- Top Left: 139.812 34.3863
 -- Bottom Right: 140.839 34.3407 
 -- Spacing: 0.000277778 -0.000277778
 -- Dimensions: 3697 165
journal (isce.core.DEMInterpolator):
 -- Actual DEM bounds used:
 -- Top Left: 139.812 34.3682
 -- Bottom Right: 140.839 34.3226 
 -- Spacing: 0.000277778 -0.000277778
 -- Dimensions: 3697 165
journal (isce.core.DEMInterpolator):
 -- Actual DEM bounds used:
 -- Top Left: 139.812 34.3504
 -- Bottom Right: 140.839 34.3046 
 -- Spacing: 0.000277778 -0.000277778
 -- Dimensions: 3697 166
journal (isce.core.DEMInterpolator):
 -- Actual DEM bounds used:
 -- Top Left: 139.812 34.3324
 -- Bottom Right: 140.839 34.2865 
 -- Spacing: 0.000277778 -0.000277778
 -- Dimensions: 3697 166
journal (isce.core.DEMInterpolator):
 -- Actual DEM bounds used:
 -- Top Left: 139.812 34.3143
 -- Bottom Right: 140.839 34.2685 
 -- Spacing: 0.000277778 -0.000277778
 -- Dimensions: 3697 166
journal (isce.core.DEMInterpolator):
 -- Actual DEM bounds used:
 -- Top Left: 139.812 34.2963
 -- Bottom Right: 140.839 34.2507 
 -- Spacing: 0.000277778 -0.000277778
 -- Dimensions: 3697 165
journal (isce.core.DEMInterpolator):
 -- Actual DEM bounds used:
 -- Top Left: 139.812 34.2782
 -- Bottom Right: 140.839 34.2326 
 -- Spacing: 0.000277778 -0.000277778
 -- Dimensions: 3697 165
journal (isce.core.DEMInterpolator):
 -- Actual DEM bounds used:
 -- Top Left: 139.812 34.2604
 -- Bottom Right: 140.839 34.2146 
 -- Spacing: 0.000277778 -0.000277778
 -- Dimensions: 3697 166
journal (isce.core.DEMInterpolator):
 -- Actual DEM bounds used:
 -- Top Left: 139.812 34.2424
 -- Bottom Right: 140.839 34.1965 
 -- Spacing: 0.000277778 -0.000277778
 -- Dimensions: 3697 166
journal (isce.core.DEMInterpolator):
 -- Actual DEM bounds used:
 -- Top Left: 139.812 34.2243
 -- Bottom Right: 140.839 34.1785 
 -- Spacing: 0.000277778 -0.000277778
 -- Dimensions: 3697 166
journal (isce.core.DEMInterpolator):
 -- Actual DEM bounds used:
 -- Top Left: 139.812 34.2062
 -- Bottom Right: 140.839 34.1607 
 -- Spacing: 0.000277778 -0.000277778
 -- Dimensions: 3697 165
journal (isce.core.DEMInterpolator):
 -- Actual DEM bounds used:
 -- Top Left: 139.812 34.1882
 -- Bottom Right: 140.839 34.1426 
 -- Spacing: 0.000277778 -0.000277778
 -- Dimensions: 3697 165
journal (isce.core.DEMInterpolator):
 -- Actual DEM bounds used:
 -- Top Left: 139.812 34.1704
 -- Bottom Right: 140.839 34.1246 
 -- Spacing: 0.000277778 -0.000277778
 -- Dimensions: 3697 166
journal (isce.core.DEMInterpolator):
 -- Actual DEM bounds used:
 -- Top Left: 139.812 34.1524
 -- Bottom Right: 140.839 34.1065 
 -- Spacing: 0.000277778 -0.000277778
 -- Dimensions: 3697 166
journal (isce.core.DEMInterpolator):
 -- Actual DEM bounds used:
 -- Top Left: 139.812 34.1343
 -- Bottom Right: 140.839 34.0971 
 -- Spacing: 0.000277778 -0.000277778
 -- Dimensions: 3697 135
journal (isce.core.DEMInterpolator):
 -- Actual DEM bounds used:
 -- Top Left: 138.865 34.5393
 -- Bottom Right: 139.931 34.4935 
 -- Spacing: 0.000277778 -0.000277778
 -- Dimensions: 3840 166
journal (isce.core.DEMInterpolator):
 -- Actual DEM bounds used:
 -- Top Left: 138.865 34.5213
 -- Bottom Right: 139.931 34.4754 
 -- Spacing: 0.000277778 -0.000277778
 -- Dimensions: 3840 166
journal (isce.core.DEMInterpolator):
 -- Actual DEM bounds used:
 -- Top Left: 138.865 34.5032
 -- Bottom Right: 139.931 34.4576 
 -- Spacing: 0.000277778 -0.000277778
 -- Dimensions: 3840 165
journal (isce.core.DEMInterpolator):
 -- Actual DEM bounds used:
 -- Top Left: 138.865 34.4851
 -- Bottom Right: 139.931 34.4396 
 -- Spacing: 0.000277778 -0.000277778
 -- Dimensions: 3840 165
journal (isce.core.DEMInterpolator):
 -- Actual DEM bounds used:
 -- Top Left: 138.865 34.4671
 -- Bottom Right: 139.931 34.4215 
 -- Spacing: 0.000277778 -0.000277778
 -- Dimensions: 3840 165
journal (isce.core.DEMInterpolator):
 -- Actual DEM bounds used:
 -- Top Left: 138.865 34.4493
 -- Bottom Right: 139.931 34.4035 
 -- Spacing: 0.000277778 -0.000277778
 -- Dimensions: 3840 166
journal (isce.core.DEMInterpolator):
 -- Actual DEM bounds used:
 -- Top Left: 138.865 34.4312
 -- Bottom Right: 139.931 34.3854 
 -- Spacing: 0.000277778 -0.000277778
 -- Dimensions: 3840 166
journal (isce.core.DEMInterpolator):
 -- Actual DEM bounds used:
 -- Top Left: 138.865 34.4132
 -- Bottom Right: 139.931 34.3676 
 -- Spacing: 0.000277778 -0.000277778
 -- Dimensions: 3840 165
journal (isce.core.DEMInterpolator):
 -- Actual DEM bounds used:
 -- Top Left: 138.865 34.3951
 -- Bottom Right: 139.931 34.3496 
 -- Spacing: 0.000277778 -0.000277778
 -- Dimensions: 3840 165
journal (isce.core.DEMInterpolator):
 -- Actual DEM bounds used:
 -- Top Left: 138.865 34.3771
 -- Bottom Right: 139.931 34.3315 
 -- Spacing: 0.000277778 -0.000277778
 -- Dimensions: 3840 165
journal (isce.core.DEMInterpolator):
 -- Actual DEM bounds used:
 -- Top Left: 138.865 34.3593
 -- Bottom Right: 139.931 34.3135 
 -- Spacing: 0.000277778 -0.000277778
 -- Dimensions: 3840 166
journal (isce.core.DEMInterpolator):
 -- Actual DEM bounds used:
 -- Top Left: 138.865 34.3413
 -- Bottom Right: 139.931 34.2954 
 -- Spacing: 0.000277778 -0.000277778
 -- Dimensions: 3840 166
journal (isce.core.DEMInterpolator):
 -- Actual DEM bounds used:
 -- Top Left: 138.865 34.3232
 -- Bottom Right: 139.931 34.2776 
 -- Spacing: 0.000277778 -0.000277778
 -- Dimensions: 3840 165
journal (isce.core.DEMInterpolator):
 -- Actual DEM bounds used:
 -- Top Left: 138.865 34.3051
 -- Bottom Right: 139.931 34.2596 
 -- Spacing: 0.000277778 -0.000277778
 -- Dimensions: 3840 165
journal (isce.core.DEMInterpolator):
 -- Actual DEM bounds used:
 -- Top Left: 138.865 34.2871
 -- Bottom Right: 139.931 34.2415 
 -- Spacing: 0.000277778 -0.000277778
 -- Dimensions: 3840 165
journal (isce.core.DEMInterpolator):
 -- Actual DEM bounds used:
 -- Top Left: 138.865 34.2693
 -- Bottom Right: 139.931 34.2235 
 -- Spacing: 0.000277778 -0.000277778
 -- Dimensions: 3840 166
journal (isce.core.DEMInterpolator):
 -- Actual DEM bounds used:
 -- Top Left: 138.865 34.2512
 -- Bottom Right: 139.931 34.2054 
 -- Spacing: 0.000277778 -0.000277778
 -- Dimensions: 3840 166
journal (isce.core.DEMInterpolator):
 -- Actual DEM bounds used:
 -- Top Left: 138.865 34.2332
 -- Bottom Right: 139.931 34.1876 
 -- Spacing: 0.000277778 -0.000277778
 -- Dimensions: 3840 165
journal (isce.core.DEMInterpolator):
 -- Actual DEM bounds used:
 -- Top Left: 138.865 34.2151
 -- Bottom Right: 139.931 34.1779 
 -- Spacing: 0.000277778 -0.000277778
 -- Dimensions: 3840 135
journal (isce.core.DEMInterpolator):
 -- Actual DEM bounds used:
 -- Top Left: 138.32 36.0913
 -- Bottom Right: 139.29 36.0454 
 -- Spacing: 0.000277778 -0.000277778
 -- Dimensions: 3493 166
journal (isce.core.DEMInterpolator):
 -- Actual DEM bounds used:
 -- Top Left: 138.32 36.0732
 -- Bottom Right: 139.29 36.0274 
 -- Spacing: 0.000277778 -0.000277778
 -- Dimensions: 3493 166
journal (isce.core.DEMInterpolator):
 -- Actual DEM bounds used:
 -- Top Left: 138.32 36.0551
 -- Bottom Right: 139.29 36.0096 
 -- Spacing: 0.000277778 -0.000277778
 -- Dimensions: 3493 165
journal (isce.core.DEMInterpolator):
 -- Actual DEM bounds used:
 -- Top Left: 138.32 36.0371
 -- Bottom Right: 139.29 35.9915 
 -- Spacing: 0.000277778 -0.000277778
 -- Dimensions: 3493 165
journal (isce.core.DEMInterpolator):
 -- Actual DEM bounds used:
 -- Top Left: 138.32 36.019
 -- Bottom Right: 139.29 35.9735 
 -- Spacing: 0.000277778 -0.000277778
 -- Dimensions: 3493 165
journal (isce.core.DEMInterpolator):
 -- Actual DEM bounds used:
 -- Top Left: 138.32 36.0012
 -- Bottom Right: 139.29 35.9554 
 -- Spacing: 0.000277778 -0.000277778
 -- Dimensions: 3493 166
journal (isce.core.DEMInterpolator):
 -- Actual DEM bounds used:
 -- Top Left: 138.32 35.9832
 -- Bottom Right: 139.29 35.9374 
 -- Spacing: 0.000277778 -0.000277778
 -- Dimensions: 3493 166
journal (isce.core.DEMInterpolator):
 -- Actual DEM bounds used:
 -- Top Left: 138.32 35.9651
 -- Bottom Right: 139.29 35.9196 
 -- Spacing: 0.000277778 -0.000277778
 -- Dimensions: 3493 165
journal (isce.core.DEMInterpolator):
 -- Actual DEM bounds used:
 -- Top Left: 138.32 35.9471
 -- Bottom Right: 139.29 35.9015 
 -- Spacing: 0.000277778 -0.000277778
 -- Dimensions: 3493 165
journal (isce.core.DEMInterpolator):
 -- Actual DEM bounds used:
 -- Top Left: 138.32 35.929
 -- Bottom Right: 139.29 35.8835 
 -- Spacing: 0.000277778 -0.000277778
 -- Dimensions: 3493 165
journal (isce.core.DEMInterpolator):
 -- Actual DEM bounds used:
 -- Top Left: 138.32 35.9113
 -- Bottom Right: 139.29 35.8654 
 -- Spacing: 0.000277778 -0.000277778
 -- Dimensions: 3493 166
journal (isce.core.DEMInterpolator):
 -- Actual DEM bounds used:
 -- Top Left: 138.32 35.8932
 -- Bottom Right: 139.29 35.8474 
 -- Spacing: 0.000277778 -0.000277778
 -- Dimensions: 3493 166
journal (isce.core.DEMInterpolator):
 -- Actual DEM bounds used:
 -- Top Left: 138.32 35.8751
 -- Bottom Right: 139.29 35.8296 
 -- Spacing: 0.000277778 -0.000277778
 -- Dimensions: 3493 165
journal (isce.core.DEMInterpolator):
 -- Actual DEM bounds used:
 -- Top Left: 138.32 35.8571
 -- Bottom Right: 139.29 35.8115 
 -- Spacing: 0.000277778 -0.000277778
 -- Dimensions: 3493 165
journal (isce.core.DEMInterpolator):
 -- Actual DEM bounds used:
 -- Top Left: 138.32 35.839
 -- Bottom Right: 139.29 35.7935 
 -- Spacing: 0.000277778 -0.000277778
 -- Dimensions: 3493 165
journal (isce.core.DEMInterpolator):
 -- Actual DEM bounds used:
 -- Top Left: 138.32 35.8212
 -- Bottom Right: 139.29 35.7754 
 -- Spacing: 0.000277778 -0.000277778
 -- Dimensions: 3493 166
journal (isce.core.DEMInterpolator):
 -- Actual DEM bounds used:
 -- Top Left: 138.32 35.8032
 -- Bottom Right: 139.29 35.7732 
 -- Spacing: 0.000277778 -0.000277778
 -- Dimensions: 3493 109
journal (isce.core.Geometry):
 -- East limit may be insufficient for global height range
journal (isce.core.DEMInterpolator):
 -- Actual DEM bounds used:
 -- Top Left: 140.113 35.7863
 -- Bottom Right: 141 35.7404 
 -- Spacing: 0.000277778 -0.000277778
 -- Dimensions: 3195 166
journal (isce.core.Geometry):
 -- East limit may be insufficient for global height range
journal (isce.core.DEMInterpolator):
 -- Actual DEM bounds used:
 -- Top Left: 140.113 35.7682
 -- Bottom Right: 141 35.7224 
 -- Spacing: 0.000277778 -0.000277778
 -- Dimensions: 3195 166
journal (isce.core.Geometry):
 -- East limit may be insufficient for global height range
journal (isce.core.DEMInterpolator):
 -- Actual DEM bounds used:
 -- Top Left: 140.113 35.7501
 -- Bottom Right: 141 35.7046 
 -- Spacing: 0.000277778 -0.000277778
 -- Dimensions: 3195 165
journal (isce.core.Geometry):
 -- East limit may be insufficient for global height range
journal (isce.core.DEMInterpolator):
 -- Actual DEM bounds used:
 -- Top Left: 140.113 35.7321
 -- Bottom Right: 141 35.6865 
 -- Spacing: 0.000277778 -0.000277778
 -- Dimensions: 3195 165
journal (isce.core.Geometry):
 -- East limit may be insufficient for global height range
journal (isce.core.DEMInterpolator):
 -- Actual DEM bounds used:
 -- Top Left: 140.113 35.714
 -- Bottom Right: 141 35.6685 
 -- Spacing: 0.000277778 -0.000277778
 -- Dimensions: 3195 165
journal (isce.core.Geometry):
 -- East limit may be insufficient for global height range
journal (isce.core.DEMInterpolator):
 -- Actual DEM bounds used:
 -- Top Left: 140.113 35.6962
 -- Bottom Right: 141 35.6504 
 -- Spacing: 0.000277778 -0.000277778
 -- Dimensions: 3195 166
journal (isce.core.Geometry):
 -- East limit may be insufficient for global height range
journal (isce.core.DEMInterpolator):
 -- Actual DEM bounds used:
 -- Top Left: 140.113 35.6782
 -- Bottom Right: 141 35.6324 
 -- Spacing: 0.000277778 -0.000277778
 -- Dimensions: 3195 166
journal (isce.core.Geometry):
 -- East limit may be insufficient for global height range
journal (isce.core.DEMInterpolator):
 -- Actual DEM bounds used:
 -- Top Left: 140.113 35.6601
 -- Bottom Right: 141 35.6146 
 -- Spacing: 0.000277778 -0.000277778
 -- Dimensions: 3195 165
journal (isce.core.Geometry):
 -- East limit may be insufficient for global height range
journal (isce.core.DEMInterpolator):
 -- Actual DEM bounds used:
 -- Top Left: 140.113 35.6421
 -- Bottom Right: 141 35.5965 
 -- Spacing: 0.000277778 -0.000277778
 -- Dimensions: 3195 165
journal (isce.core.Geometry):
 -- East limit may be insufficient for global height range
journal (isce.core.DEMInterpolator):
 -- Actual DEM bounds used:
 -- Top Left: 140.113 35.624
 -- Bottom Right: 141 35.5785 
 -- Spacing: 0.000277778 -0.000277778
 -- Dimensions: 3195 165
journal (isce.core.Geometry):
 -- East limit may be insufficient for global height range
journal (isce.core.DEMInterpolator):
 -- Actual DEM bounds used:
 -- Top Left: 140.113 35.6063
 -- Bottom Right: 141 35.5604 
 -- Spacing: 0.000277778 -0.000277778
 -- Dimensions: 3195 166
journal (isce.core.Geometry):
 -- East limit may be insufficient for global height range
journal (isce.core.DEMInterpolator):
 -- Actual DEM bounds used:
 -- Top Left: 140.113 35.5882
 -- Bottom Right: 141 35.5424 
 -- Spacing: 0.000277778 -0.000277778
 -- Dimensions: 3195 166
journal (isce.core.Geometry):
 -- East limit may be insufficient for global height range
journal (isce.core.DEMInterpolator):
 -- Actual DEM bounds used:
 -- Top Left: 140.113 35.5701
 -- Bottom Right: 141 35.5246 
 -- Spacing: 0.000277778 -0.000277778
 -- Dimensions: 3195 165
journal (isce.core.Geometry):
 -- East limit may be insufficient for global height range
journal (isce.core.DEMInterpolator):
 -- Actual DEM bounds used:
 -- Top Left: 140.113 35.5521
 -- Bottom Right: 141 35.5065 
 -- Spacing: 0.000277778 -0.000277778
 -- Dimensions: 3195 165
journal (isce.core.Geometry):
 -- East limit may be insufficient for global height range
journal (isce.core.DEMInterpolator):
 -- Actual DEM bounds used:
 -- Top Left: 140.113 35.534
 -- Bottom Right: 141 35.4885 
 -- Spacing: 0.000277778 -0.000277778
 -- Dimensions: 3195 165
journal (isce.core.Geometry):
 -- East limit may be insufficient for global height range
journal (isce.core.DEMInterpolator):
 -- Actual DEM bounds used:
 -- Top Left: 140.113 35.5162
 -- Bottom Right: 141 35.4704 
 -- Spacing: 0.000277778 -0.000277778
 -- Dimensions: 3195 166
journal (isce.core.Geometry):
 -- East limit may be insufficient for global height range
journal (isce.core.DEMInterpolator):
 -- Actual DEM bounds used:
 -- Top Left: 140.113 35.4982
 -- Bottom Right: 141 35.4524 
 -- Spacing: 0.000277778 -0.000277778
 -- Dimensions: 3195 166
journal (isce.core.Geometry):
 -- East limit may be insufficient for global height range
journal (isce.core.DEMInterpolator):
 -- Actual DEM bounds used:
 -- Top Left: 140.113 35.4801
 -- Bottom Right: 141 35.4443 
 -- Spacing: 0.000277778 -0.000277778
 -- Dimensions: 3195 130
journal (isce.core.DEMInterpolator):
 -- Actual DEM bounds used:
 -- Top Left: 139.142 35.8671
 -- Bottom Right: 140.228 35.8212 
 -- Spacing: 0.000277778 -0.000277778
 -- Dimensions: 3911 166
journal (isce.core.DEMInterpolator):
 -- Actual DEM bounds used:
 -- Top Left: 139.142 35.849
 -- Bottom Right: 140.228 35.8032 
 -- Spacing: 0.000277778 -0.000277778
 -- Dimensions: 3911 166
journal (isce.core.DEMInterpolator):
 -- Actual DEM bounds used:
 -- Top Left: 139.142 35.831
 -- Bottom Right: 140.228 35.7851 
 -- Spacing: 0.000277778 -0.000277778
 -- Dimensions: 3911 166
journal (isce.core.DEMInterpolator):
 -- Actual DEM bounds used:
 -- Top Left: 139.142 35.8129
 -- Bottom Right: 140.228 35.7674 
 -- Spacing: 0.000277778 -0.000277778
 -- Dimensions: 3911 165
journal (isce.core.DEMInterpolator):
 -- Actual DEM bounds used:
 -- Top Left: 139.142 35.7949
 -- Bottom Right: 140.228 35.7493 
 -- Spacing: 0.000277778 -0.000277778
 -- Dimensions: 3911 165
journal (isce.core.DEMInterpolator):
 -- Actual DEM bounds used:
 -- Top Left: 139.142 35.7771
 -- Bottom Right: 140.228 35.7313 
 -- Spacing: 0.000277778 -0.000277778
 -- Dimensions: 3911 166
journal (isce.core.DEMInterpolator):
 -- Actual DEM bounds used:
 -- Top Left: 139.142 35.759
 -- Bottom Right: 140.228 35.7132 
 -- Spacing: 0.000277778 -0.000277778
 -- Dimensions: 3911 166
journal (isce.core.DEMInterpolator):
 -- Actual DEM bounds used:
 -- Top Left: 139.142 35.741
 -- Bottom Right: 140.228 35.6951 
 -- Spacing: 0.000277778 -0.000277778
 -- Dimensions: 3911 166
journal (isce.core.DEMInterpolator):
 -- Actual DEM bounds used:
 -- Top Left: 139.142 35.7229
 -- Bottom Right: 140.228 35.6774 
 -- Spacing: 0.000277778 -0.000277778
 -- Dimensions: 3911 165
journal (isce.core.DEMInterpolator):
 -- Actual DEM bounds used:
 -- Top Left: 139.142 35.7049
 -- Bottom Right: 140.228 35.6593 
 -- Spacing: 0.000277778 -0.000277778
 -- Dimensions: 3911 165
journal (isce.core.DEMInterpolator):
 -- Actual DEM bounds used:
 -- Top Left: 139.142 35.6871
 -- Bottom Right: 140.228 35.6412 
 -- Spacing: 0.000277778 -0.000277778
 -- Dimensions: 3911 166
journal (isce.core.DEMInterpolator):
 -- Actual DEM bounds used:
 -- Top Left: 139.142 35.669
 -- Bottom Right: 140.228 35.6232 
 -- Spacing: 0.000277778 -0.000277778
 -- Dimensions: 3911 166
journal (isce.core.DEMInterpolator):
 -- Actual DEM bounds used:
 -- Top Left: 139.142 35.651
 -- Bottom Right: 140.228 35.6051 
 -- Spacing: 0.000277778 -0.000277778
 -- Dimensions: 3911 166
journal (isce.core.DEMInterpolator):
 -- Actual DEM bounds used:
 -- Top Left: 139.142 35.6329
 -- Bottom Right: 140.228 35.5874 
 -- Spacing: 0.000277778 -0.000277778
 -- Dimensions: 3911 165
journal (isce.core.DEMInterpolator):
 -- Actual DEM bounds used:
 -- Top Left: 139.142 35.6149
 -- Bottom Right: 140.228 35.5693 
 -- Spacing: 0.000277778 -0.000277778
 -- Dimensions: 3911 165
journal (isce.core.DEMInterpolator):
 -- Actual DEM bounds used:
 -- Top Left: 139.142 35.5971
 -- Bottom Right: 140.228 35.5512 
 -- Spacing: 0.000277778 -0.000277778
 -- Dimensions: 3911 166
journal (isce.core.DEMInterpolator):
 -- Actual DEM bounds used:
 -- Top Left: 139.142 35.579
 -- Bottom Right: 140.228 35.5332 
 -- Spacing: 0.000277778 -0.000277778
 -- Dimensions: 3911 166
journal (isce.core.DEMInterpolator):
 -- Actual DEM bounds used:
 -- Top Left: 139.142 35.561
 -- Bottom Right: 140.228 35.5263 
 -- Spacing: 0.000277778 -0.000277778
 -- Dimensions: 3911 126
journal (isce.core.DEMInterpolator):
 -- Actual DEM bounds used:
 -- Top Left: 138.277 35.9237
 -- Bottom Right: 139.251 35.8779 
 -- Spacing: 0.000277778 -0.000277778
 -- Dimensions: 3507 166
journal (isce.core.DEMInterpolator):
 -- Actual DEM bounds used:
 -- Top Left: 138.277 35.9057
 -- Bottom Right: 139.251 35.8601 
 -- Spacing: 0.000277778 -0.000277778
 -- Dimensions: 3507 165
journal (isce.core.DEMInterpolator):
 -- Actual DEM bounds used:
 -- Top Left: 138.277 35.8876
 -- Bottom Right: 139.251 35.8421 
 -- Spacing: 0.000277778 -0.000277778
 -- Dimensions: 3507 165
journal (isce.core.DEMInterpolator):
 -- Actual DEM bounds used:
 -- Top Left: 138.277 35.8696
 -- Bottom Right: 139.251 35.824 
 -- Spacing: 0.000277778 -0.000277778
 -- Dimensions: 3507 165
journal (isce.core.DEMInterpolator):
 -- Actual DEM bounds used:
 -- Top Left: 138.277 35.8518
 -- Bottom Right: 139.251 35.806 
 -- Spacing: 0.000277778 -0.000277778
 -- Dimensions: 3507 166
journal (isce.core.DEMInterpolator):
 -- Actual DEM bounds used:
 -- Top Left: 138.277 35.8338
 -- Bottom Right: 139.251 35.7879 
 -- Spacing: 0.000277778 -0.000277778
 -- Dimensions: 3507 166
journal (isce.core.DEMInterpolator):
 -- Actual DEM bounds used:
 -- Top Left: 138.277 35.8157
 -- Bottom Right: 139.251 35.7701 
 -- Spacing: 0.000277778 -0.000277778
 -- Dimensions: 3507 165
journal (isce.core.DEMInterpolator):
 -- Actual DEM bounds used:
 -- Top Left: 138.277 35.7976
 -- Bottom Right: 139.251 35.7521 
 -- Spacing: 0.000277778 -0.000277778
 -- Dimensions: 3507 165
journal (isce.core.DEMInterpolator):
 -- Actual DEM bounds used:
 -- Top Left: 138.277 35.7796
 -- Bottom Right: 139.251 35.734 
 -- Spacing: 0.000277778 -0.000277778
 -- Dimensions: 3507 165
journal (isce.core.DEMInterpolator):
 -- Actual DEM bounds used:
 -- Top Left: 138.277 35.7618
 -- Bottom Right: 139.251 35.716 
 -- Spacing: 0.000277778 -0.000277778
 -- Dimensions: 3507 166
journal (isce.core.DEMInterpolator):
 -- Actual DEM bounds used:
 -- Top Left: 138.277 35.7437
 -- Bottom Right: 139.251 35.6979 
 -- Spacing: 0.000277778 -0.000277778
 -- Dimensions: 3507 166
journal (isce.core.DEMInterpolator):
 -- Actual DEM bounds used:
 -- Top Left: 138.277 35.7257
 -- Bottom Right: 139.251 35.6801 
 -- Spacing: 0.000277778 -0.000277778
 -- Dimensions: 3507 165
journal (isce.core.DEMInterpolator):
 -- Actual DEM bounds used:
 -- Top Left: 138.277 35.7076
 -- Bottom Right: 139.251 35.6621 
 -- Spacing: 0.000277778 -0.000277778
 -- Dimensions: 3507 165
journal (isce.core.DEMInterpolator):
 -- Actual DEM bounds used:
 -- Top Left: 138.277 35.6896
 -- Bottom Right: 139.251 35.644 
 -- Spacing: 0.000277778 -0.000277778
 -- Dimensions: 3507 165
journal (isce.core.DEMInterpolator):
 -- Actual DEM bounds used:
 -- Top Left: 138.277 35.6718
 -- Bottom Right: 139.251 35.626 
 -- Spacing: 0.000277778 -0.000277778
 -- Dimensions: 3507 166
journal (isce.core.DEMInterpolator):
 -- Actual DEM bounds used:
 -- Top Left: 138.277 35.6538
 -- Bottom Right: 139.251 35.6079 
 -- Spacing: 0.000277778 -0.000277778
 -- Dimensions: 3507 166
journal (isce.core.DEMInterpolator):
 -- Actual DEM bounds used:
 -- Top Left: 138.277 35.6357
 -- Bottom Right: 139.251 35.6079 
 -- Spacing: 0.000277778 -0.000277778
 -- Dimensions: 3507 101
journal (isce.core.Geometry):
 -- East limit may be insufficient for global height range
journal (isce.core.DEMInterpolator):
 -- Actual DEM bounds used:
 -- Top Left: 140.075 35.6201
 -- Bottom Right: 141 35.5746 
 -- Spacing: 0.000277778 -0.000277778
 -- Dimensions: 3330 165
journal (isce.core.Geometry):
 -- East limit may be insufficient for global height range
journal (isce.core.DEMInterpolator):
 -- Actual DEM bounds used:
 -- Top Left: 140.075 35.6021
 -- Bottom Right: 141 35.5565 
 -- Spacing: 0.000277778 -0.000277778
 -- Dimensions: 3330 165
journal (isce.core.Geometry):
 -- East limit may be insufficient for global height range
journal (isce.core.DEMInterpolator):
 -- Actual DEM bounds used:
 -- Top Left: 140.075 35.584
 -- Bottom Right: 141 35.5385 
 -- Spacing: 0.000277778 -0.000277778
 -- Dimensions: 3330 165
journal (isce.core.Geometry):
 -- East limit may be insufficient for global height range
journal (isce.core.DEMInterpolator):
 -- Actual DEM bounds used:
 -- Top Left: 140.075 35.5663
 -- Bottom Right: 141 35.5204 
 -- Spacing: 0.000277778 -0.000277778
 -- Dimensions: 3330 166
journal (isce.core.Geometry):
 -- East limit may be insufficient for global height range
journal (isce.core.DEMInterpolator):
 -- Actual DEM bounds used:
 -- Top Left: 140.075 35.5482
 -- Bottom Right: 141 35.5024 
 -- Spacing: 0.000277778 -0.000277778
 -- Dimensions: 3330 166
journal (isce.core.Geometry):
 -- East limit may be insufficient for global height range
journal (isce.core.DEMInterpolator):
 -- Actual DEM bounds used:
 -- Top Left: 140.075 35.5301
 -- Bottom Right: 141 35.4846 
 -- Spacing: 0.000277778 -0.000277778
 -- Dimensions: 3330 165
journal (isce.core.Geometry):
 -- East limit may be insufficient for global height range
journal (isce.core.DEMInterpolator):
 -- Actual DEM bounds used:
 -- Top Left: 140.075 35.5121
 -- Bottom Right: 141 35.4665 
 -- Spacing: 0.000277778 -0.000277778
 -- Dimensions: 3330 165
journal (isce.core.Geometry):
 -- East limit may be insufficient for global height range
journal (isce.core.DEMInterpolator):
 -- Actual DEM bounds used:
 -- Top Left: 140.075 35.494
 -- Bottom Right: 141 35.4485 
 -- Spacing: 0.000277778 -0.000277778
 -- Dimensions: 3330 165
journal (isce.core.Geometry):
 -- East limit may be insufficient for global height range
journal (isce.core.DEMInterpolator):
 -- Actual DEM bounds used:
 -- Top Left: 140.075 35.4763
 -- Bottom Right: 141 35.4304 
 -- Spacing: 0.000277778 -0.000277778
 -- Dimensions: 3330 166
journal (isce.core.Geometry):
 -- East limit may be insufficient for global height range
journal (isce.core.DEMInterpolator):
 -- Actual DEM bounds used:
 -- Top Left: 140.075 35.4582
 -- Bottom Right: 141 35.4124 
 -- Spacing: 0.000277778 -0.000277778
 -- Dimensions: 3330 166
journal (isce.core.Geometry):
 -- East limit may be insufficient for global height range
journal (isce.core.DEMInterpolator):
 -- Actual DEM bounds used:
 -- Top Left: 140.075 35.4401
 -- Bottom Right: 141 35.3946 
 -- Spacing: 0.000277778 -0.000277778
 -- Dimensions: 3330 165
journal (isce.core.Geometry):
 -- East limit may be insufficient for global height range
journal (isce.core.DEMInterpolator):
 -- Actual DEM bounds used:
 -- Top Left: 140.075 35.4221
 -- Bottom Right: 141 35.3765 
 -- Spacing: 0.000277778 -0.000277778
 -- Dimensions: 3330 165
journal (isce.core.Geometry):
 -- East limit may be insufficient for global height range
journal (isce.core.DEMInterpolator):
 -- Actual DEM bounds used:
 -- Top Left: 140.075 35.404
 -- Bottom Right: 141 35.3585 
 -- Spacing: 0.000277778 -0.000277778
 -- Dimensions: 3330 165
journal (isce.core.Geometry):
 -- East limit may be insufficient for global height range
journal (isce.core.DEMInterpolator):
 -- Actual DEM bounds used:
 -- Top Left: 140.075 35.3862
 -- Bottom Right: 141 35.3404 
 -- Spacing: 0.000277778 -0.000277778
 -- Dimensions: 3330 166
journal (isce.core.Geometry):
 -- East limit may be insufficient for global height range
journal (isce.core.DEMInterpolator):
 -- Actual DEM bounds used:
 -- Top Left: 140.075 35.3682
 -- Bottom Right: 141 35.3224 
 -- Spacing: 0.000277778 -0.000277778
 -- Dimensions: 3330 166
journal (isce.core.Geometry):
 -- East limit may be insufficient for global height range
journal (isce.core.DEMInterpolator):
 -- Actual DEM bounds used:
 -- Top Left: 140.075 35.3501
 -- Bottom Right: 141 35.3046 
 -- Spacing: 0.000277778 -0.000277778
 -- Dimensions: 3330 165
journal (isce.core.Geometry):
 -- East limit may be insufficient for global height range
journal (isce.core.DEMInterpolator):
 -- Actual DEM bounds used:
 -- Top Left: 140.075 35.3321
 -- Bottom Right: 141 35.2865 
 -- Spacing: 0.000277778 -0.000277778
 -- Dimensions: 3330 165
journal (isce.core.Geometry):
 -- East limit may be insufficient for global height range
journal (isce.core.DEMInterpolator):
 -- Actual DEM bounds used:
 -- Top Left: 140.075 35.314
 -- Bottom Right: 141 35.2785 
 -- Spacing: 0.000277778 -0.000277778
 -- Dimensions: 3330 129
journal (isce.core.DEMInterpolator):
 -- Actual DEM bounds used:
 -- Top Left: 139.107 35.7013
 -- Bottom Right: 140.19 35.6554 
 -- Spacing: 0.000277778 -0.000277778
 -- Dimensions: 3903 166
journal (isce.core.DEMInterpolator):
 -- Actual DEM bounds used:
 -- Top Left: 139.107 35.6832
 -- Bottom Right: 140.19 35.6374 
 -- Spacing: 0.000277778 -0.000277778
 -- Dimensions: 3903 166
journal (isce.core.DEMInterpolator):
 -- Actual DEM bounds used:
 -- Top Left: 139.107 35.6651
 -- Bottom Right: 140.19 35.6196 
 -- Spacing: 0.000277778 -0.000277778
 -- Dimensions: 3903 165
journal (isce.core.DEMInterpolator):
 -- Actual DEM bounds used:
 -- Top Left: 139.107 35.6471
 -- Bottom Right: 140.19 35.6015 
 -- Spacing: 0.000277778 -0.000277778
 -- Dimensions: 3903 165
journal (isce.core.DEMInterpolator):
 -- Actual DEM bounds used:
 -- Top Left: 139.107 35.6293
 -- Bottom Right: 140.19 35.5835 
 -- Spacing: 0.000277778 -0.000277778
 -- Dimensions: 3903 166
journal (isce.core.DEMInterpolator):
 -- Actual DEM bounds used:
 -- Top Left: 139.107 35.6112
 -- Bottom Right: 140.19 35.5654 
 -- Spacing: 0.000277778 -0.000277778
 -- Dimensions: 3903 166
journal (isce.core.DEMInterpolator):
 -- Actual DEM bounds used:
 -- Top Left: 139.107 35.5932
 -- Bottom Right: 140.19 35.5474 
 -- Spacing: 0.000277778 -0.000277778
 -- Dimensions: 3903 166
journal (isce.core.DEMInterpolator):
 -- Actual DEM bounds used:
 -- Top Left: 139.107 35.5751
 -- Bottom Right: 140.19 35.5296 
 -- Spacing: 0.000277778 -0.000277778
 -- Dimensions: 3903 165
journal (isce.core.DEMInterpolator):
 -- Actual DEM bounds used:
 -- Top Left: 139.107 35.5571
 -- Bottom Right: 140.19 35.5115 
 -- Spacing: 0.000277778 -0.000277778
 -- Dimensions: 3903 165
journal (isce.core.DEMInterpolator):
 -- Actual DEM bounds used:
 -- Top Left: 139.107 35.5393
 -- Bottom Right: 140.19 35.4935 
 -- Spacing: 0.000277778 -0.000277778
 -- Dimensions: 3903 166
journal (isce.core.DEMInterpolator):
 -- Actual DEM bounds used:
 -- Top Left: 139.107 35.5213
 -- Bottom Right: 140.19 35.4754 
 -- Spacing: 0.000277778 -0.000277778
 -- Dimensions: 3903 166
journal (isce.core.DEMInterpolator):
 -- Actual DEM bounds used:
 -- Top Left: 139.107 35.5032
 -- Bottom Right: 140.19 35.4574 
 -- Spacing: 0.000277778 -0.000277778
 -- Dimensions: 3903 166
journal (isce.core.DEMInterpolator):
 -- Actual DEM bounds used:
 -- Top Left: 139.107 35.4851
 -- Bottom Right: 140.19 35.4396 
 -- Spacing: 0.000277778 -0.000277778
 -- Dimensions: 3903 165
journal (isce.core.DEMInterpolator):
 -- Actual DEM bounds used:
 -- Top Left: 139.107 35.4671
 -- Bottom Right: 140.19 35.4215 
 -- Spacing: 0.000277778 -0.000277778
 -- Dimensions: 3903 165
journal (isce.core.DEMInterpolator):
 -- Actual DEM bounds used:
 -- Top Left: 139.107 35.4493
 -- Bottom Right: 140.19 35.4035 
 -- Spacing: 0.000277778 -0.000277778
 -- Dimensions: 3903 166
journal (isce.core.DEMInterpolator):
 -- Actual DEM bounds used:
 -- Top Left: 139.107 35.4312
 -- Bottom Right: 140.19 35.3854 
 -- Spacing: 0.000277778 -0.000277778
 -- Dimensions: 3903 166
journal (isce.core.DEMInterpolator):
 -- Actual DEM bounds used:
 -- Top Left: 139.107 35.4132
 -- Bottom Right: 140.19 35.3674 
 -- Spacing: 0.000277778 -0.000277778
 -- Dimensions: 3903 166
journal (isce.core.DEMInterpolator):
 -- Actual DEM bounds used:
 -- Top Left: 139.107 35.3951
 -- Bottom Right: 140.19 35.3604 
 -- Spacing: 0.000277778 -0.000277778
 -- Dimensions: 3903 126
journal (isce.core.DEMInterpolator):
 -- Actual DEM bounds used:
 -- Top Left: 138.248 35.7599
 -- Bottom Right: 139.216 35.714 
 -- Spacing: 0.000277778 -0.000277778
 -- Dimensions: 3484 166
journal (isce.core.DEMInterpolator):
 -- Actual DEM bounds used:
 -- Top Left: 138.248 35.7418
 -- Bottom Right: 139.216 35.696 
 -- Spacing: 0.000277778 -0.000277778
 -- Dimensions: 3484 166
journal (isce.core.DEMInterpolator):
 -- Actual DEM bounds used:
 -- Top Left: 138.248 35.7238
 -- Bottom Right: 139.216 35.6779 
 -- Spacing: 0.000277778 -0.000277778
 -- Dimensions: 3484 166
journal (isce.core.DEMInterpolator):
 -- Actual DEM bounds used:
 -- Top Left: 138.248 35.7057
 -- Bottom Right: 139.216 35.6601 
 -- Spacing: 0.000277778 -0.000277778
 -- Dimensions: 3484 165
journal (isce.core.DEMInterpolator):
 -- Actual DEM bounds used:
 -- Top Left: 138.248 35.6876
 -- Bottom Right: 139.216 35.6421 
 -- Spacing: 0.000277778 -0.000277778
 -- Dimensions: 3484 165
journal (isce.core.DEMInterpolator):
 -- Actual DEM bounds used:
 -- Top Left: 138.248 35.6699
 -- Bottom Right: 139.216 35.624 
 -- Spacing: 0.000277778 -0.000277778
 -- Dimensions: 3484 166
journal (isce.core.DEMInterpolator):
 -- Actual DEM bounds used:
 -- Top Left: 138.248 35.6518
 -- Bottom Right: 139.216 35.606 
 -- Spacing: 0.000277778 -0.000277778
 -- Dimensions: 3484 166
journal (isce.core.DEMInterpolator):
 -- Actual DEM bounds used:
 -- Top Left: 138.248 35.6337
 -- Bottom Right: 139.216 35.5879 
 -- Spacing: 0.000277778 -0.000277778
 -- Dimensions: 3484 166
journal (isce.core.DEMInterpolator):
 -- Actual DEM bounds used:
 -- Top Left: 138.248 35.6157
 -- Bottom Right: 139.216 35.5701 
 -- Spacing: 0.000277778 -0.000277778
 -- Dimensions: 3484 165
journal (isce.core.DEMInterpolator):
 -- Actual DEM bounds used:
 -- Top Left: 138.248 35.5976
 -- Bottom Right: 139.216 35.5521 
 -- Spacing: 0.000277778 -0.000277778
 -- Dimensions: 3484 165
journal (isce.core.DEMInterpolator):
 -- Actual DEM bounds used:
 -- Top Left: 138.248 35.5799
 -- Bottom Right: 139.216 35.534 
 -- Spacing: 0.000277778 -0.000277778
 -- Dimensions: 3484 166
journal (isce.core.DEMInterpolator):
 -- Actual DEM bounds used:
 -- Top Left: 138.248 35.5618
 -- Bottom Right: 139.216 35.516 
 -- Spacing: 0.000277778 -0.000277778
 -- Dimensions: 3484 166
journal (isce.core.DEMInterpolator):
 -- Actual DEM bounds used:
 -- Top Left: 138.248 35.5438
 -- Bottom Right: 139.216 35.4979 
 -- Spacing: 0.000277778 -0.000277778
 -- Dimensions: 3484 166
journal (isce.core.DEMInterpolator):
 -- Actual DEM bounds used:
 -- Top Left: 138.248 35.5257
 -- Bottom Right: 139.216 35.4801 
 -- Spacing: 0.000277778 -0.000277778
 -- Dimensions: 3484 165
journal (isce.core.DEMInterpolator):
 -- Actual DEM bounds used:
 -- Top Left: 138.248 35.5076
 -- Bottom Right: 139.216 35.4621 
 -- Spacing: 0.000277778 -0.000277778
 -- Dimensions: 3484 165
journal (isce.core.DEMInterpolator):
 -- Actual DEM bounds used:
 -- Top Left: 138.248 35.4899
 -- Bottom Right: 139.216 35.444 
 -- Spacing: 0.000277778 -0.000277778
 -- Dimensions: 3484 166
journal (isce.core.DEMInterpolator):
 -- Actual DEM bounds used:
 -- Top Left: 138.248 35.4718
 -- Bottom Right: 139.216 35.4429 
 -- Spacing: 0.000277778 -0.000277778
 -- Dimensions: 3484 105
journal (isce.core.Geometry):
 -- East limit may be insufficient for global height range
journal (isce.core.DEMInterpolator):
 -- Actual DEM bounds used:
 -- Top Left: 140.037 35.4543
 -- Bottom Right: 141 35.4085 
 -- Spacing: 0.000277778 -0.000277778
 -- Dimensions: 3468 166
journal (isce.core.Geometry):
 -- East limit may be insufficient for global height range
journal (isce.core.DEMInterpolator):
 -- Actual DEM bounds used:
 -- Top Left: 140.037 35.4363
 -- Bottom Right: 141 35.3904 
 -- Spacing: 0.000277778 -0.000277778
 -- Dimensions: 3468 166
journal (isce.core.Geometry):
 -- East limit may be insufficient for global height range
journal (isce.core.DEMInterpolator):
 -- Actual DEM bounds used:
 -- Top Left: 140.037 35.4182
 -- Bottom Right: 141 35.3724 
 -- Spacing: 0.000277778 -0.000277778
 -- Dimensions: 3468 166
journal (isce.core.Geometry):
 -- East limit may be insufficient for global height range
journal (isce.core.DEMInterpolator):
 -- Actual DEM bounds used:
 -- Top Left: 140.037 35.4001
 -- Bottom Right: 141 35.3546 
 -- Spacing: 0.000277778 -0.000277778
 -- Dimensions: 3468 165
journal (isce.core.Geometry):
 -- East limit may be insufficient for global height range
journal (isce.core.DEMInterpolator):
 -- Actual DEM bounds used:
 -- Top Left: 140.037 35.3821
 -- Bottom Right: 141 35.3365 
 -- Spacing: 0.000277778 -0.000277778
 -- Dimensions: 3468 165
journal (isce.core.Geometry):
 -- East limit may be insufficient for global height range
journal (isce.core.DEMInterpolator):
 -- Actual DEM bounds used:
 -- Top Left: 140.037 35.3643
 -- Bottom Right: 141 35.3185 
 -- Spacing: 0.000277778 -0.000277778
 -- Dimensions: 3468 166
journal (isce.core.Geometry):
 -- East limit may be insufficient for global height range
journal (isce.core.DEMInterpolator):
 -- Actual DEM bounds used:
 -- Top Left: 140.037 35.3462
 -- Bottom Right: 141 35.3004 
 -- Spacing: 0.000277778 -0.000277778
 -- Dimensions: 3468 166
journal (isce.core.Geometry):
 -- East limit may be insufficient for global height range
journal (isce.core.DEMInterpolator):
 -- Actual DEM bounds used:
 -- Top Left: 140.037 35.3282
 -- Bottom Right: 141 35.2824 
 -- Spacing: 0.000277778 -0.000277778
 -- Dimensions: 3468 166
journal (isce.core.Geometry):
 -- East limit may be insufficient for global height range
journal (isce.core.DEMInterpolator):
 -- Actual DEM bounds used:
 -- Top Left: 140.037 35.3101
 -- Bottom Right: 141 35.2646 
 -- Spacing: 0.000277778 -0.000277778
 -- Dimensions: 3468 165
journal (isce.core.Geometry):
 -- East limit may be insufficient for global height range
journal (isce.core.DEMInterpolator):
 -- Actual DEM bounds used:
 -- Top Left: 140.037 35.2921
 -- Bottom Right: 141 35.2465 
 -- Spacing: 0.000277778 -0.000277778
 -- Dimensions: 3468 165
journal (isce.core.Geometry):
 -- East limit may be insufficient for global height range
journal (isce.core.DEMInterpolator):
 -- Actual DEM bounds used:
 -- Top Left: 140.037 35.2743
 -- Bottom Right: 141 35.2285 
 -- Spacing: 0.000277778 -0.000277778
 -- Dimensions: 3468 166
journal (isce.core.Geometry):
 -- East limit may be insufficient for global height range
journal (isce.core.DEMInterpolator):
 -- Actual DEM bounds used:
 -- Top Left: 140.037 35.2563
 -- Bottom Right: 141 35.2104 
 -- Spacing: 0.000277778 -0.000277778
 -- Dimensions: 3468 166
journal (isce.core.Geometry):
 -- East limit may be insufficient for global height range
journal (isce.core.DEMInterpolator):
 -- Actual DEM bounds used:
 -- Top Left: 140.037 35.2382
 -- Bottom Right: 141 35.1924 
 -- Spacing: 0.000277778 -0.000277778
 -- Dimensions: 3468 166
journal (isce.core.Geometry):
 -- East limit may be insufficient for global height range
journal (isce.core.DEMInterpolator):
 -- Actual DEM bounds used:
 -- Top Left: 140.037 35.2201
 -- Bottom Right: 141 35.1746 
 -- Spacing: 0.000277778 -0.000277778
 -- Dimensions: 3468 165
journal (isce.core.Geometry):
 -- East limit may be insufficient for global height range
journal (isce.core.DEMInterpolator):
 -- Actual DEM bounds used:
 -- Top Left: 140.037 35.2021
 -- Bottom Right: 141 35.1565 
 -- Spacing: 0.000277778 -0.000277778
 -- Dimensions: 3468 165
journal (isce.core.Geometry):
 -- East limit may be insufficient for global height range
journal (isce.core.DEMInterpolator):
 -- Actual DEM bounds used:
 -- Top Left: 140.037 35.1843
 -- Bottom Right: 141 35.1385 
 -- Spacing: 0.000277778 -0.000277778
 -- Dimensions: 3468 166
journal (isce.core.Geometry):
 -- East limit may be insufficient for global height range
journal (isce.core.DEMInterpolator):
 -- Actual DEM bounds used:
 -- Top Left: 140.037 35.1662
 -- Bottom Right: 141 35.1204 
 -- Spacing: 0.000277778 -0.000277778
 -- Dimensions: 3468 166
journal (isce.core.Geometry):
 -- East limit may be insufficient for global height range
journal (isce.core.DEMInterpolator):
 -- Actual DEM bounds used:
 -- Top Left: 140.037 35.1482
 -- Bottom Right: 141 35.1129 
 -- Spacing: 0.000277778 -0.000277778
 -- Dimensions: 3468 128
journal (isce.core.DEMInterpolator):
 -- Actual DEM bounds used:
 -- Top Left: 139.075 35.5351
 -- Bottom Right: 140.153 35.4896 
 -- Spacing: 0.000277778 -0.000277778
 -- Dimensions: 3882 165
journal (isce.core.DEMInterpolator):
 -- Actual DEM bounds used:
 -- Top Left: 139.075 35.5174
 -- Bottom Right: 140.153 35.4715 
 -- Spacing: 0.000277778 -0.000277778
 -- Dimensions: 3882 166
journal (isce.core.DEMInterpolator):
 -- Actual DEM bounds used:
 -- Top Left: 139.075 35.4993
 -- Bottom Right: 140.153 35.4535 
 -- Spacing: 0.000277778 -0.000277778
 -- Dimensions: 3882 166
journal (isce.core.DEMInterpolator):
 -- Actual DEM bounds used:
 -- Top Left: 139.075 35.4813
 -- Bottom Right: 140.153 35.4357 
 -- Spacing: 0.000277778 -0.000277778
 -- Dimensions: 3882 165
journal (isce.core.DEMInterpolator):
 -- Actual DEM bounds used:
 -- Top Left: 139.075 35.4632
 -- Bottom Right: 140.153 35.4176 
 -- Spacing: 0.000277778 -0.000277778
 -- Dimensions: 3882 165
journal (isce.core.DEMInterpolator):
 -- Actual DEM bounds used:
 -- Top Left: 139.075 35.4451
 -- Bottom Right: 140.153 35.3996 
 -- Spacing: 0.000277778 -0.000277778
 -- Dimensions: 3882 165
journal (isce.core.DEMInterpolator):
 -- Actual DEM bounds used:
 -- Top Left: 139.075 35.4274
 -- Bottom Right: 140.153 35.3815 
 -- Spacing: 0.000277778 -0.000277778
 -- Dimensions: 3882 166
journal (isce.core.DEMInterpolator):
 -- Actual DEM bounds used:
 -- Top Left: 139.075 35.4093
 -- Bottom Right: 140.153 35.3635 
 -- Spacing: 0.000277778 -0.000277778
 -- Dimensions: 3882 166
journal (isce.core.DEMInterpolator):
 -- Actual DEM bounds used:
 -- Top Left: 139.075 35.3912
 -- Bottom Right: 140.153 35.3457 
 -- Spacing: 0.000277778 -0.000277778
 -- Dimensions: 3882 165
journal (isce.core.DEMInterpolator):
 -- Actual DEM bounds used:
 -- Top Left: 139.075 35.3732
 -- Bottom Right: 140.153 35.3276 
 -- Spacing: 0.000277778 -0.000277778
 -- Dimensions: 3882 165
journal (isce.core.DEMInterpolator):
 -- Actual DEM bounds used:
 -- Top Left: 139.075 35.3551
 -- Bottom Right: 140.153 35.3096 
 -- Spacing: 0.000277778 -0.000277778
 -- Dimensions: 3882 165
journal (isce.core.DEMInterpolator):
 -- Actual DEM bounds used:
 -- Top Left: 139.075 35.3374
 -- Bottom Right: 140.153 35.2915 
 -- Spacing: 0.000277778 -0.000277778
 -- Dimensions: 3882 166
journal (isce.core.DEMInterpolator):
 -- Actual DEM bounds used:
 -- Top Left: 139.075 35.3193
 -- Bottom Right: 140.153 35.2735 
 -- Spacing: 0.000277778 -0.000277778
 -- Dimensions: 3882 166
journal (isce.core.DEMInterpolator):
 -- Actual DEM bounds used:
 -- Top Left: 139.075 35.3013
 -- Bottom Right: 140.153 35.2557 
 -- Spacing: 0.000277778 -0.000277778
 -- Dimensions: 3882 165
journal (isce.core.DEMInterpolator):
 -- Actual DEM bounds used:
 -- Top Left: 139.075 35.2832
 -- Bottom Right: 140.153 35.2376 
 -- Spacing: 0.000277778 -0.000277778
 -- Dimensions: 3882 165
journal (isce.core.DEMInterpolator):
 -- Actual DEM bounds used:
 -- Top Left: 139.075 35.2651
 -- Bottom Right: 140.153 35.2196 
 -- Spacing: 0.000277778 -0.000277778
 -- Dimensions: 3882 165
journal (isce.core.DEMInterpolator):
 -- Actual DEM bounds used:
 -- Top Left: 139.075 35.2474
 -- Bottom Right: 140.153 35.2015 
 -- Spacing: 0.000277778 -0.000277778
 -- Dimensions: 3882 166
journal (isce.core.DEMInterpolator):
 -- Actual DEM bounds used:
 -- Top Left: 139.075 35.2293
 -- Bottom Right: 140.153 35.1951 
 -- Spacing: 0.000277778 -0.000277778
 -- Dimensions: 3882 124
journal (isce.core.DEMInterpolator):
 -- Actual DEM bounds used:
 -- Top Left: 138.214 35.5935
 -- Bottom Right: 139.175 35.5476 
 -- Spacing: 0.000277778 -0.000277778
 -- Dimensions: 3461 166
journal (isce.core.DEMInterpolator):
 -- Actual DEM bounds used:
 -- Top Left: 138.214 35.5754
 -- Bottom Right: 139.175 35.5299 
 -- Spacing: 0.000277778 -0.000277778
 -- Dimensions: 3461 165
journal (isce.core.DEMInterpolator):
 -- Actual DEM bounds used:
 -- Top Left: 138.214 35.5574
 -- Bottom Right: 139.175 35.5118 
 -- Spacing: 0.000277778 -0.000277778
 -- Dimensions: 3461 165
journal (isce.core.DEMInterpolator):
 -- Actual DEM bounds used:
 -- Top Left: 138.214 35.5393
 -- Bottom Right: 139.175 35.4938 
 -- Spacing: 0.000277778 -0.000277778
 -- Dimensions: 3461 165
journal (isce.core.DEMInterpolator):
 -- Actual DEM bounds used:
 -- Top Left: 138.214 35.5215
 -- Bottom Right: 139.175 35.4757 
 -- Spacing: 0.000277778 -0.000277778
 -- Dimensions: 3461 166
journal (isce.core.DEMInterpolator):
 -- Actual DEM bounds used:
 -- Top Left: 138.214 35.5035
 -- Bottom Right: 139.175 35.4576 
 -- Spacing: 0.000277778 -0.000277778
 -- Dimensions: 3461 166
journal (isce.core.DEMInterpolator):
 -- Actual DEM bounds used:
 -- Top Left: 138.214 35.4854
 -- Bottom Right: 139.175 35.4399 
 -- Spacing: 0.000277778 -0.000277778
 -- Dimensions: 3461 165
journal (isce.core.DEMInterpolator):
 -- Actual DEM bounds used:
 -- Top Left: 138.214 35.4674
 -- Bottom Right: 139.175 35.4218 
 -- Spacing: 0.000277778 -0.000277778
 -- Dimensions: 3461 165
journal (isce.core.DEMInterpolator):
 -- Actual DEM bounds used:
 -- Top Left: 138.214 35.4493
 -- Bottom Right: 139.175 35.4038 
 -- Spacing: 0.000277778 -0.000277778
 -- Dimensions: 3461 165
journal (isce.core.DEMInterpolator):
 -- Actual DEM bounds used:
 -- Top Left: 138.214 35.4315
 -- Bottom Right: 139.175 35.3857 
 -- Spacing: 0.000277778 -0.000277778
 -- Dimensions: 3461 166
journal (isce.core.DEMInterpolator):
 -- Actual DEM bounds used:
 -- Top Left: 138.214 35.4135
 -- Bottom Right: 139.175 35.3676 
 -- Spacing: 0.000277778 -0.000277778
 -- Dimensions: 3461 166
journal (isce.core.DEMInterpolator):
 -- Actual DEM bounds used:
 -- Top Left: 138.214 35.3954
 -- Bottom Right: 139.175 35.3499 
 -- Spacing: 0.000277778 -0.000277778
 -- Dimensions: 3461 165
journal (isce.core.DEMInterpolator):
 -- Actual DEM bounds used:
 -- Top Left: 138.214 35.3774
 -- Bottom Right: 139.175 35.3318 
 -- Spacing: 0.000277778 -0.000277778
 -- Dimensions: 3461 165
journal (isce.core.DEMInterpolator):
 -- Actual DEM bounds used:
 -- Top Left: 138.214 35.3593
 -- Bottom Right: 139.175 35.3138 
 -- Spacing: 0.000277778 -0.000277778
 -- Dimensions: 3461 165
journal (isce.core.DEMInterpolator):
 -- Actual DEM bounds used:
 -- Top Left: 138.214 35.3415
 -- Bottom Right: 139.175 35.2957 
 -- Spacing: 0.000277778 -0.000277778
 -- Dimensions: 3461 166
journal (isce.core.DEMInterpolator):
 -- Actual DEM bounds used:
 -- Top Left: 138.214 35.3235
 -- Bottom Right: 139.175 35.2776 
 -- Spacing: 0.000277778 -0.000277778
 -- Dimensions: 3461 166
journal (isce.core.DEMInterpolator):
 -- Actual DEM bounds used:
 -- Top Left: 138.214 35.3054
 -- Bottom Right: 139.175 35.2757 
 -- Spacing: 0.000277778 -0.000277778
 -- Dimensions: 3461 108
journal (isce.core.Geometry):
 -- East limit may be insufficient for global height range
journal (isce.core.DEMInterpolator):
 -- Actual DEM bounds used:
 -- Top Left: 139.999 35.2888
 -- Bottom Right: 141 35.2432 
 -- Spacing: 0.000277778 -0.000277778
 -- Dimensions: 3603 165
journal (isce.core.Geometry):
 -- East limit may be insufficient for global height range
journal (isce.core.DEMInterpolator):
 -- Actual DEM bounds used:
 -- Top Left: 139.999 35.271
 -- Bottom Right: 141 35.2251 
 -- Spacing: 0.000277778 -0.000277778
 -- Dimensions: 3603 166
journal (isce.core.Geometry):
 -- East limit may be insufficient for global height range
journal (isce.core.DEMInterpolator):
 -- Actual DEM bounds used:
 -- Top Left: 139.999 35.2529
 -- Bottom Right: 141 35.2071 
 -- Spacing: 0.000277778 -0.000277778
 -- Dimensions: 3603 166
journal (isce.core.Geometry):
 -- East limit may be insufficient for global height range
journal (isce.core.DEMInterpolator):
 -- Actual DEM bounds used:
 -- Top Left: 139.999 35.2349
 -- Bottom Right: 141 35.189 
 -- Spacing: 0.000277778 -0.000277778
 -- Dimensions: 3603 166
journal (isce.core.Geometry):
 -- East limit may be insufficient for global height range
journal (isce.core.DEMInterpolator):
 -- Actual DEM bounds used:
 -- Top Left: 139.999 35.2168
 -- Bottom Right: 141 35.1713 
 -- Spacing: 0.000277778 -0.000277778
 -- Dimensions: 3603 165
journal (isce.core.Geometry):
 -- East limit may be insufficient for global height range
journal (isce.core.DEMInterpolator):
 -- Actual DEM bounds used:
 -- Top Left: 139.999 35.1987
 -- Bottom Right: 141 35.1532 
 -- Spacing: 0.000277778 -0.000277778
 -- Dimensions: 3603 165
journal (isce.core.Geometry):
 -- East limit may be insufficient for global height range
journal (isce.core.DEMInterpolator):
 -- Actual DEM bounds used:
 -- Top Left: 139.999 35.181
 -- Bottom Right: 141 35.1351 
 -- Spacing: 0.000277778 -0.000277778
 -- Dimensions: 3603 166
journal (isce.core.Geometry):
 -- East limit may be insufficient for global height range
journal (isce.core.DEMInterpolator):
 -- Actual DEM bounds used:
 -- Top Left: 139.999 35.1629
 -- Bottom Right: 141 35.1171 
 -- Spacing: 0.000277778 -0.000277778
 -- Dimensions: 3603 166
journal (isce.core.Geometry):
 -- East limit may be insufficient for global height range
journal (isce.core.DEMInterpolator):
 -- Actual DEM bounds used:
 -- Top Left: 139.999 35.1449
 -- Bottom Right: 141 35.099 
 -- Spacing: 0.000277778 -0.000277778
 -- Dimensions: 3603 166
journal (isce.core.Geometry):
 -- East limit may be insufficient for global height range
journal (isce.core.DEMInterpolator):
 -- Actual DEM bounds used:
 -- Top Left: 139.999 35.1268
 -- Bottom Right: 141 35.0813 
 -- Spacing: 0.000277778 -0.000277778
 -- Dimensions: 3603 165
journal (isce.core.Geometry):
 -- East limit may be insufficient for global height range
journal (isce.core.DEMInterpolator):
 -- Actual DEM bounds used:
 -- Top Left: 139.999 35.1088
 -- Bottom Right: 141 35.0632 
 -- Spacing: 0.000277778 -0.000277778
 -- Dimensions: 3603 165
journal (isce.core.Geometry):
 -- East limit may be insufficient for global height range
journal (isce.core.DEMInterpolator):
 -- Actual DEM bounds used:
 -- Top Left: 139.999 35.091
 -- Bottom Right: 141 35.0451 
 -- Spacing: 0.000277778 -0.000277778
 -- Dimensions: 3603 166
journal (isce.core.Geometry):
 -- East limit may be insufficient for global height range
journal (isce.core.DEMInterpolator):
 -- Actual DEM bounds used:
 -- Top Left: 139.999 35.0729
 -- Bottom Right: 141 35.0271 
 -- Spacing: 0.000277778 -0.000277778
 -- Dimensions: 3603 166
journal (isce.core.Geometry):
 -- East limit may be insufficient for global height range
journal (isce.core.DEMInterpolator):
 -- Actual DEM bounds used:
 -- Top Left: 139.999 35.0549
 -- Bottom Right: 141 35.009 
 -- Spacing: 0.000277778 -0.000277778
 -- Dimensions: 3603 166
journal (isce.core.Geometry):
 -- East limit may be insufficient for global height range
journal (isce.core.DEMInterpolator):
 -- Actual DEM bounds used:
 -- Top Left: 139.999 35.0368
 -- Bottom Right: 141 34.9913 
 -- Spacing: 0.000277778 -0.000277778
 -- Dimensions: 3603 165
journal (isce.core.Geometry):
 -- East limit may be insufficient for global height range
journal (isce.core.DEMInterpolator):
 -- Actual DEM bounds used:
 -- Top Left: 139.999 35.0187
 -- Bottom Right: 141 34.9732 
 -- Spacing: 0.000277778 -0.000277778
 -- Dimensions: 3603 165
journal (isce.core.Geometry):
 -- East limit may be insufficient for global height range
journal (isce.core.DEMInterpolator):
 -- Actual DEM bounds used:
 -- Top Left: 139.999 35.001
 -- Bottom Right: 141 34.9551 
 -- Spacing: 0.000277778 -0.000277778
 -- Dimensions: 3603 166
journal (isce.core.Geometry):
 -- East limit may be insufficient for global height range
journal (isce.core.DEMInterpolator):
 -- Actual DEM bounds used:
 -- Top Left: 139.999 34.9829
 -- Bottom Right: 141 34.9465 
 -- Spacing: 0.000277778 -0.000277778
 -- Dimensions: 3603 132
journal (isce.core.DEMInterpolator):
 -- Actual DEM bounds used:
 -- Top Left: 139.034 35.3693
 -- Bottom Right: 140.114 35.3238 
 -- Spacing: 0.000277778 -0.000277778
 -- Dimensions: 3887 165
journal (isce.core.DEMInterpolator):
 -- Actual DEM bounds used:
 -- Top Left: 139.034 35.3515
 -- Bottom Right: 140.114 35.3057 
 -- Spacing: 0.000277778 -0.000277778
 -- Dimensions: 3887 166
journal (isce.core.DEMInterpolator):
 -- Actual DEM bounds used:
 -- Top Left: 139.034 35.3335
 -- Bottom Right: 140.114 35.2876 
 -- Spacing: 0.000277778 -0.000277778
 -- Dimensions: 3887 166
journal (isce.core.DEMInterpolator):
 -- Actual DEM bounds used:
 -- Top Left: 139.034 35.3154
 -- Bottom Right: 140.114 35.2696 
 -- Spacing: 0.000277778 -0.000277778
 -- Dimensions: 3887 166
journal (isce.core.DEMInterpolator):
 -- Actual DEM bounds used:
 -- Top Left: 139.034 35.2974
 -- Bottom Right: 140.114 35.2518 
 -- Spacing: 0.000277778 -0.000277778
 -- Dimensions: 3887 165
journal (isce.core.DEMInterpolator):
 -- Actual DEM bounds used:
 -- Top Left: 139.034 35.2793
 -- Bottom Right: 140.114 35.2338 
 -- Spacing: 0.000277778 -0.000277778
 -- Dimensions: 3887 165
journal (isce.core.DEMInterpolator):
 -- Actual DEM bounds used:
 -- Top Left: 139.034 35.2615
 -- Bottom Right: 140.114 35.2157 
 -- Spacing: 0.000277778 -0.000277778
 -- Dimensions: 3887 166
journal (isce.core.DEMInterpolator):
 -- Actual DEM bounds used:
 -- Top Left: 139.034 35.2435
 -- Bottom Right: 140.114 35.1976 
 -- Spacing: 0.000277778 -0.000277778
 -- Dimensions: 3887 166
journal (isce.core.DEMInterpolator):
 -- Actual DEM bounds used:
 -- Top Left: 139.034 35.2254
 -- Bottom Right: 140.114 35.1796 
 -- Spacing: 0.000277778 -0.000277778
 -- Dimensions: 3887 166
journal (isce.core.DEMInterpolator):
 -- Actual DEM bounds used:
 -- Top Left: 139.034 35.2074
 -- Bottom Right: 140.114 35.1618 
 -- Spacing: 0.000277778 -0.000277778
 -- Dimensions: 3887 165
journal (isce.core.DEMInterpolator):
 -- Actual DEM bounds used:
 -- Top Left: 139.034 35.1893
 -- Bottom Right: 140.114 35.1438 
 -- Spacing: 0.000277778 -0.000277778
 -- Dimensions: 3887 165
journal (isce.core.DEMInterpolator):
 -- Actual DEM bounds used:
 -- Top Left: 139.034 35.1715
 -- Bottom Right: 140.114 35.1257 
 -- Spacing: 0.000277778 -0.000277778
 -- Dimensions: 3887 166
journal (isce.core.DEMInterpolator):
 -- Actual DEM bounds used:
 -- Top Left: 139.034 35.1535
 -- Bottom Right: 140.114 35.1076 
 -- Spacing: 0.000277778 -0.000277778
 -- Dimensions: 3887 166
journal (isce.core.DEMInterpolator):
 -- Actual DEM bounds used:
 -- Top Left: 139.034 35.1354
 -- Bottom Right: 140.114 35.0896 
 -- Spacing: 0.000277778 -0.000277778
 -- Dimensions: 3887 166
journal (isce.core.DEMInterpolator):
 -- Actual DEM bounds used:
 -- Top Left: 139.034 35.1174
 -- Bottom Right: 140.114 35.0718 
 -- Spacing: 0.000277778 -0.000277778
 -- Dimensions: 3887 165
journal (isce.core.DEMInterpolator):
 -- Actual DEM bounds used:
 -- Top Left: 139.034 35.0993
 -- Bottom Right: 140.114 35.0538 
 -- Spacing: 0.000277778 -0.000277778
 -- Dimensions: 3887 165
journal (isce.core.DEMInterpolator):
 -- Actual DEM bounds used:
 -- Top Left: 139.034 35.0815
 -- Bottom Right: 140.114 35.0357 
 -- Spacing: 0.000277778 -0.000277778
 -- Dimensions: 3887 166
journal (isce.core.DEMInterpolator):
 -- Actual DEM bounds used:
 -- Top Left: 139.034 35.0635
 -- Bottom Right: 140.114 35.0288 
 -- Spacing: 0.000277778 -0.000277778
 -- Dimensions: 3887 126
journal (isce.core.DEMInterpolator):
 -- Actual DEM bounds used:
 -- Top Left: 138.187 35.4279
 -- Bottom Right: 139.148 35.3824 
 -- Spacing: 0.000277778 -0.000277778
 -- Dimensions: 3463 165
journal (isce.core.DEMInterpolator):
 -- Actual DEM bounds used:
 -- Top Left: 138.187 35.4099
 -- Bottom Right: 139.148 35.3643 
 -- Spacing: 0.000277778 -0.000277778
 -- Dimensions: 3463 165
journal (isce.core.DEMInterpolator):
 -- Actual DEM bounds used:
 -- Top Left: 138.187 35.3918
 -- Bottom Right: 139.148 35.3463 
 -- Spacing: 0.000277778 -0.000277778
 -- Dimensions: 3463 165
journal (isce.core.DEMInterpolator):
 -- Actual DEM bounds used:
 -- Top Left: 138.187 35.374
 -- Bottom Right: 139.148 35.3282 
 -- Spacing: 0.000277778 -0.000277778
 -- Dimensions: 3463 166
journal (isce.core.DEMInterpolator):
 -- Actual DEM bounds used:
 -- Top Left: 138.187 35.356
 -- Bottom Right: 139.148 35.3101 
 -- Spacing: 0.000277778 -0.000277778
 -- Dimensions: 3463 166
journal (isce.core.DEMInterpolator):
 -- Actual DEM bounds used:
 -- Top Left: 138.187 35.3379
 -- Bottom Right: 139.148 35.2924 
 -- Spacing: 0.000277778 -0.000277778
 -- Dimensions: 3463 165
journal (isce.core.DEMInterpolator):
 -- Actual DEM bounds used:
 -- Top Left: 138.187 35.3199
 -- Bottom Right: 139.148 35.2743 
 -- Spacing: 0.000277778 -0.000277778
 -- Dimensions: 3463 165
journal (isce.core.DEMInterpolator):
 -- Actual DEM bounds used:
 -- Top Left: 138.187 35.3018
 -- Bottom Right: 139.148 35.2563 
 -- Spacing: 0.000277778 -0.000277778
 -- Dimensions: 3463 165
journal (isce.core.DEMInterpolator):
 -- Actual DEM bounds used:
 -- Top Left: 138.187 35.284
 -- Bottom Right: 139.148 35.2382 
 -- Spacing: 0.000277778 -0.000277778
 -- Dimensions: 3463 166
journal (isce.core.DEMInterpolator):
 -- Actual DEM bounds used:
 -- Top Left: 138.187 35.266
 -- Bottom Right: 139.148 35.2201 
 -- Spacing: 0.000277778 -0.000277778
 -- Dimensions: 3463 166
journal (isce.core.DEMInterpolator):
 -- Actual DEM bounds used:
 -- Top Left: 138.187 35.2479
 -- Bottom Right: 139.148 35.2024 
 -- Spacing: 0.000277778 -0.000277778
 -- Dimensions: 3463 165
journal (isce.core.DEMInterpolator):
 -- Actual DEM bounds used:
 -- Top Left: 138.187 35.2299
 -- Bottom Right: 139.148 35.1843 
 -- Spacing: 0.000277778 -0.000277778
 -- Dimensions: 3463 165
journal (isce.core.DEMInterpolator):
 -- Actual DEM bounds used:
 -- Top Left: 138.187 35.2118
 -- Bottom Right: 139.148 35.1663 
 -- Spacing: 0.000277778 -0.000277778
 -- Dimensions: 3463 165
journal (isce.core.DEMInterpolator):
 -- Actual DEM bounds used:
 -- Top Left: 138.187 35.194
 -- Bottom Right: 139.148 35.1482 
 -- Spacing: 0.000277778 -0.000277778
 -- Dimensions: 3463 166
journal (isce.core.DEMInterpolator):
 -- Actual DEM bounds used:
 -- Top Left: 138.187 35.176
 -- Bottom Right: 139.148 35.1301 
 -- Spacing: 0.000277778 -0.000277778
 -- Dimensions: 3463 166
journal (isce.core.DEMInterpolator):
 -- Actual DEM bounds used:
 -- Top Left: 138.187 35.1579
 -- Bottom Right: 139.148 35.1124 
 -- Spacing: 0.000277778 -0.000277778
 -- Dimensions: 3463 165
journal (isce.core.DEMInterpolator):
 -- Actual DEM bounds used:
 -- Top Left: 138.187 35.1399
 -- Bottom Right: 139.148 35.1096 
 -- Spacing: 0.000277778 -0.000277778
 -- Dimensions: 3463 110
journal (isce.core.DEMInterpolator):
 -- Actual DEM bounds used:
 -- Top Left: 139.964 35.1226
 -- Bottom Right: 140.995 35.0768 
 -- Spacing: 0.000277778 -0.000277778
 -- Dimensions: 3712 166
journal (isce.core.DEMInterpolator):
 -- Actual DEM bounds used:
 -- Top Left: 139.964 35.1046
 -- Bottom Right: 140.995 35.059 
 -- Spacing: 0.000277778 -0.000277778
 -- Dimensions: 3712 165
journal (isce.core.DEMInterpolator):
 -- Actual DEM bounds used:
 -- Top Left: 139.964 35.0865
 -- Bottom Right: 140.995 35.041 
 -- Spacing: 0.000277778 -0.000277778
 -- Dimensions: 3712 165
journal (isce.core.DEMInterpolator):
 -- Actual DEM bounds used:
 -- Top Left: 139.964 35.0685
 -- Bottom Right: 140.995 35.0229 
 -- Spacing: 0.000277778 -0.000277778
 -- Dimensions: 3712 165
journal (isce.core.DEMInterpolator):
 -- Actual DEM bounds used:
 -- Top Left: 139.964 35.0507
 -- Bottom Right: 140.995 35.0049 
 -- Spacing: 0.000277778 -0.000277778
 -- Dimensions: 3712 166
journal (isce.core.DEMInterpolator):
 -- Actual DEM bounds used:
 -- Top Left: 139.964 35.0326
 -- Bottom Right: 140.995 34.9868 
 -- Spacing: 0.000277778 -0.000277778
 -- Dimensions: 3712 166
journal (isce.core.DEMInterpolator):
 -- Actual DEM bounds used:
 -- Top Left: 139.964 35.0146
 -- Bottom Right: 140.995 34.969 
 -- Spacing: 0.000277778 -0.000277778
 -- Dimensions: 3712 165
journal (isce.core.DEMInterpolator):
 -- Actual DEM bounds used:
 -- Top Left: 139.964 34.9965
 -- Bottom Right: 140.995 34.951 
 -- Spacing: 0.000277778 -0.000277778
 -- Dimensions: 3712 165
journal (isce.core.DEMInterpolator):
 -- Actual DEM bounds used:
 -- Top Left: 139.964 34.9785
 -- Bottom Right: 140.995 34.9329 
 -- Spacing: 0.000277778 -0.000277778
 -- Dimensions: 3712 165
journal (isce.core.DEMInterpolator):
 -- Actual DEM bounds used:
 -- Top Left: 139.964 34.9607
 -- Bottom Right: 140.995 34.9149 
 -- Spacing: 0.000277778 -0.000277778
 -- Dimensions: 3712 166
journal (isce.core.DEMInterpolator):
 -- Actual DEM bounds used:
 -- Top Left: 139.964 34.9426
 -- Bottom Right: 140.995 34.8968 
 -- Spacing: 0.000277778 -0.000277778
 -- Dimensions: 3712 166
journal (isce.core.DEMInterpolator):
 -- Actual DEM bounds used:
 -- Top Left: 139.964 34.9246
 -- Bottom Right: 140.995 34.879 
 -- Spacing: 0.000277778 -0.000277778
 -- Dimensions: 3712 165
journal (isce.core.DEMInterpolator):
 -- Actual DEM bounds used:
 -- Top Left: 139.964 34.9065
 -- Bottom Right: 140.995 34.861 
 -- Spacing: 0.000277778 -0.000277778
 -- Dimensions: 3712 165
journal (isce.core.DEMInterpolator):
 -- Actual DEM bounds used:
 -- Top Left: 139.964 34.8885
 -- Bottom Right: 140.995 34.8429 
 -- Spacing: 0.000277778 -0.000277778
 -- Dimensions: 3712 165
journal (isce.core.DEMInterpolator):
 -- Actual DEM bounds used:
 -- Top Left: 139.964 34.8707
 -- Bottom Right: 140.995 34.8249 
 -- Spacing: 0.000277778 -0.000277778
 -- Dimensions: 3712 166
journal (isce.core.DEMInterpolator):
 -- Actual DEM bounds used:
 -- Top Left: 139.964 34.8526
 -- Bottom Right: 140.995 34.8068 
 -- Spacing: 0.000277778 -0.000277778
 -- Dimensions: 3712 166
journal (isce.core.DEMInterpolator):
 -- Actual DEM bounds used:
 -- Top Left: 139.964 34.8346
 -- Bottom Right: 140.995 34.789 
 -- Spacing: 0.000277778 -0.000277778
 -- Dimensions: 3712 165
journal (isce.core.DEMInterpolator):
 -- Actual DEM bounds used:
 -- Top Left: 139.964 34.8165
 -- Bottom Right: 140.995 34.7804 
 -- Spacing: 0.000277778 -0.000277778
 -- Dimensions: 3712 131
journal (isce.core.DEMInterpolator):
 -- Actual DEM bounds used:
 -- Top Left: 139.005 35.2043
 -- Bottom Right: 140.079 35.1585 
 -- Spacing: 0.000277778 -0.000277778
 -- Dimensions: 3868 166
journal (isce.core.DEMInterpolator):
 -- Actual DEM bounds used:
 -- Top Left: 139.005 35.1863
 -- Bottom Right: 140.079 35.1404 
 -- Spacing: 0.000277778 -0.000277778
 -- Dimensions: 3868 166
journal (isce.core.DEMInterpolator):
 -- Actual DEM bounds used:
 -- Top Left: 139.005 35.1682
 -- Bottom Right: 140.079 35.1224 
 -- Spacing: 0.000277778 -0.000277778
 -- Dimensions: 3868 166
journal (isce.core.DEMInterpolator):
 -- Actual DEM bounds used:
 -- Top Left: 139.005 35.1501
 -- Bottom Right: 140.079 35.1046 
 -- Spacing: 0.000277778 -0.000277778
 -- Dimensions: 3868 165
journal (isce.core.DEMInterpolator):
 -- Actual DEM bounds used:
 -- Top Left: 139.005 35.1321
 -- Bottom Right: 140.079 35.0865 
 -- Spacing: 0.000277778 -0.000277778
 -- Dimensions: 3868 165
journal (isce.core.DEMInterpolator):
 -- Actual DEM bounds used:
 -- Top Left: 139.005 35.1143
 -- Bottom Right: 140.079 35.0685 
 -- Spacing: 0.000277778 -0.000277778
 -- Dimensions: 3868 166
journal (isce.core.DEMInterpolator):
 -- Actual DEM bounds used:
 -- Top Left: 139.005 35.0962
 -- Bottom Right: 140.079 35.0504 
 -- Spacing: 0.000277778 -0.000277778
 -- Dimensions: 3868 166
journal (isce.core.DEMInterpolator):
 -- Actual DEM bounds used:
 -- Top Left: 139.005 35.0782
 -- Bottom Right: 140.079 35.0324 
 -- Spacing: 0.000277778 -0.000277778
 -- Dimensions: 3868 166
journal (isce.core.DEMInterpolator):
 -- Actual DEM bounds used:
 -- Top Left: 139.005 35.0601
 -- Bottom Right: 140.079 35.0146 
 -- Spacing: 0.000277778 -0.000277778
 -- Dimensions: 3868 165
journal (isce.core.DEMInterpolator):
 -- Actual DEM bounds used:
 -- Top Left: 139.005 35.0421
 -- Bottom Right: 140.079 34.9965 
 -- Spacing: 0.000277778 -0.000277778
 -- Dimensions: 3868 165
journal (isce.core.DEMInterpolator):
 -- Actual DEM bounds used:
 -- Top Left: 139.005 35.0243
 -- Bottom Right: 140.079 34.9785 
 -- Spacing: 0.000277778 -0.000277778
 -- Dimensions: 3868 166
journal (isce.core.DEMInterpolator):
 -- Actual DEM bounds used:
 -- Top Left: 139.005 35.0063
 -- Bottom Right: 140.079 34.9604 
 -- Spacing: 0.000277778 -0.000277778
 -- Dimensions: 3868 166
journal (isce.core.DEMInterpolator):
 -- Actual DEM bounds used:
 -- Top Left: 139.005 34.9882
 -- Bottom Right: 140.079 34.9424 
 -- Spacing: 0.000277778 -0.000277778
 -- Dimensions: 3868 166
journal (isce.core.DEMInterpolator):
 -- Actual DEM bounds used:
 -- Top Left: 139.005 34.9701
 -- Bottom Right: 140.079 34.9246 
 -- Spacing: 0.000277778 -0.000277778
 -- Dimensions: 3868 165
journal (isce.core.DEMInterpolator):
 -- Actual DEM bounds used:
 -- Top Left: 139.005 34.9521
 -- Bottom Right: 140.079 34.9065 
 -- Spacing: 0.000277778 -0.000277778
 -- Dimensions: 3868 165
journal (isce.core.DEMInterpolator):
 -- Actual DEM bounds used:
 -- Top Left: 139.005 34.9343
 -- Bottom Right: 140.079 34.8885 
 -- Spacing: 0.000277778 -0.000277778
 -- Dimensions: 3868 166
journal (isce.core.DEMInterpolator):
 -- Actual DEM bounds used:
 -- Top Left: 139.005 34.9162
 -- Bottom Right: 140.079 34.8704 
 -- Spacing: 0.000277778 -0.000277778
 -- Dimensions: 3868 166
journal (isce.core.DEMInterpolator):
 -- Actual DEM bounds used:
 -- Top Left: 139.005 34.8982
 -- Bottom Right: 140.079 34.8626 
 -- Spacing: 0.000277778 -0.000277778
 -- Dimensions: 3868 129
journal (isce.core.DEMInterpolator):
 -- Actual DEM bounds used:
 -- Top Left: 138.158 35.261
 -- Bottom Right: 139.115 35.2154 
 -- Spacing: 0.000277778 -0.000277778
 -- Dimensions: 3445 165
journal (isce.core.DEMInterpolator):
 -- Actual DEM bounds used:
 -- Top Left: 138.158 35.2429
 -- Bottom Right: 139.115 35.1974 
 -- Spacing: 0.000277778 -0.000277778
 -- Dimensions: 3445 165
journal (isce.core.DEMInterpolator):
 -- Actual DEM bounds used:
 -- Top Left: 138.158 35.2251
 -- Bottom Right: 139.115 35.1793 
 -- Spacing: 0.000277778 -0.000277778
 -- Dimensions: 3445 166
journal (isce.core.DEMInterpolator):
 -- Actual DEM bounds used:
 -- Top Left: 138.158 35.2071
 -- Bottom Right: 139.115 35.1613 
 -- Spacing: 0.000277778 -0.000277778
 -- Dimensions: 3445 166
journal (isce.core.DEMInterpolator):
 -- Actual DEM bounds used:
 -- Top Left: 138.158 35.189
 -- Bottom Right: 139.115 35.1435 
 -- Spacing: 0.000277778 -0.000277778
 -- Dimensions: 3445 165
journal (isce.core.DEMInterpolator):
 -- Actual DEM bounds used:
 -- Top Left: 138.158 35.171
 -- Bottom Right: 139.115 35.1254 
 -- Spacing: 0.000277778 -0.000277778
 -- Dimensions: 3445 165
journal (isce.core.DEMInterpolator):
 -- Actual DEM bounds used:
 -- Top Left: 138.158 35.1529
 -- Bottom Right: 139.115 35.1074 
 -- Spacing: 0.000277778 -0.000277778
 -- Dimensions: 3445 165
journal (isce.core.DEMInterpolator):
 -- Actual DEM bounds used:
 -- Top Left: 138.158 35.1351
 -- Bottom Right: 139.115 35.0893 
 -- Spacing: 0.000277778 -0.000277778
 -- Dimensions: 3445 166
journal (isce.core.DEMInterpolator):
 -- Actual DEM bounds used:
 -- Top Left: 138.158 35.1171
 -- Bottom Right: 139.115 35.0712 
 -- Spacing: 0.000277778 -0.000277778
 -- Dimensions: 3445 166
journal (isce.core.DEMInterpolator):
 -- Actual DEM bounds used:
 -- Top Left: 138.158 35.099
 -- Bottom Right: 139.115 35.0535 
 -- Spacing: 0.000277778 -0.000277778
 -- Dimensions: 3445 165
journal (isce.core.DEMInterpolator):
 -- Actual DEM bounds used:
 -- Top Left: 138.158 35.081
 -- Bottom Right: 139.115 35.0354 
 -- Spacing: 0.000277778 -0.000277778
 -- Dimensions: 3445 165
journal (isce.core.DEMInterpolator):
 -- Actual DEM bounds used:
 -- Top Left: 138.158 35.0629
 -- Bottom Right: 139.115 35.0174 
 -- Spacing: 0.000277778 -0.000277778
 -- Dimensions: 3445 165
journal (isce.core.DEMInterpolator):
 -- Actual DEM bounds used:
 -- Top Left: 138.158 35.0451
 -- Bottom Right: 139.115 34.9993 
 -- Spacing: 0.000277778 -0.000277778
 -- Dimensions: 3445 166
journal (isce.core.DEMInterpolator):
 -- Actual DEM bounds used:
 -- Top Left: 138.158 35.0271
 -- Bottom Right: 139.115 34.9813 
 -- Spacing: 0.000277778 -0.000277778
 -- Dimensions: 3445 166
journal (isce.core.DEMInterpolator):
 -- Actual DEM bounds used:
 -- Top Left: 138.158 35.009
 -- Bottom Right: 139.115 34.9635 
 -- Spacing: 0.000277778 -0.000277778
 -- Dimensions: 3445 165
journal (isce.core.DEMInterpolator):
 -- Actual DEM bounds used:
 -- Top Left: 138.158 34.991
 -- Bottom Right: 139.115 34.9454 
 -- Spacing: 0.000277778 -0.000277778
 -- Dimensions: 3445 165
journal (isce.core.DEMInterpolator):
 -- Actual DEM bounds used:
 -- Top Left: 138.158 34.9729
 -- Bottom Right: 139.115 34.9443 
 -- Spacing: 0.000277778 -0.000277778
 -- Dimensions: 3445 104
journal (isce.core.DEMInterpolator):
 -- Actual DEM bounds used:
 -- Top Left: 139.927 34.9562
 -- Bottom Right: 140.956 34.9107 
 -- Spacing: 0.000277778 -0.000277778
 -- Dimensions: 3704 165
journal (isce.core.DEMInterpolator):
 -- Actual DEM bounds used:
 -- Top Left: 139.927 34.9382
 -- Bottom Right: 140.956 34.8926 
 -- Spacing: 0.000277778 -0.000277778
 -- Dimensions: 3704 165
journal (isce.core.DEMInterpolator):
 -- Actual DEM bounds used:
 -- Top Left: 139.927 34.9204
 -- Bottom Right: 140.956 34.8746 
 -- Spacing: 0.000277778 -0.000277778
 -- Dimensions: 3704 166
journal (isce.core.DEMInterpolator):
 -- Actual DEM bounds used:
 -- Top Left: 139.927 34.9024
 -- Bottom Right: 140.956 34.8565 
 -- Spacing: 0.000277778 -0.000277778
 -- Dimensions: 3704 166
journal (isce.core.DEMInterpolator):
 -- Actual DEM bounds used:
 -- Top Left: 139.927 34.8843
 -- Bottom Right: 140.956 34.8385 
 -- Spacing: 0.000277778 -0.000277778
 -- Dimensions: 3704 166
journal (isce.core.DEMInterpolator):
 -- Actual DEM bounds used:
 -- Top Left: 139.927 34.8663
 -- Bottom Right: 140.956 34.8207 
 -- Spacing: 0.000277778 -0.000277778
 -- Dimensions: 3704 165
journal (isce.core.DEMInterpolator):
 -- Actual DEM bounds used:
 -- Top Left: 139.927 34.8482
 -- Bottom Right: 140.956 34.8026 
 -- Spacing: 0.000277778 -0.000277778
 -- Dimensions: 3704 165
journal (isce.core.DEMInterpolator):
 -- Actual DEM bounds used:
 -- Top Left: 139.927 34.8304
 -- Bottom Right: 140.956 34.7846 
 -- Spacing: 0.000277778 -0.000277778
 -- Dimensions: 3704 166
journal (isce.core.DEMInterpolator):
 -- Actual DEM bounds used:
 -- Top Left: 139.927 34.8124
 -- Bottom Right: 140.956 34.7665 
 -- Spacing: 0.000277778 -0.000277778
 -- Dimensions: 3704 166
journal (isce.core.DEMInterpolator):
 -- Actual DEM bounds used:
 -- Top Left: 139.927 34.7943
 -- Bottom Right: 140.956 34.7485 
 -- Spacing: 0.000277778 -0.000277778
 -- Dimensions: 3704 166
journal (isce.core.DEMInterpolator):
 -- Actual DEM bounds used:
 -- Top Left: 139.927 34.7762
 -- Bottom Right: 140.956 34.7307 
 -- Spacing: 0.000277778 -0.000277778
 -- Dimensions: 3704 165
journal (isce.core.DEMInterpolator):
 -- Actual DEM bounds used:
 -- Top Left: 139.927 34.7582
 -- Bottom Right: 140.956 34.7126 
 -- Spacing: 0.000277778 -0.000277778
 -- Dimensions: 3704 165
journal (isce.core.DEMInterpolator):
 -- Actual DEM bounds used:
 -- Top Left: 139.927 34.7404
 -- Bottom Right: 140.956 34.6946 
 -- Spacing: 0.000277778 -0.000277778
 -- Dimensions: 3704 166
journal (isce.core.DEMInterpolator):
 -- Actual DEM bounds used:
 -- Top Left: 139.927 34.7224
 -- Bottom Right: 140.956 34.6765 
 -- Spacing: 0.000277778 -0.000277778
 -- Dimensions: 3704 166
journal (isce.core.DEMInterpolator):
 -- Actual DEM bounds used:
 -- Top Left: 139.927 34.7043
 -- Bottom Right: 140.956 34.6585 
 -- Spacing: 0.000277778 -0.000277778
 -- Dimensions: 3704 166
journal (isce.core.DEMInterpolator):
 -- Actual DEM bounds used:
 -- Top Left: 139.927 34.6863
 -- Bottom Right: 140.956 34.6407 
 -- Spacing: 0.000277778 -0.000277778
 -- Dimensions: 3704 165
journal (isce.core.DEMInterpolator):
 -- Actual DEM bounds used:
 -- Top Left: 139.927 34.6682
 -- Bottom Right: 140.956 34.6226 
 -- Spacing: 0.000277778 -0.000277778
 -- Dimensions: 3704 165
journal (isce.core.DEMInterpolator):
 -- Actual DEM bounds used:
 -- Top Left: 139.927 34.6504
 -- Bottom Right: 140.956 34.6143 
 -- Spacing: 0.000277778 -0.000277778
 -- Dimensions: 3704 131
journal (isce.core.DEMInterpolator):
 -- Actual DEM bounds used:
 -- Top Left: 138.966 35.0374
 -- Bottom Right: 140.042 34.9918 
 -- Spacing: 0.000277778 -0.000277778
 -- Dimensions: 3874 165
journal (isce.core.DEMInterpolator):
 -- Actual DEM bounds used:
 -- Top Left: 138.966 35.0196
 -- Bottom Right: 140.042 34.9738 
 -- Spacing: 0.000277778 -0.000277778
 -- Dimensions: 3874 166
journal (isce.core.DEMInterpolator):
 -- Actual DEM bounds used:
 -- Top Left: 138.966 35.0015
 -- Bottom Right: 140.042 34.9557 
 -- Spacing: 0.000277778 -0.000277778
 -- Dimensions: 3874 166
journal (isce.core.DEMInterpolator):
 -- Actual DEM bounds used:
 -- Top Left: 138.966 34.9835
 -- Bottom Right: 140.042 34.9379 
 -- Spacing: 0.000277778 -0.000277778
 -- Dimensions: 3874 165
journal (isce.core.DEMInterpolator):
 -- Actual DEM bounds used:
 -- Top Left: 138.966 34.9654
 -- Bottom Right: 140.042 34.9199 
 -- Spacing: 0.000277778 -0.000277778
 -- Dimensions: 3874 165
journal (isce.core.DEMInterpolator):
 -- Actual DEM bounds used:
 -- Top Left: 138.966 34.9474
 -- Bottom Right: 140.042 34.9018 
 -- Spacing: 0.000277778 -0.000277778
 -- Dimensions: 3874 165
journal (isce.core.DEMInterpolator):
 -- Actual DEM bounds used:
 -- Top Left: 138.966 34.9296
 -- Bottom Right: 140.042 34.8837 
 -- Spacing: 0.000277778 -0.000277778
 -- Dimensions: 3874 166
journal (isce.core.DEMInterpolator):
 -- Actual DEM bounds used:
 -- Top Left: 138.966 34.9115
 -- Bottom Right: 140.042 34.8657 
 -- Spacing: 0.000277778 -0.000277778
 -- Dimensions: 3874 166
journal (isce.core.DEMInterpolator):
 -- Actual DEM bounds used:
 -- Top Left: 138.966 34.8935
 -- Bottom Right: 140.042 34.8479 
 -- Spacing: 0.000277778 -0.000277778
 -- Dimensions: 3874 165
journal (isce.core.DEMInterpolator):
 -- Actual DEM bounds used:
 -- Top Left: 138.966 34.8754
 -- Bottom Right: 140.042 34.8299 
 -- Spacing: 0.000277778 -0.000277778
 -- Dimensions: 3874 165
journal (isce.core.DEMInterpolator):
 -- Actual DEM bounds used:
 -- Top Left: 138.966 34.8574
 -- Bottom Right: 140.042 34.8118 
 -- Spacing: 0.000277778 -0.000277778
 -- Dimensions: 3874 165
journal (isce.core.DEMInterpolator):
 -- Actual DEM bounds used:
 -- Top Left: 138.966 34.8396
 -- Bottom Right: 140.042 34.7938 
 -- Spacing: 0.000277778 -0.000277778
 -- Dimensions: 3874 166
journal (isce.core.DEMInterpolator):
 -- Actual DEM bounds used:
 -- Top Left: 138.966 34.8215
 -- Bottom Right: 140.042 34.7757 
 -- Spacing: 0.000277778 -0.000277778
 -- Dimensions: 3874 166
journal (isce.core.DEMInterpolator):
 -- Actual DEM bounds used:
 -- Top Left: 138.966 34.8035
 -- Bottom Right: 140.042 34.7579 
 -- Spacing: 0.000277778 -0.000277778
 -- Dimensions: 3874 165
journal (isce.core.DEMInterpolator):
 -- Actual DEM bounds used:
 -- Top Left: 138.966 34.7854
 -- Bottom Right: 140.042 34.7399 
 -- Spacing: 0.000277778 -0.000277778
 -- Dimensions: 3874 165
journal (isce.core.DEMInterpolator):
 -- Actual DEM bounds used:
 -- Top Left: 138.966 34.7674
 -- Bottom Right: 140.042 34.7218 
 -- Spacing: 0.000277778 -0.000277778
 -- Dimensions: 3874 165
journal (isce.core.DEMInterpolator):
 -- Actual DEM bounds used:
 -- Top Left: 138.966 34.7496
 -- Bottom Right: 140.042 34.7037 
 -- Spacing: 0.000277778 -0.000277778
 -- Dimensions: 3874 166
journal (isce.core.DEMInterpolator):
 -- Actual DEM bounds used:
 -- Top Left: 138.966 34.7315
 -- Bottom Right: 140.042 34.6965 
 -- Spacing: 0.000277778 -0.000277778
 -- Dimensions: 3874 127
journal (isce.core.DEMInterpolator):
 -- Actual DEM bounds used:
 -- Top Left: 138.129 35.0946
 -- Bottom Right: 139.074 35.049 
 -- Spacing: 0.000277778 -0.000277778
 -- Dimensions: 3403 165
journal (isce.core.DEMInterpolator):
 -- Actual DEM bounds used:
 -- Top Left: 138.129 35.0768
 -- Bottom Right: 139.074 35.031 
 -- Spacing: 0.000277778 -0.000277778
 -- Dimensions: 3403 166
journal (isce.core.DEMInterpolator):
 -- Actual DEM bounds used:
 -- Top Left: 138.129 35.0588
 -- Bottom Right: 139.074 35.0129 
 -- Spacing: 0.000277778 -0.000277778
 -- Dimensions: 3403 166
journal (isce.core.DEMInterpolator):
 -- Actual DEM bounds used:
 -- Top Left: 138.129 35.0407
 -- Bottom Right: 139.074 34.9949 
 -- Spacing: 0.000277778 -0.000277778
 -- Dimensions: 3403 166
journal (isce.core.DEMInterpolator):
 -- Actual DEM bounds used:
 -- Top Left: 138.129 35.0226
 -- Bottom Right: 139.074 34.9771 
 -- Spacing: 0.000277778 -0.000277778
 -- Dimensions: 3403 165
journal (isce.core.DEMInterpolator):
 -- Actual DEM bounds used:
 -- Top Left: 138.129 35.0046
 -- Bottom Right: 139.074 34.959 
 -- Spacing: 0.000277778 -0.000277778
 -- Dimensions: 3403 165
journal (isce.core.DEMInterpolator):
 -- Actual DEM bounds used:
 -- Top Left: 138.129 34.9868
 -- Bottom Right: 139.074 34.941 
 -- Spacing: 0.000277778 -0.000277778
 -- Dimensions: 3403 166
journal (isce.core.DEMInterpolator):
 -- Actual DEM bounds used:
 -- Top Left: 138.129 34.9688
 -- Bottom Right: 139.074 34.9229 
 -- Spacing: 0.000277778 -0.000277778
 -- Dimensions: 3403 166
journal (isce.core.DEMInterpolator):
 -- Actual DEM bounds used:
 -- Top Left: 138.129 34.9507
 -- Bottom Right: 139.074 34.9049 
 -- Spacing: 0.000277778 -0.000277778
 -- Dimensions: 3403 166
journal (isce.core.DEMInterpolator):
 -- Actual DEM bounds used:
 -- Top Left: 138.129 34.9326
 -- Bottom Right: 139.074 34.8871 
 -- Spacing: 0.000277778 -0.000277778
 -- Dimensions: 3403 165
journal (isce.core.DEMInterpolator):
 -- Actual DEM bounds used:
 -- Top Left: 138.129 34.9146
 -- Bottom Right: 139.074 34.869 
 -- Spacing: 0.000277778 -0.000277778
 -- Dimensions: 3403 165
journal (isce.core.DEMInterpolator):
 -- Actual DEM bounds used:
 -- Top Left: 138.129 34.8968
 -- Bottom Right: 139.074 34.851 
 -- Spacing: 0.000277778 -0.000277778
 -- Dimensions: 3403 166
journal (isce.core.DEMInterpolator):
 -- Actual DEM bounds used:
 -- Top Left: 138.129 34.8788
 -- Bottom Right: 139.074 34.8329 
 -- Spacing: 0.000277778 -0.000277778
 -- Dimensions: 3403 166
journal (isce.core.DEMInterpolator):
 -- Actual DEM bounds used:
 -- Top Left: 138.129 34.8607
 -- Bottom Right: 139.074 34.8149 
 -- Spacing: 0.000277778 -0.000277778
 -- Dimensions: 3403 166
journal (isce.core.DEMInterpolator):
 -- Actual DEM bounds used:
 -- Top Left: 138.129 34.8426
 -- Bottom Right: 139.074 34.7971 
 -- Spacing: 0.000277778 -0.000277778
 -- Dimensions: 3403 165
journal (isce.core.DEMInterpolator):
 -- Actual DEM bounds used:
 -- Top Left: 138.129 34.8246
 -- Bottom Right: 139.074 34.779 
 -- Spacing: 0.000277778 -0.000277778
 -- Dimensions: 3403 165
journal (isce.core.DEMInterpolator):
 -- Actual DEM bounds used:
 -- Top Left: 138.129 34.8068
 -- Bottom Right: 139.074 34.7776 
 -- Spacing: 0.000277778 -0.000277778
 -- Dimensions: 3403 106
journal (isce.core.DEMInterpolator):
 -- Actual DEM bounds used:
 -- Top Left: 139.89 34.7901
 -- Bottom Right: 140.917 34.7446 
 -- Spacing: 0.000277778 -0.000277778
 -- Dimensions: 3696 165
journal (isce.core.DEMInterpolator):
 -- Actual DEM bounds used:
 -- Top Left: 139.89 34.7721
 -- Bottom Right: 140.917 34.7265 
 -- Spacing: 0.000277778 -0.000277778
 -- Dimensions: 3696 165
journal (isce.core.DEMInterpolator):
 -- Actual DEM bounds used:
 -- Top Left: 139.89 34.754
 -- Bottom Right: 140.917 34.7085 
 -- Spacing: 0.000277778 -0.000277778
 -- Dimensions: 3696 165
journal (isce.core.DEMInterpolator):
 -- Actual DEM bounds used:
 -- Top Left: 139.89 34.7362
 -- Bottom Right: 140.917 34.6904 
 -- Spacing: 0.000277778 -0.000277778
 -- Dimensions: 3696 166
journal (isce.core.DEMInterpolator):
 -- Actual DEM bounds used:
 -- Top Left: 139.89 34.7182
 -- Bottom Right: 140.917 34.6724 
 -- Spacing: 0.000277778 -0.000277778
 -- Dimensions: 3696 166
journal (isce.core.DEMInterpolator):
 -- Actual DEM bounds used:
 -- Top Left: 139.89 34.7001
 -- Bottom Right: 140.917 34.6546 
 -- Spacing: 0.000277778 -0.000277778
 -- Dimensions: 3696 165
journal (isce.core.DEMInterpolator):
 -- Actual DEM bounds used:
 -- Top Left: 139.89 34.6821
 -- Bottom Right: 140.917 34.6365 
 -- Spacing: 0.000277778 -0.000277778
 -- Dimensions: 3696 165
journal (isce.core.DEMInterpolator):
 -- Actual DEM bounds used:
 -- Top Left: 139.89 34.664
 -- Bottom Right: 140.917 34.6185 
 -- Spacing: 0.000277778 -0.000277778
 -- Dimensions: 3696 165
journal (isce.core.DEMInterpolator):
 -- Actual DEM bounds used:
 -- Top Left: 139.89 34.6463
 -- Bottom Right: 140.917 34.6004 
 -- Spacing: 0.000277778 -0.000277778
 -- Dimensions: 3696 166
journal (isce.core.DEMInterpolator):
 -- Actual DEM bounds used:
 -- Top Left: 139.89 34.6282
 -- Bottom Right: 140.917 34.5824 
 -- Spacing: 0.000277778 -0.000277778
 -- Dimensions: 3696 166
journal (isce.core.DEMInterpolator):
 -- Actual DEM bounds used:
 -- Top Left: 139.89 34.6101
 -- Bottom Right: 140.917 34.5646 
 -- Spacing: 0.000277778 -0.000277778
 -- Dimensions: 3696 165
journal (isce.core.DEMInterpolator):
 -- Actual DEM bounds used:
 -- Top Left: 139.89 34.5921
 -- Bottom Right: 140.917 34.5465 
 -- Spacing: 0.000277778 -0.000277778
 -- Dimensions: 3696 165
journal (isce.core.DEMInterpolator):
 -- Actual DEM bounds used:
 -- Top Left: 139.89 34.574
 -- Bottom Right: 140.917 34.5285 
 -- Spacing: 0.000277778 -0.000277778
 -- Dimensions: 3696 165
journal (isce.core.DEMInterpolator):
 -- Actual DEM bounds used:
 -- Top Left: 139.89 34.5562
 -- Bottom Right: 140.917 34.5104 
 -- Spacing: 0.000277778 -0.000277778
 -- Dimensions: 3696 166
journal (isce.core.DEMInterpolator):
 -- Actual DEM bounds used:
 -- Top Left: 139.89 34.5382
 -- Bottom Right: 140.917 34.4924 
 -- Spacing: 0.000277778 -0.000277778
 -- Dimensions: 3696 166
journal (isce.core.DEMInterpolator):
 -- Actual DEM bounds used:
 -- Top Left: 139.89 34.5201
 -- Bottom Right: 140.917 34.4746 
 -- Spacing: 0.000277778 -0.000277778
 -- Dimensions: 3696 165
journal (isce.core.DEMInterpolator):
 -- Actual DEM bounds used:
 -- Top Left: 139.89 34.5021
 -- Bottom Right: 140.917 34.4565 
 -- Spacing: 0.000277778 -0.000277778
 -- Dimensions: 3696 165
journal (isce.core.DEMInterpolator):
 -- Actual DEM bounds used:
 -- Top Left: 139.89 34.484
 -- Bottom Right: 140.917 34.4485 
 -- Spacing: 0.000277778 -0.000277778
 -- Dimensions: 3696 129
journal (isce.core.DEMInterpolator):
 -- Actual DEM bounds used:
 -- Top Left: 138.937 34.8718
 -- Bottom Right: 140.005 34.8263 
 -- Spacing: 0.000277778 -0.000277778
 -- Dimensions: 3844 165
journal (isce.core.DEMInterpolator):
 -- Actual DEM bounds used:
 -- Top Left: 138.937 34.8537
 -- Bottom Right: 140.005 34.8082 
 -- Spacing: 0.000277778 -0.000277778
 -- Dimensions: 3844 165
journal (isce.core.DEMInterpolator):
 -- Actual DEM bounds used:
 -- Top Left: 138.937 34.836
 -- Bottom Right: 140.005 34.7901 
 -- Spacing: 0.000277778 -0.000277778
 -- Dimensions: 3844 166
journal (isce.core.DEMInterpolator):
 -- Actual DEM bounds used:
 -- Top Left: 138.937 34.8179
 -- Bottom Right: 140.005 34.7721 
 -- Spacing: 0.000277778 -0.000277778
 -- Dimensions: 3844 166
journal (isce.core.DEMInterpolator):
 -- Actual DEM bounds used:
 -- Top Left: 138.937 34.7999
 -- Bottom Right: 140.005 34.7543 
 -- Spacing: 0.000277778 -0.000277778
 -- Dimensions: 3844 165
journal (isce.core.DEMInterpolator):
 -- Actual DEM bounds used:
 -- Top Left: 138.937 34.7818
 -- Bottom Right: 140.005 34.7363 
 -- Spacing: 0.000277778 -0.000277778
 -- Dimensions: 3844 165
journal (isce.core.DEMInterpolator):
 -- Actual DEM bounds used:
 -- Top Left: 138.937 34.7638
 -- Bottom Right: 140.005 34.7182 
 -- Spacing: 0.000277778 -0.000277778
 -- Dimensions: 3844 165
journal (isce.core.DEMInterpolator):
 -- Actual DEM bounds used:
 -- Top Left: 138.937 34.746
 -- Bottom Right: 140.005 34.7001 
 -- Spacing: 0.000277778 -0.000277778
 -- Dimensions: 3844 166
journal (isce.core.DEMInterpolator):
 -- Actual DEM bounds used:
 -- Top Left: 138.937 34.7279
 -- Bottom Right: 140.005 34.6821 
 -- Spacing: 0.000277778 -0.000277778
 -- Dimensions: 3844 166
journal (isce.core.DEMInterpolator):
 -- Actual DEM bounds used:
 -- Top Left: 138.937 34.7099
 -- Bottom Right: 140.005 34.6643 
 -- Spacing: 0.000277778 -0.000277778
 -- Dimensions: 3844 165
journal (isce.core.DEMInterpolator):
 -- Actual DEM bounds used:
 -- Top Left: 138.937 34.6918
 -- Bottom Right: 140.005 34.6463 
 -- Spacing: 0.000277778 -0.000277778
 -- Dimensions: 3844 165
journal (isce.core.DEMInterpolator):
 -- Actual DEM bounds used:
 -- Top Left: 138.937 34.6737
 -- Bottom Right: 140.005 34.6282 
 -- Spacing: 0.000277778 -0.000277778
 -- Dimensions: 3844 165
journal (isce.core.DEMInterpolator):
 -- Actual DEM bounds used:
 -- Top Left: 138.937 34.656
 -- Bottom Right: 140.005 34.6101 
 -- Spacing: 0.000277778 -0.000277778
 -- Dimensions: 3844 166
journal (isce.core.DEMInterpolator):
 -- Actual DEM bounds used:
 -- Top Left: 138.937 34.6379
 -- Bottom Right: 140.005 34.5921 
 -- Spacing: 0.000277778 -0.000277778
 -- Dimensions: 3844 166
journal (isce.core.DEMInterpolator):
 -- Actual DEM bounds used:
 -- Top Left: 138.937 34.6199
 -- Bottom Right: 140.005 34.5743 
 -- Spacing: 0.000277778 -0.000277778
 -- Dimensions: 3844 165
journal (isce.core.DEMInterpolator):
 -- Actual DEM bounds used:
 -- Top Left: 138.937 34.6018
 -- Bottom Right: 140.005 34.5563 
 -- Spacing: 0.000277778 -0.000277778
 -- Dimensions: 3844 165
journal (isce.core.DEMInterpolator):
 -- Actual DEM bounds used:
 -- Top Left: 138.937 34.5838
 -- Bottom Right: 140.005 34.5382 
 -- Spacing: 0.000277778 -0.000277778
 -- Dimensions: 3844 165
journal (isce.core.DEMInterpolator):
 -- Actual DEM bounds used:
 -- Top Left: 138.937 34.566
 -- Bottom Right: 140.005 34.5307 
 -- Spacing: 0.000277778 -0.000277778
 -- Dimensions: 3844 128
journal (isce.core.DEMInterpolator):
 -- Actual DEM bounds used:
 -- Top Left: 138.097 34.9285
 -- Bottom Right: 139.045 34.8826 
 -- Spacing: 0.000277778 -0.000277778
 -- Dimensions: 3412 166
journal (isce.core.DEMInterpolator):
 -- Actual DEM bounds used:
 -- Top Left: 138.097 34.9104
 -- Bottom Right: 139.045 34.8646 
 -- Spacing: 0.000277778 -0.000277778
 -- Dimensions: 3412 166
journal (isce.core.DEMInterpolator):
 -- Actual DEM bounds used:
 -- Top Left: 138.097 34.8924
 -- Bottom Right: 139.045 34.8468 
 -- Spacing: 0.000277778 -0.000277778
 -- Dimensions: 3412 165
journal (isce.core.DEMInterpolator):
 -- Actual DEM bounds used:
 -- Top Left: 138.097 34.8743
 -- Bottom Right: 139.045 34.8288 
 -- Spacing: 0.000277778 -0.000277778
 -- Dimensions: 3412 165
journal (isce.core.DEMInterpolator):
 -- Actual DEM bounds used:
 -- Top Left: 138.097 34.8563
 -- Bottom Right: 139.045 34.8107 
 -- Spacing: 0.000277778 -0.000277778
 -- Dimensions: 3412 165
journal (isce.core.DEMInterpolator):
 -- Actual DEM bounds used:
 -- Top Left: 138.097 34.8385
 -- Bottom Right: 139.045 34.7926 
 -- Spacing: 0.000277778 -0.000277778
 -- Dimensions: 3412 166
journal (isce.core.DEMInterpolator):
 -- Actual DEM bounds used:
 -- Top Left: 138.097 34.8204
 -- Bottom Right: 139.045 34.7746 
 -- Spacing: 0.000277778 -0.000277778
 -- Dimensions: 3412 166
journal (isce.core.DEMInterpolator):
 -- Actual DEM bounds used:
 -- Top Left: 138.097 34.8024
 -- Bottom Right: 139.045 34.7568 
 -- Spacing: 0.000277778 -0.000277778
 -- Dimensions: 3412 165
journal (isce.core.DEMInterpolator):
 -- Actual DEM bounds used:
 -- Top Left: 138.097 34.7843
 -- Bottom Right: 139.045 34.7388 
 -- Spacing: 0.000277778 -0.000277778
 -- Dimensions: 3412 165
journal (isce.core.DEMInterpolator):
 -- Actual DEM bounds used:
 -- Top Left: 138.097 34.7662
 -- Bottom Right: 139.045 34.7207 
 -- Spacing: 0.000277778 -0.000277778
 -- Dimensions: 3412 165
journal (isce.core.DEMInterpolator):
 -- Actual DEM bounds used:
 -- Top Left: 138.097 34.7485
 -- Bottom Right: 139.045 34.7026 
 -- Spacing: 0.000277778 -0.000277778
 -- Dimensions: 3412 166
journal (isce.core.DEMInterpolator):
 -- Actual DEM bounds used:
 -- Top Left: 138.097 34.7304
 -- Bottom Right: 139.045 34.6846 
 -- Spacing: 0.000277778 -0.000277778
 -- Dimensions: 3412 166
journal (isce.core.DEMInterpolator):
 -- Actual DEM bounds used:
 -- Top Left: 138.097 34.7124
 -- Bottom Right: 139.045 34.6668 
 -- Spacing: 0.000277778 -0.000277778
 -- Dimensions: 3412 165
journal (isce.core.DEMInterpolator):
 -- Actual DEM bounds used:
 -- Top Left: 138.097 34.6943
 -- Bottom Right: 139.045 34.6488 
 -- Spacing: 0.000277778 -0.000277778
 -- Dimensions: 3412 165
journal (isce.core.DEMInterpolator):
 -- Actual DEM bounds used:
 -- Top Left: 138.097 34.6763
 -- Bottom Right: 139.045 34.6307 
 -- Spacing: 0.000277778 -0.000277778
 -- Dimensions: 3412 165
journal (isce.core.DEMInterpolator):
 -- Actual DEM bounds used:
 -- Top Left: 138.097 34.6585
 -- Bottom Right: 139.045 34.6126 
 -- Spacing: 0.000277778 -0.000277778
 -- Dimensions: 3412 166
journal (isce.core.DEMInterpolator):
 -- Actual DEM bounds used:
 -- Top Left: 138.097 34.6404
 -- Bottom Right: 139.045 34.6118 
 -- Spacing: 0.000277778 -0.000277778
 -- Dimensions: 3412 104
journal (isce.core.DEMInterpolator):
 -- Actual DEM bounds used:
 -- Top Left: 139.853 34.6243
 -- Bottom Right: 140.878 34.5785 
 -- Spacing: 0.000277778 -0.000277778
 -- Dimensions: 3689 166
journal (isce.core.DEMInterpolator):
 -- Actual DEM bounds used:
 -- Top Left: 139.853 34.6063
 -- Bottom Right: 140.878 34.5604 
 -- Spacing: 0.000277778 -0.000277778
 -- Dimensions: 3689 166
journal (isce.core.DEMInterpolator):
 -- Actual DEM bounds used:
 -- Top Left: 139.853 34.5882
 -- Bottom Right: 140.878 34.5426 
 -- Spacing: 0.000277778 -0.000277778
 -- Dimensions: 3689 165
journal (isce.core.DEMInterpolator):
 -- Actual DEM bounds used:
 -- Top Left: 139.853 34.5701
 -- Bottom Right: 140.878 34.5246 
 -- Spacing: 0.000277778 -0.000277778
 -- Dimensions: 3689 165
journal (isce.core.DEMInterpolator):
 -- Actual DEM bounds used:
 -- Top Left: 139.853 34.5521
 -- Bottom Right: 140.878 34.5065 
 -- Spacing: 0.000277778 -0.000277778
 -- Dimensions: 3689 165
journal (isce.core.DEMInterpolator):
 -- Actual DEM bounds used:
 -- Top Left: 139.853 34.5343
 -- Bottom Right: 140.878 34.4885 
 -- Spacing: 0.000277778 -0.000277778
 -- Dimensions: 3689 166
journal (isce.core.DEMInterpolator):
 -- Actual DEM bounds used:
 -- Top Left: 139.853 34.5162
 -- Bottom Right: 140.878 34.4704 
 -- Spacing: 0.000277778 -0.000277778
 -- Dimensions: 3689 166
journal (isce.core.DEMInterpolator):
 -- Actual DEM bounds used:
 -- Top Left: 139.853 34.4982
 -- Bottom Right: 140.878 34.4526 
 -- Spacing: 0.000277778 -0.000277778
 -- Dimensions: 3689 165
journal (isce.core.DEMInterpolator):
 -- Actual DEM bounds used:
 -- Top Left: 139.853 34.4801
 -- Bottom Right: 140.878 34.4346 
 -- Spacing: 0.000277778 -0.000277778
 -- Dimensions: 3689 165
journal (isce.core.DEMInterpolator):
 -- Actual DEM bounds used:
 -- Top Left: 139.853 34.4621
 -- Bottom Right: 140.878 34.4165 
 -- Spacing: 0.000277778 -0.000277778
 -- Dimensions: 3689 165
journal (isce.core.DEMInterpolator):
 -- Actual DEM bounds used:
 -- Top Left: 139.853 34.4443
 -- Bottom Right: 140.878 34.3985 
 -- Spacing: 0.000277778 -0.000277778
 -- Dimensions: 3689 166
journal (isce.core.DEMInterpolator):
 -- Actual DEM bounds used:
 -- Top Left: 139.853 34.4263
 -- Bottom Right: 140.878 34.3804 
 -- Spacing: 0.000277778 -0.000277778
 -- Dimensions: 3689 166
journal (isce.core.DEMInterpolator):
 -- Actual DEM bounds used:
 -- Top Left: 139.853 34.4082
 -- Bottom Right: 140.878 34.3626 
 -- Spacing: 0.000277778 -0.000277778
 -- Dimensions: 3689 165
journal (isce.core.DEMInterpolator):
 -- Actual DEM bounds used:
 -- Top Left: 139.853 34.3901
 -- Bottom Right: 140.878 34.3446 
 -- Spacing: 0.000277778 -0.000277778
 -- Dimensions: 3689 165
journal (isce.core.DEMInterpolator):
 -- Actual DEM bounds used:
 -- Top Left: 139.853 34.3721
 -- Bottom Right: 140.878 34.3265 
 -- Spacing: 0.000277778 -0.000277778
 -- Dimensions: 3689 165
journal (isce.core.DEMInterpolator):
 -- Actual DEM bounds used:
 -- Top Left: 139.853 34.3543
 -- Bottom Right: 140.878 34.3085 
 -- Spacing: 0.000277778 -0.000277778
 -- Dimensions: 3689 166
journal (isce.core.DEMInterpolator):
 -- Actual DEM bounds used:
 -- Top Left: 139.853 34.3362
 -- Bottom Right: 140.878 34.2904 
 -- Spacing: 0.000277778 -0.000277778
 -- Dimensions: 3689 166
journal (isce.core.DEMInterpolator):
 -- Actual DEM bounds used:
 -- Top Left: 139.853 34.3182
 -- Bottom Right: 140.878 34.2824 
 -- Spacing: 0.000277778 -0.000277778
 -- Dimensions: 3689 130
journal (isce.core.DEMInterpolator):
 -- Actual DEM bounds used:
 -- Top Left: 138.904 34.7051
 -- Bottom Right: 139.968 34.6596 
 -- Spacing: 0.000277778 -0.000277778
 -- Dimensions: 3831 165
journal (isce.core.DEMInterpolator):
 -- Actual DEM bounds used:
 -- Top Left: 138.904 34.6874
 -- Bottom Right: 139.968 34.6415 
 -- Spacing: 0.000277778 -0.000277778
 -- Dimensions: 3831 166
journal (isce.core.DEMInterpolator):
 -- Actual DEM bounds used:
 -- Top Left: 138.904 34.6693
 -- Bottom Right: 139.968 34.6235 
 -- Spacing: 0.000277778 -0.000277778
 -- Dimensions: 3831 166
journal (isce.core.DEMInterpolator):
 -- Actual DEM bounds used:
 -- Top Left: 138.904 34.6512
 -- Bottom Right: 139.968 34.6057 
 -- Spacing: 0.000277778 -0.000277778
 -- Dimensions: 3831 165
journal (isce.core.DEMInterpolator):
 -- Actual DEM bounds used:
 -- Top Left: 138.904 34.6332
 -- Bottom Right: 139.968 34.5876 
 -- Spacing: 0.000277778 -0.000277778
 -- Dimensions: 3831 165
journal (isce.core.DEMInterpolator):
 -- Actual DEM bounds used:
 -- Top Left: 138.904 34.6151
 -- Bottom Right: 139.968 34.5696 
 -- Spacing: 0.000277778 -0.000277778
 -- Dimensions: 3831 165
journal (isce.core.DEMInterpolator):
 -- Actual DEM bounds used:
 -- Top Left: 138.904 34.5974
 -- Bottom Right: 139.968 34.5515 
 -- Spacing: 0.000277778 -0.000277778
 -- Dimensions: 3831 166
journal (isce.core.DEMInterpolator):
 -- Actual DEM bounds used:
 -- Top Left: 138.904 34.5793
 -- Bottom Right: 139.968 34.5335 
 -- Spacing: 0.000277778 -0.000277778
 -- Dimensions: 3831 166
journal (isce.core.DEMInterpolator):
 -- Actual DEM bounds used:
 -- Top Left: 138.904 34.5613
 -- Bottom Right: 139.968 34.5157 
 -- Spacing: 0.000277778 -0.000277778
 -- Dimensions: 3831 165
journal (isce.core.DEMInterpolator):
 -- Actual DEM bounds used:
 -- Top Left: 138.904 34.5432
 -- Bottom Right: 139.968 34.4976 
 -- Spacing: 0.000277778 -0.000277778
 -- Dimensions: 3831 165
journal (isce.core.DEMInterpolator):
 -- Actual DEM bounds used:
 -- Top Left: 138.904 34.5251
 -- Bottom Right: 139.968 34.4796 
 -- Spacing: 0.000277778 -0.000277778
 -- Dimensions: 3831 165
journal (isce.core.DEMInterpolator):
 -- Actual DEM bounds used:
 -- Top Left: 138.904 34.5074
 -- Bottom Right: 139.968 34.4615 
 -- Spacing: 0.000277778 -0.000277778
 -- Dimensions: 3831 166
journal (isce.core.DEMInterpolator):
 -- Actual DEM bounds used:
 -- Top Left: 138.904 34.4893
 -- Bottom Right: 139.968 34.4435 
 -- Spacing: 0.000277778 -0.000277778
 -- Dimensions: 3831 166
journal (isce.core.DEMInterpolator):
 -- Actual DEM bounds used:
 -- Top Left: 138.904 34.4712
 -- Bottom Right: 139.968 34.4257 
 -- Spacing: 0.000277778 -0.000277778
 -- Dimensions: 3831 165
journal (isce.core.DEMInterpolator):
 -- Actual DEM bounds used:
 -- Top Left: 138.904 34.4532
 -- Bottom Right: 139.968 34.4076 
 -- Spacing: 0.000277778 -0.000277778
 -- Dimensions: 3831 165
journal (isce.core.DEMInterpolator):
 -- Actual DEM bounds used:
 -- Top Left: 138.904 34.4351
 -- Bottom Right: 139.968 34.3896 
 -- Spacing: 0.000277778 -0.000277778
 -- Dimensions: 3831 165
journal (isce.core.DEMInterpolator):
 -- Actual DEM bounds used:
 -- Top Left: 138.904 34.4174
 -- Bottom Right: 139.968 34.3715 
 -- Spacing: 0.000277778 -0.000277778
 -- Dimensions: 3831 166
journal (isce.core.DEMInterpolator):
 -- Actual DEM bounds used:
 -- Top Left: 138.904 34.3993
 -- Bottom Right: 139.968 34.3649 
 -- Spacing: 0.000277778 -0.000277778
 -- Dimensions: 3831 125
journal (isce.core.DEMInterpolator):
 -- Actual DEM bounds used:
 -- Top Left: 138.06 34.7624
 -- Bottom Right: 139.01 34.7165 
 -- Spacing: 0.000277778 -0.000277778
 -- Dimensions: 3418 166
journal (isce.core.DEMInterpolator):
 -- Actual DEM bounds used:
 -- Top Left: 138.06 34.7443
 -- Bottom Right: 139.01 34.6988 
 -- Spacing: 0.000277778 -0.000277778
 -- Dimensions: 3418 165
journal (isce.core.DEMInterpolator):
 -- Actual DEM bounds used:
 -- Top Left: 138.06 34.7263
 -- Bottom Right: 139.01 34.6807 
 -- Spacing: 0.000277778 -0.000277778
 -- Dimensions: 3418 165
journal (isce.core.DEMInterpolator):
 -- Actual DEM bounds used:
 -- Top Left: 138.06 34.7082
 -- Bottom Right: 139.01 34.6626 
 -- Spacing: 0.000277778 -0.000277778
 -- Dimensions: 3418 165
journal (isce.core.DEMInterpolator):
 -- Actual DEM bounds used:
 -- Top Left: 138.06 34.6904
 -- Bottom Right: 139.01 34.6446 
 -- Spacing: 0.000277778 -0.000277778
 -- Dimensions: 3418 166
journal (isce.core.DEMInterpolator):
 -- Actual DEM bounds used:
 -- Top Left: 138.06 34.6724
 -- Bottom Right: 139.01 34.6265 
 -- Spacing: 0.000277778 -0.000277778
 -- Dimensions: 3418 166
journal (isce.core.DEMInterpolator):
 -- Actual DEM bounds used:
 -- Top Left: 138.06 34.6543
 -- Bottom Right: 139.01 34.6088 
 -- Spacing: 0.000277778 -0.000277778
 -- Dimensions: 3418 165
journal (isce.core.DEMInterpolator):
 -- Actual DEM bounds used:
 -- Top Left: 138.06 34.6363
 -- Bottom Right: 139.01 34.5907 
 -- Spacing: 0.000277778 -0.000277778
 -- Dimensions: 3418 165
journal (isce.core.DEMInterpolator):
 -- Actual DEM bounds used:
 -- Top Left: 138.06 34.6182
 -- Bottom Right: 139.01 34.5726 
 -- Spacing: 0.000277778 -0.000277778
 -- Dimensions: 3418 165
journal (isce.core.DEMInterpolator):
 -- Actual DEM bounds used:
 -- Top Left: 138.06 34.6004
 -- Bottom Right: 139.01 34.5546 
 -- Spacing: 0.000277778 -0.000277778
 -- Dimensions: 3418 166
journal (isce.core.DEMInterpolator):
 -- Actual DEM bounds used:
 -- Top Left: 138.06 34.5824
 -- Bottom Right: 139.01 34.5365 
 -- Spacing: 0.000277778 -0.000277778
 -- Dimensions: 3418 166
journal (isce.core.DEMInterpolator):
 -- Actual DEM bounds used:
 -- Top Left: 138.06 34.5643
 -- Bottom Right: 139.01 34.5188 
 -- Spacing: 0.000277778 -0.000277778
 -- Dimensions: 3418 165
journal (isce.core.DEMInterpolator):
 -- Actual DEM bounds used:
 -- Top Left: 138.06 34.5463
 -- Bottom Right: 139.01 34.5007 
 -- Spacing: 0.000277778 -0.000277778
 -- Dimensions: 3418 165
journal (isce.core.DEMInterpolator):
 -- Actual DEM bounds used:
 -- Top Left: 138.06 34.5282
 -- Bottom Right: 139.01 34.4826 
 -- Spacing: 0.000277778 -0.000277778
 -- Dimensions: 3418 165
journal (isce.core.DEMInterpolator):
 -- Actual DEM bounds used:
 -- Top Left: 138.06 34.5104
 -- Bottom Right: 139.01 34.4646 
 -- Spacing: 0.000277778 -0.000277778
 -- Dimensions: 3418 166
journal (isce.core.DEMInterpolator):
 -- Actual DEM bounds used:
 -- Top Left: 138.06 34.4924
 -- Bottom Right: 139.01 34.4465 
 -- Spacing: 0.000277778 -0.000277778
 -- Dimensions: 3418 166
journal (isce.core.DEMInterpolator):
 -- Actual DEM bounds used:
 -- Top Left: 138.06 34.4743
 -- Bottom Right: 139.01 34.4288 
 -- Spacing: 0.000277778 -0.000277778
 -- Dimensions: 3418 165
journal (isce.core.DEMInterpolator):
 -- Actual DEM bounds used:
 -- Top Left: 138.06 34.4562
 -- Bottom Right: 139.01 34.4243 
 -- Spacing: 0.000277778 -0.000277778
 -- Dimensions: 3418 116
journal (isce.core.DEMInterpolator):
 -- Actual DEM bounds used:
 -- Top Left: 139.812 34.4582
 -- Bottom Right: 140.839 34.4126 
 -- Spacing: 0.000277778 -0.000277778
 -- Dimensions: 3697 165
journal (isce.core.DEMInterpolator):
 -- Actual DEM bounds used:
 -- Top Left: 139.812 34.4404
 -- Bottom Right: 140.839 34.3946 
 -- Spacing: 0.000277778 -0.000277778
 -- Dimensions: 3697 166
journal (isce.core.DEMInterpolator):
 -- Actual DEM bounds used:
 -- Top Left: 139.812 34.4224
 -- Bottom Right: 140.839 34.3765 
 -- Spacing: 0.000277778 -0.000277778
 -- Dimensions: 3697 166
journal (isce.core.DEMInterpolator):
 -- Actual DEM bounds used:
 -- Top Left: 139.812 34.4043
 -- Bottom Right: 140.839 34.3585 
 -- Spacing: 0.000277778 -0.000277778
 -- Dimensions: 3697 166
journal (isce.core.DEMInterpolator):
 -- Actual DEM bounds used:
 -- Top Left: 139.812 34.3863
 -- Bottom Right: 140.839 34.3407 
 -- Spacing: 0.000277778 -0.000277778
 -- Dimensions: 3697 165
journal (isce.core.DEMInterpolator):
 -- Actual DEM bounds used:
 -- Top Left: 139.812 34.3682
 -- Bottom Right: 140.839 34.3226 
 -- Spacing: 0.000277778 -0.000277778
 -- Dimensions: 3697 165
journal (isce.core.DEMInterpolator):
 -- Actual DEM bounds used:
 -- Top Left: 139.812 34.3504
 -- Bottom Right: 140.839 34.3046 
 -- Spacing: 0.000277778 -0.000277778
 -- Dimensions: 3697 166
journal (isce.core.DEMInterpolator):
 -- Actual DEM bounds used:
 -- Top Left: 139.812 34.3324
 -- Bottom Right: 140.839 34.2865 
 -- Spacing: 0.000277778 -0.000277778
 -- Dimensions: 3697 166
journal (isce.core.DEMInterpolator):
 -- Actual DEM bounds used:
 -- Top Left: 139.812 34.3143
 -- Bottom Right: 140.839 34.2685 
 -- Spacing: 0.000277778 -0.000277778
 -- Dimensions: 3697 166
journal (isce.core.DEMInterpolator):
 -- Actual DEM bounds used:
 -- Top Left: 139.812 34.2963
 -- Bottom Right: 140.839 34.2507 
 -- Spacing: 0.000277778 -0.000277778
 -- Dimensions: 3697 165
journal (isce.core.DEMInterpolator):
 -- Actual DEM bounds used:
 -- Top Left: 139.812 34.2782
 -- Bottom Right: 140.839 34.2326 
 -- Spacing: 0.000277778 -0.000277778
 -- Dimensions: 3697 165
journal (isce.core.DEMInterpolator):
 -- Actual DEM bounds used:
 -- Top Left: 139.812 34.2604
 -- Bottom Right: 140.839 34.2146 
 -- Spacing: 0.000277778 -0.000277778
 -- Dimensions: 3697 166
journal (isce.core.DEMInterpolator):
 -- Actual DEM bounds used:
 -- Top Left: 139.812 34.2424
 -- Bottom Right: 140.839 34.1965 
 -- Spacing: 0.000277778 -0.000277778
 -- Dimensions: 3697 166
journal (isce.core.DEMInterpolator):
 -- Actual DEM bounds used:
 -- Top Left: 139.812 34.2243
 -- Bottom Right: 140.839 34.1785 
 -- Spacing: 0.000277778 -0.000277778
 -- Dimensions: 3697 166
journal (isce.core.DEMInterpolator):
 -- Actual DEM bounds used:
 -- Top Left: 139.812 34.2062
 -- Bottom Right: 140.839 34.1607 
 -- Spacing: 0.000277778 -0.000277778
 -- Dimensions: 3697 165
journal (isce.core.DEMInterpolator):
 -- Actual DEM bounds used:
 -- Top Left: 139.812 34.1882
 -- Bottom Right: 140.839 34.1426 
 -- Spacing: 0.000277778 -0.000277778
 -- Dimensions: 3697 165
journal (isce.core.DEMInterpolator):
 -- Actual DEM bounds used:
 -- Top Left: 139.812 34.1704
 -- Bottom Right: 140.839 34.1246 
 -- Spacing: 0.000277778 -0.000277778
 -- Dimensions: 3697 166
journal (isce.core.DEMInterpolator):
 -- Actual DEM bounds used:
 -- Top Left: 139.812 34.1524
 -- Bottom Right: 140.839 34.1065 
 -- Spacing: 0.000277778 -0.000277778
 -- Dimensions: 3697 166
journal (isce.core.DEMInterpolator):
 -- Actual DEM bounds used:
 -- Top Left: 139.812 34.1343
 -- Bottom Right: 140.839 34.0971 
 -- Spacing: 0.000277778 -0.000277778
 -- Dimensions: 3697 135
journal (isce.core.DEMInterpolator):
 -- Actual DEM bounds used:
 -- Top Left: 138.865 34.5393
 -- Bottom Right: 139.931 34.4935 
 -- Spacing: 0.000277778 -0.000277778
 -- Dimensions: 3840 166
journal (isce.core.DEMInterpolator):
 -- Actual DEM bounds used:
 -- Top Left: 138.865 34.5213
 -- Bottom Right: 139.931 34.4754 
 -- Spacing: 0.000277778 -0.000277778
 -- Dimensions: 3840 166
journal (isce.core.DEMInterpolator):
 -- Actual DEM bounds used:
 -- Top Left: 138.865 34.5032
 -- Bottom Right: 139.931 34.4576 
 -- Spacing: 0.000277778 -0.000277778
 -- Dimensions: 3840 165
journal (isce.core.DEMInterpolator):
 -- Actual DEM bounds used:
 -- Top Left: 138.865 34.4851
 -- Bottom Right: 139.931 34.4396 
 -- Spacing: 0.000277778 -0.000277778
 -- Dimensions: 3840 165
journal (isce.core.DEMInterpolator):
 -- Actual DEM bounds used:
 -- Top Left: 138.865 34.4671
 -- Bottom Right: 139.931 34.4215 
 -- Spacing: 0.000277778 -0.000277778
 -- Dimensions: 3840 165
journal (isce.core.DEMInterpolator):
 -- Actual DEM bounds used:
 -- Top Left: 138.865 34.4493
 -- Bottom Right: 139.931 34.4035 
 -- Spacing: 0.000277778 -0.000277778
 -- Dimensions: 3840 166
journal (isce.core.DEMInterpolator):
 -- Actual DEM bounds used:
 -- Top Left: 138.865 34.4312
 -- Bottom Right: 139.931 34.3854 
 -- Spacing: 0.000277778 -0.000277778
 -- Dimensions: 3840 166
journal (isce.core.DEMInterpolator):
 -- Actual DEM bounds used:
 -- Top Left: 138.865 34.4132
 -- Bottom Right: 139.931 34.3676 
 -- Spacing: 0.000277778 -0.000277778
 -- Dimensions: 3840 165
journal (isce.core.DEMInterpolator):
 -- Actual DEM bounds used:
 -- Top Left: 138.865 34.3951
 -- Bottom Right: 139.931 34.3496 
 -- Spacing: 0.000277778 -0.000277778
 -- Dimensions: 3840 165
journal (isce.core.DEMInterpolator):
 -- Actual DEM bounds used:
 -- Top Left: 138.865 34.3771
 -- Bottom Right: 139.931 34.3315 
 -- Spacing: 0.000277778 -0.000277778
 -- Dimensions: 3840 165
journal (isce.core.DEMInterpolator):
 -- Actual DEM bounds used:
 -- Top Left: 138.865 34.3593
 -- Bottom Right: 139.931 34.3135 
 -- Spacing: 0.000277778 -0.000277778
 -- Dimensions: 3840 166
journal (isce.core.DEMInterpolator):
 -- Actual DEM bounds used:
 -- Top Left: 138.865 34.3413
 -- Bottom Right: 139.931 34.2954 
 -- Spacing: 0.000277778 -0.000277778
 -- Dimensions: 3840 166
journal (isce.core.DEMInterpolator):
 -- Actual DEM bounds used:
 -- Top Left: 138.865 34.3232
 -- Bottom Right: 139.931 34.2776 
 -- Spacing: 0.000277778 -0.000277778
 -- Dimensions: 3840 165
journal (isce.core.DEMInterpolator):
 -- Actual DEM bounds used:
 -- Top Left: 138.865 34.3051
 -- Bottom Right: 139.931 34.2596 
 -- Spacing: 0.000277778 -0.000277778
 -- Dimensions: 3840 165
journal (isce.core.DEMInterpolator):
 -- Actual DEM bounds used:
 -- Top Left: 138.865 34.2871
 -- Bottom Right: 139.931 34.2415 
 -- Spacing: 0.000277778 -0.000277778
 -- Dimensions: 3840 165
journal (isce.core.DEMInterpolator):
 -- Actual DEM bounds used:
 -- Top Left: 138.865 34.2693
 -- Bottom Right: 139.931 34.2235 
 -- Spacing: 0.000277778 -0.000277778
 -- Dimensions: 3840 166
journal (isce.core.DEMInt# loading inputs from configs/trial_a100_frame.yaml
Chi squared: 0.000419
Chi squared: 0.000802
Chi squared: 0.002173
Chi squared: 0.002775
Chi squared: 0.000025
Chi squared: 0.000022
Chi squared: 0.000024
Chi squared: 0.000025
Chi squared: 0.000022
Chi squared: 0.000024
Chi squared: 0.000094
Chi squared: 0.000262
Chi squared: 0.000313
Chi squared: 0.000186
Chi squared: 0.000527
Chi squared: 0.000664
Chi squared: 0.000149
Chi squared: 0.000427
Chi squared: 0.000538
Chi squared: 0.000044
Chi squared: 0.000099
Chi squared: 0.000105
Chi squared: 0.000111
Chi squared: 0.000321
Chi squared: 0.000404
Chi squared: 0.000626
Chi squared: 0.001717
# 27 burst(s): ['t046_097519_iw3', 't046_097520_iw1', 't046_097520_iw2', 't046_097520_iw3', 't046_097521_iw1', 't046_097521_iw2', 't046_097521_iw3', 't046_097522_iw1', 't046_097522_iw2', 't046_097522_iw3', 't046_097523_iw1', 't046_097523_iw2', 't046_097523_iw3', 't046_097524_iw1', 't046_097524_iw2', 't046_097524_iw3', 't046_097525_iw1', 't046_097525_iw2', 't046_097525_iw3', 't046_097526_iw1', 't046_097526_iw2', 't046_097526_iw3', 't046_097527_iw1', 't046_097527_iw2', 't046_097527_iw3', 't046_097528_iw1', 't046_097528_iw2']
# gpu batch pass (cold start on burst 1, then sequential)
  batch t046_097519_iw3: 2.98 s
  batch t046_097520_iw1: 2.21 s
  batch t046_097520_iw2: 2.52 s
  batch t046_097520_iw3: 2.11 s
  batch t046_097521_iw1: 2.31 s
  batch t046_097521_iw2: 2.53 s
  batch t046_097521_iw3: 2.14 s
  batch t046_097522_iw1: 2.32 s
  batch t046_097522_iw2: 2.53 s
  batch t046_097522_iw3: 2.09 s
  batch t046_097523_iw1: 2.10 s
  batch t046_097523_iw2: 2.52 s
  batch t046_097523_iw3: 2.02 s
  batch t046_097524_iw1: 0.99 s
  batch t046_097524_iw2: 2.45 s
  batch t046_097524_iw3: 1.98 s
  batch t046_097525_iw1: 0.79 s
  batch t046_097525_iw2: 2.43 s
  batch t046_097525_iw3: 2.03 s
  batch t046_097526_iw1: 0.86 s
  batch t046_097526_iw2: 2.40 s
  batch t046_097526_iw3: 1.99 s
  batch t046_097527_iw1: 0.78 s
  batch t046_097527_iw2: 2.41 s
  batch t046_097527_iw3: 1.97 s
  batch t046_097528_iw1: 0.97 s
  batch t046_097528_iw2: 2.57 s
  t046_097519_iw3: gpu 1.96s
  t046_097520_iw1: gpu 2.05s
  t046_097520_iw2: gpu 2.37s
  t046_097520_iw3: gpu 1.90s
  t046_097521_iw1: gpu 1.98s
  t046_097521_iw2: gpu 2.43s
  t046_097521_iw3: gpu 1.94s
  t046_097522_iw1: gpu 2.02s
  t046_097522_iw2: gpu 2.49s
  t046_097522_iw3: gpu 2.02s
  t046_097523_iw1: gpu 2.04s
  t046_097523_iw2: gpu 2.38s
  t046_097523_iw3: gpu 1.98s
  t046_097524_iw1: gpu 0.82s
  t046_097524_iw2: gpu 2.24s
  t046_097524_iw3: gpu 1.92s
  t046_097525_iw1: gpu 0.60s
  t046_097525_iw2: gpu 2.38s
  t046_097525_iw3: gpu 1.91s
  t046_097526_iw1: gpu 0.65s
  t046_097526_iw2: gpu 2.42s
  t046_097526_iw3: gpu 1.89s
  t046_097527_iw1: gpu 0.64s
  t046_097527_iw2: gpu 2.26s
  t046_097527_iw3: gpu 1.90s
  t046_097528_iw1: gpu 0.80s
  t046_097528_iw2: gpu 2.28s
# aggregate: {"gpu_sum_of_medians_s": 50.29, "gpu_batch_total_wall_s": 62.002}
# wrote /workspace/logs_runpod-a100/20260720T153656Z_trial_subswath/results.json
erpolator):
 -- Actual DEM bounds used:
 -- Top Left: 138.865 34.2512
 -- Bottom Right: 139.931 34.2054 
 -- Spacing: 0.000277778 -0.000277778
 -- Dimensions: 3840 166
journal (isce.core.DEMInterpolator):
 -- Actual DEM bounds used:
 -- Top Left: 138.865 34.2332
 -- Bottom Right: 139.931 34.1876 
 -- Spacing: 0.000277778 -0.000277778
 -- Dimensions: 3840 165
journal (isce.core.DEMInterpolator):
 -- Actual DEM bounds used:
 -- Top Left: 138.865 34.2151
 -- Bottom Right: 139.931 34.1779 
 -- Spacing: 0.000277778 -0.000277778
 -- Dimensions: 3840 135
