journal (isce.core.DEMInterpolator):
 -- Actual DEM bounds used:
 -- Top Left: 139.142 35.8671
 -- Bottom Right: 140.228 35.8212 
 -- Spacing: 0.000277778 -0.000277778
 -- Dimensions: 3911 166
journal (isce.core.DEMInterpolator):
 -- Actual DEM bounds used:
 -- Top Left: 139.142 35.849
 -- Bottom Right: 140.228 35.8032 
 -- Spacing: 0.000277778 -0.000277778
 -- Dimensions: 3911 166
journal (isce.core.DEMInterpolator):
 -- Actual DEM bounds used:
 -- Top Left: 139.142 35.831
 -- Bottom Right: 140.228 35.7851 
 -- Spacing: 0.000277778 -0.000277778
 -- Dimensions: 3911 166
journal (isce.core.DEMInterpolator):
 -- Actual DEM bounds used:
 -- Top Left: 139.142 35.8129
 -- Bottom Right: 140.228 35.7674 
 -- Spacing: 0.000277778 -0.000277778
 -- Dimensions: 3911 165
journal (isce.core.DEMInterpolator):
 -- Actual DEM bounds used:
 -- Top Left: 139.142 35.7949
 -- Bottom Right: 140.228 35.7493 
 -- Spacing: 0.000277778 -0.000277778
 -- Dimensions: 3911 165
journal (isce.core.DEMInterpolator):
 -- Actual DEM bounds used:
 -- Top Left: 139.142 35.7771
 -- Bottom Right: 140.228 35.7313 
 -- Spacing: 0.000277778 -0.000277778
 -- Dimensions: 3911 166
journal (isce.core.DEMInterpolator):
 -- Actual DEM bounds used:
 -- Top Left: 139.142 35.759
 -- Bottom Right: 140.228 35.7132 
 -- Spacing: 0.000277778 -0.000277778
 -- Dimensions: 3911 166
journal (isce.core.DEMInterpolator):
 -- Actual DEM bounds used:
 -- Top Left: 139.142 35.741
 -- Bottom Right: 140.228 35.6951 
 -- Spacing: 0.000277778 -0.000277778
 -- Dimensions: 3911 166
journal (isce.core.DEMInterpolator):
 -- Actual DEM bounds used:
 -- Top Left: 139.142 35.7229
 -- Bottom Right: 140.228 35.6774 
 -- Spacing: 0.000277778 -0.000277778
 -- Dimensions: 3911 165
journal (isce.core.DEMInterpolator):
 -- Actual DEM bounds used:
 -- Top Left: 139.142 35.7049
 -- Bottom Right: 140.228 35.6593 
 -- Spacing: 0.000277778 -0.000277778
 -- Dimensions: 3911 165
journal (isce.core.DEMInterpolator):
 -- Actual DEM bounds used:
 -- Top Left: 139.142 35.6871
 -- Bottom Right: 140.228 35.6412 
 -- Spacing: 0.000277778 -0.000277778
 -- Dimensions: 3911 166
journal (isce.core.DEMInterpolator):
 -- Actual DEM bounds used:
 -- Top Left: 139.142 35.669
 -- Bottom Right: 140.228 35.6232 
 -- Spacing: 0.000277778 -0.000277778
 -- Dimensions: 3911 166
journal (isce.core.DEMInterpolator):
 -- Actual DEM bounds used:
 -- Top Left: 139.142 35.651
 -- Bottom Right: 140.228 35.6051 
 -- Spacing: 0.000277778 -0.000277778
 -- Dimensions: 3911 166
journal (isce.core.DEMInterpolator):
 -- Actual DEM bounds used:
 -- Top Left: 139.142 35.6329
 -- Bottom Right: 140.228 35.5874 
 -- Spacing: 0.000277778 -0.000277778
 -- Dimensions: 3911 165
journal (isce.core.DEMInterpolator):
 -- Actual DEM bounds used:
 -- Top Left: 139.142 35.6149
 -- Bottom Right: 140.228 35.5693 
 -- Spacing: 0.000277778 -0.000277778
 -- Dimensions: 3911 165
journal (isce.core.DEMInterpolator):
 -- Actual DEM bounds used:
 -- Top Left: 139.142 35.5971
 -- Bottom Right: 140.228 35.5512 
 -- Spacing: 0.000277778 -0.000277778
 -- Dimensions: 3911 166
journal (isce.core.DEMInterpolator):
 -- Actual DEM bounds used:
 -- Top Left: 139.142 35.579
 -- Bottom Right: 140.228 35.5332 
 -- Spacing: 0.000277778 -0.000277778
 -- Dimensions: 3911 166
journal (isce.core.DEMInterpolator):
 -- Actual DEM bounds used:
 -- Top Left: 139.142 35.561
 -- Bottom Right: 140.228 35.5263 
 -- Spacing: 0.000277778 -0.000277778
 -- Dimensions: 3911 126
journal (isce.core.DEMInterpolator):
 -- Actual DEM bounds used:
 -- Top Left: 139.107 35.7013
 -- Bottom Right: 140.19 35.6554 
 -- Spacing: 0.000277778 -0.000277778
 -- Dimensions: 3903 166
journal (isce.core.DEMInterpolator):
 -- Actual DEM bounds used:
 -- Top Left: 139.107 35.6832
 -- Bottom Right: 140.19 35.6374 
 -- Spacing: 0.000277778 -0.000277778
 -- Dimensions: 3903 166
journal (isce.core.DEMInterpolator):
 -- Actual DEM bounds used:
 -- Top Left: 139.107 35.6651
 -- Bottom Right: 140.19 35.6196 
 -- Spacing: 0.000277778 -0.000277778
 -- Dimensions: 3903 165
journal (isce.core.DEMInterpolator):
 -- Actual DEM bounds used:
 -- Top Left: 139.107 35.6471
 -- Bottom Right: 140.19 35.6015 
 -- Spacing: 0.000277778 -0.000277778
 -- Dimensions: 3903 165
journal (isce.core.DEMInterpolator):
 -- Actual DEM bounds used:
 -- Top Left: 139.107 35.6293
 -- Bottom Right: 140.19 35.5835 
 -- Spacing: 0.000277778 -0.000277778
 -- Dimensions: 3903 166
journal (isce.core.DEMInterpolator):
 -- Actual DEM bounds used:
 -- Top Left: 139.107 35.6112
 -- Bottom Right: 140.19 35.5654 
 -- Spacing: 0.000277778 -0.000277778
 -- Dimensions: 3903 166
journal (isce.core.DEMInterpolator):
 -- Actual DEM bounds used:
 -- Top Left: 139.107 35.5932
 -- Bottom Right: 140.19 35.5474 
 -- Spacing: 0.000277778 -0.000277778
 -- Dimensions: 3903 166
journal (isce.core.DEMInterpolator):
 -- Actual DEM bounds used:
 -- Top Left: 139.107 35.5751
 -- Bottom Right: 140.19 35.5296 
 -- Spacing: 0.000277778 -0.000277778
 -- Dimensions: 3903 165
journal (isce.core.DEMInterpolator):
 -- Actual DEM bounds used:
 -- Top Left: 139.107 35.5571
 -- Bottom Right: 140.19 35.5115 
 -- Spacing: 0.000277778 -0.000277778
 -- Dimensions: 3903 165
journal (isce.core.DEMInterpolator):
 -- Actual DEM bounds used:
 -- Top Left: 139.107 35.5393
 -- Bottom Right: 140.19 35.4935 
 -- Spacing: 0.000277778 -0.000277778
 -- Dimensions: 3903 166
journal (isce.core.DEMInterpolator):
 -- Actual DEM bounds used:
 -- Top Left: 139.107 35.5213
 -- Bottom Right: 140.19 35.4754 
 -- Spacing: 0.000277778 -0.000277778
 -- Dimensions: 3903 166
journal (isce.core.DEMInterpolator):
 -- Actual DEM bounds used:
 -- Top Left: 139.107 35.5032
 -- Bottom Right: 140.19 35.4574 
 -- Spacing: 0.000277778 -0.000277778
 -- Dimensions: 3903 166
journal (isce.core.DEMInterpolator):
 -- Actual DEM bounds used:
 -- Top Left: 139.107 35.4851
 -- Bottom Right: 140.19 35.4396 
 -- Spacing: 0.000277778 -0.000277778
 -- Dimensions: 3903 165
journal (isce.core.DEMInterpolator):
 -- Actual DEM bounds used:
 -- Top Left: 139.107 35.4671
 -- Bottom Right: 140.19 35.4215 
 -- Spacing: 0.000277778 -0.000277778
 -- Dimensions: 3903 165
journal (isce.core.DEMInterpolator):
 -- Actual DEM bounds used:
 -- Top Left: 139.107 35.4493
 -- Bottom Right: 140.19 35.4035 
 -- Spacing: 0.000277778 -0.000277778
 -- Dimensions: 3903 166
journal (isce.core.DEMInterpolator):
 -- Actual DEM bounds used:
 -- Top Left: 139.107 35.4312
 -- Bottom Right: 140.19 35.3854 
 -- Spacing: 0.000277778 -0.000277778
 -- Dimensions: 3903 166
journal (isce.core.DEMInterpolator):
 -- Actual DEM bounds used:
 -- Top Left: 139.107 35.4132
 -- Bottom Right: 140.19 35.3674 
 -- Spacing: 0.000277778 -0.000277778
 -- Dimensions: 3903 166
journal (isce.core.DEMInterpolator):
 -- Actual DEM bounds used:
 -- Top Left: 139.107 35.3951
 -- Bottom Right: 140.19 35.3604 
 -- Spacing: 0.000277778 -0.000277778
 -- Dimensions: 3903 126
journal (isce.core.DEMInterpolator):
 -- Actual DEM bounds used:
 -- Top Left: 139.075 35.5351
 -- Bottom Right: 140.153 35.4896 
 -- Spacing: 0.000277778 -0.000277778
 -- Dimensions: 3882 165
journal (isce.core.DEMInterpolator):
 -- Actual DEM bounds used:
 -- Top Left: 139.075 35.5174
 -- Bottom Right: 140.153 35.4715 
 -- Spacing: 0.000277778 -0.000277778
 -- Dimensions: 3882 166
journal (isce.core.DEMInterpolator):
 -- Actual DEM bounds used:
 -- Top Left: 139.075 35.4993
 -- Bottom Right: 140.153 35.4535 
 -- Spacing: 0.000277778 -0.000277778
 -- Dimensions: 3882 166
journal (isce.core.DEMInterpolator):
 -- Actual DEM bounds used:
 -- Top Left: 139.075 35.4813
 -- Bottom Right: 140.153 35.4357 
 -- Spacing: 0.000277778 -0.000277778
 -- Dimensions: 3882 165
journal (isce.core.DEMInterpolator):
 -- Actual DEM bounds used:
 -- Top Left: 139.075 35.4632
 -- Bottom Right: 140.153 35.4176 
 -- Spacing: 0.000277778 -0.000277778
 -- Dimensions: 3882 165
journal (isce.core.DEMInterpolator):
 -- Actual DEM bounds used:
 -- Top Left: 139.075 35.4451
 -- Bottom Right: 140.153 35.3996 
 -- Spacing: 0.000277778 -0.000277778
 -- Dimensions: 3882 165
journal (isce.core.DEMInterpolator):
 -- Actual DEM bounds used:
 -- Top Left: 139.075 35.4274
 -- Bottom Right: 140.153 35.3815 
 -- Spacing: 0.000277778 -0.000277778
 -- Dimensions: 3882 166
journal (isce.core.DEMInterpolator):
 -- Actual DEM bounds used:
 -- Top Left: 139.075 35.4093
 -- Bottom Right: 140.153 35.3635 
 -- Spacing: 0.000277778 -0.000277778
 -- Dimensions: 3882 166
journal (isce.core.DEMInterpolator):
 -- Actual DEM bounds used:
 -- Top Left: 139.075 35.3912
 -- Bottom Right: 140.153 35.3457 
 -- Spacing: 0.000277778 -0.000277778
 -- Dimensions: 3882 165
journal (isce.core.DEMInterpolator):
 -- Actual DEM bounds used:
 -- Top Left: 139.075 35.3732
 -- Bottom Right: 140.153 35.3276 
 -- Spacing: 0.000277778 -0.000277778
 -- Dimensions: 3882 165
journal (isce.core.DEMInterpolator):
 -- Actual DEM bounds used:
 -- Top Left: 139.075 35.3551
 -- Bottom Right: 140.153 35.3096 
 -- Spacing: 0.000277778 -0.000277778
 -- Dimensions: 3882 165
journal (isce.core.DEMInterpolator):
 -- Actual DEM bounds used:
 -- Top Left: 139.075 35.3374
 -- Bottom Right: 140.153 35.2915 
 -- Spacing: 0.000277778 -0.000277778
 -- Dimensions: 3882 166
journal (isce.core.DEMInterpolator):
 -- Actual DEM bounds used:
 -- Top Left: 139.075 35.3193
 -- Bottom Right: 140.153 35.2735 
 -- Spacing: 0.000277778 -0.000277778
 -- Dimensions: 3882 166
journal (isce.core.DEMInterpolator):
 -- Actual DEM bounds used:
 -- Top Left: 139.075 35.3013
 -- Bottom Right: 140.153 35.2557 
 -- Spacing: 0.000277778 -0.000277778
 -- Dimensions: 3882 165
journal (isce.core.DEMInterpolator):
 -- Actual DEM bounds used:
 -- Top Left: 139.075 35.2832
 -- Bottom Right: 140.153 35.2376 
 -- Spacing: 0.000277778 -0.000277778
 -- Dimensions: 3882 165
journal (isce.core.DEMInterpolator):
 -- Actual DEM bounds used:
 -- Top Left: 139.075 35.2651
 -- Bottom Right: 140.153 35.2196 
 -- Spacing: 0.000277778 -0.000277778
 -- Dimensions: 3882 165
journal (isce.core.DEMInterpolator):
 -- Actual DEM bounds used:
 -- Top Left: 139.075 35.2474
 -- Bottom Right: 140.153 35.2015 
 -- Spacing: 0.000277778 -0.000277778
 -- Dimensions: 3882 166
journal (isce.core.DEMInterpolator):
 -- Actual DEM bounds used:
 -- Top Left: 139.075 35.2293
 -- Bottom Right: 140.153 35.1951 
 -- Spacing: 0.000277778 -0.000277778
 -- Dimensions: 3882 124
journal (isce.core.DEMInterpolator):
 -- Actual DEM bounds used:
 -- Top Left: 139.034 35.3693
 -- Bottom Right: 140.114 35.3238 
 -- Spacing: 0.000277778 -0.000277778
 -- Dimensions: 3887 165
journal (isce.core.DEMInterpolator):
 -- Actual DEM bounds used:
 -- Top Left: 139.034 35.3515
 -- Bottom Right: 140.114 35.3057 
 -- Spacing: 0.000277778 -0.000277778
 -- Dimensions: 3887 166
journal (isce.core.DEMInterpolator):
 -- Actual DEM bounds used:
 -- Top Left: 139.034 35.3335
 -- Bottom Right: 140.114 35.2876 
 -- Spacing: 0.000277778 -0.000277778
 -- Dimensions: 3887 166
journal (isce.core.DEMInterpolator):
 -- Actual DEM bounds used:
 -- Top Left: 139.034 35.3154
 -- Bottom Right: 140.114 35.2696 
 -- Spacing: 0.000277778 -0.000277778
 -- Dimensions: 3887 166
journal (isce.core.DEMInterpolator):
 -- Actual DEM bounds used:
 -- Top Left: 139.034 35.2974
 -- Bottom Right: 140.114 35.2518 
 -- Spacing: 0.000277778 -0.000277778
 -- Dimensions: 3887 165
journal (isce.core.DEMInterpolator):
 -- Actual DEM bounds used:
 -- Top Left: 139.034 35.2793
 -- Bottom Right: 140.114 35.2338 
 -- Spacing: 0.000277778 -0.000277778
 -- Dimensions: 3887 165
journal (isce.core.DEMInterpolator):
 -- Actual DEM bounds used:
 -- Top Left: 139.034 35.2615
 -- Bottom Right: 140.114 35.2157 
 -- Spacing: 0.000277778 -0.000277778
 -- Dimensions: 3887 166
journal (isce.core.DEMInterpolator):
 -- Actual DEM bounds used:
 -- Top Left: 139.034 35.2435
 -- Bottom Right: 140.114 35.1976 
 -- Spacing: 0.000277778 -0.000277778
 -- Dimensions: 3887 166
journal (isce.core.DEMInterpolator):
 -- Actual DEM bounds used:
 -- Top Left: 139.034 35.2254
 -- Bottom Right: 140.114 35.1796 
 -- Spacing: 0.000277778 -0.000277778
 -- Dimensions: 3887 166
journal (isce.core.DEMInterpolator):
 -- Actual DEM bounds used:
 -- Top Left: 139.034 35.2074
 -- Bottom Right: 140.114 35.1618 
 -- Spacing: 0.000277778 -0.000277778
 -- Dimensions: 3887 165
journal (isce.core.DEMInterpolator):
 -- Actual DEM bounds used:
 -- Top Left: 139.034 35.1893
 -- Bottom Right: 140.114 35.1438 
 -- Spacing: 0.000277778 -0.000277778
 -- Dimensions: 3887 165
journal (isce.core.DEMInterpolator):
 -- Actual DEM bounds used:
 -- Top Left: 139.034 35.1715
 -- Bottom Right: 140.114 35.1257 
 -- Spacing: 0.000277778 -0.000277778
 -- Dimensions: 3887 166
journal (isce.core.DEMInterpolator):
 -- Actual DEM bounds used:
 -- Top Left: 139.034 35.1535
 -- Bottom Right: 140.114 35.1076 
 -- Spacing: 0.000277778 -0.000277778
 -- Dimensions: 3887 166
journal (isce.core.DEMInterpolator):
 -- Actual DEM bounds used:
 -- Top Left: 139.034 35.1354
 -- Bottom Right: 140.114 35.0896 
 -- Spacing: 0.000277778 -0.000277778
 -- Dimensions: 3887 166
journal (isce.core.DEMInterpolator):
 -- Actual DEM bounds used:
 -- Top Left: 139.034 35.1174
 -- Bottom Right: 140.114 35.0718 
 -- Spacing: 0.000277778 -0.000277778
 -- Dimensions: 3887 165
journal (isce.core.DEMInterpolator):
 -- Actual DEM bounds used:
 -- Top Left: 139.034 35.0993
 -- Bottom Right: 140.114 35.0538 
 -- Spacing: 0.000277778 -0.000277778
 -- Dimensions: 3887 165
journal (isce.core.DEMInterpolator):
 -- Actual DEM bounds used:
 -- Top Left: 139.034 35.0815
 -- Bottom Right: 140.114 35.0357 
 -- Spacing: 0.000277778 -0.000277778
 -- Dimensions: 3887 166
journal (isce.core.DEMInterpolator):
 -- Actual DEM bounds used:
 -- Top Left: 139.034 35.0635
 -- Bottom Right: 140.114 35.0288 
 -- Spacing: 0.000277778 -0.000277778
 -- Dimensions: 3887 126
journal (isce.core.DEMInterpolator):
 -- Actual DEM bounds used:
 -- Top Left: 139.005 35.2043
 -- Bottom Right: 140.079 35.1585 
 -- Spacing: 0.000277778 -0.000277778
 -- Dimensions: 3868 166
journal (isce.core.DEMInterpolator):
 -- Actual DEM bounds used:
 -- Top Left: 139.005 35.1863
 -- Bottom Right: 140.079 35.1404 
 -- Spacing: 0.000277778 -0.000277778
 -- Dimensions: 3868 166
journal (isce.core.DEMInterpolator):
 -- Actual DEM bounds used:
 -- Top Left: 139.005 35.1682
 -- Bottom Right: 140.079 35.1224 
 -- Spacing: 0.000277778 -0.000277778
 -- Dimensions: 3868 166
journal (isce.core.DEMInterpolator):
 -- Actual DEM bounds used:
 -- Top Left: 139.005 35.1501
 -- Bottom Right: 140.079 35.1046 
 -- Spacing: 0.000277778 -0.000277778
 -- Dimensions: 3868 165
journal (isce.core.DEMInterpolator):
 -- Actual DEM bounds used:
 -- Top Left: 139.005 35.1321
 -- Bottom Right: 140.079 35.0865 
 -- Spacing: 0.000277778 -0.000277778
 -- Dimensions: 3868 165
journal (isce.core.DEMInterpolator):
 -- Actual DEM bounds used:
 -- Top Left: 139.005 35.1143
 -- Bottom Right: 140.079 35.0685 
 -- Spacing: 0.000277778 -0.000277778
 -- Dimensions: 3868 166
journal (isce.core.DEMInterpolator):
 -- Actual DEM bounds used:
 -- Top Left: 139.005 35.0962
 -- Bottom Right: 140.079 35.0504 
 -- Spacing: 0.000277778 -0.000277778
 -- Dimensions: 3868 166
journal (isce.core.DEMInterpolator):
 -- Actual DEM bounds used:
 -- Top Left: 139.005 35.0782
 -- Bottom Right: 140.079 35.0324 
 -- Spacing: 0.000277778 -0.000277778
 -- Dimensions: 3868 166
journal (isce.core.DEMInterpolator):
 -- Actual DEM bounds used:
 -- Top Left: 139.005 35.0601
 -- Bottom Right: 140.079 35.0146 
 -- Spacing: 0.000277778 -0.000277778
 -- Dimensions: 3868 165
journal (isce.core.DEMInterpolator):
 -- Actual DEM bounds used:
 -- Top Left: 139.005 35.0421
 -- Bottom Right: 140.079 34.9965 
 -- Spacing: 0.000277778 -0.000277778
 -- Dimensions: 3868 165
journal (isce.core.DEMInterpolator):
 -- Actual DEM bounds used:
 -- Top Left: 139.005 35.0243
 -- Bottom Right: 140.079 34.9785 
 -- Spacing: 0.000277778 -0.000277778
 -- Dimensions: 3868 166
journal (isce.core.DEMInterpolator):
 -- Actual DEM bounds used:
 -- Top Left: 139.005 35.0063
 -- Bottom Right: 140.079 34.9604 
 -- Spacing: 0.000277778 -0.000277778
 -- Dimensions: 3868 166
journal (isce.core.DEMInterpolator):
 -- Actual DEM bounds used:
 -- Top Left: 139.005 34.9882
 -- Bottom Right: 140.079 34.9424 
 -- Spacing: 0.000277778 -0.000277778
 -- Dimensions: 3868 166
journal (isce.core.DEMInterpolator):
 -- Actual DEM bounds used:
 -- Top Left: 139.005 34.9701
 -- Bottom Right: 140.079 34.9246 
 -- Spacing: 0.000277778 -0.000277778
 -- Dimensions: 3868 165
journal (isce.core.DEMInterpolator):
 -- Actual DEM bounds used:
 -- Top Left: 139.005 34.9521
 -- Bottom Right: 140.079 34.9065 
 -- Spacing: 0.000277778 -0.000277778
 -- Dimensions: 3868 165
journal (isce.core.DEMInterpolator):
 -- Actual DEM bounds used:
 -- Top Left: 139.005 34.9343
 -- Bottom Right: 140.079 34.8885 
 -- Spacing: 0.000277778 -0.000277778
 -- Dimensions: 3868 166
journal (isce.core.DEMInterpolator):
 -- Actual DEM bounds used:
 -- Top Left: 139.005 34.9162
 -- Bottom Right: 140.079 34.8704 
 -- Spacing: 0.000277778 -0.000277778
 -- Dimensions: 3868 166
journal (isce.core.DEMInterpolator):
 -- Actual DEM bounds used:
 -- Top Left: 139.005 34.8982
 -- Bottom Right: 140.079 34.8626 
 -- Spacing: 0.000277778 -0.000277778
 -- Dimensions: 3868 129
journal (isce.core.DEMInterpolator):
 -- Actual DEM bounds used:
 -- Top Left: 138.966 35.0374
 -- Bottom Right: 140.042 34.9918 
 -- Spacing: 0.000277778 -0.000277778
 -- Dimensions: 3874 165
journal (isce.core.DEMInterpolator):
 -- Actual DEM bounds used:
 -- Top Left: 138.966 35.0196
 -- Bottom Right: 140.042 34.9738 
 -- Spacing: 0.000277778 -0.000277778
 -- Dimensions: 3874 166
journal (isce.core.DEMInterpolator):
 -- Actual DEM bounds used:
 -- Top Left: 138.966 35.0015
 -- Bottom Right: 140.042 34.9557 
 -- Spacing: 0.000277778 -0.000277778
 -- Dimensions: 3874 166
journal (isce.core.DEMInterpolator):
 -- Actual DEM bounds used:
 -- Top Left: 138.966 34.9835
 -- Bottom Right: 140.042 34.9379 
 -- Spacing: 0.000277778 -0.000277778
 -- Dimensions: 3874 165
journal (isce.core.DEMInterpolator):
 -- Actual DEM bounds used:
 -- Top Left: 138.966 34.9654
 -- Bottom Right: 140.042 34.9199 
 -- Spacing: 0.000277778 -0.000277778
 -- Dimensions: 3874 165
journal (isce.core.DEMInterpolator):
 -- Actual DEM bounds used:
 -- Top Left: 138.966 34.9474
 -- Bottom Right: 140.042 34.9018 
 -- Spacing: 0.000277778 -0.000277778
 -- Dimensions: 3874 165
journal (isce.core.DEMInterpolator):
 -- Actual DEM bounds used:
 -- Top Left: 138.966 34.9296
 -- Bottom Right: 140.042 34.8837 
 -- Spacing: 0.000277778 -0.000277778
 -- Dimensions: 3874 166
journal (isce.core.DEMInterpolator):
 -- Actual DEM bounds used:
 -- Top Left: 138.966 34.9115
 -- Bottom Right: 140.042 34.8657 
 -- Spacing: 0.000277778 -0.000277778
 -- Dimensions: 3874 166
journal (isce.core.DEMInterpolator):
 -- Actual DEM bounds used:
 -- Top Left: 138.966 34.8935
 -- Bottom Right: 140.042 34.8479 
 -- Spacing: 0.000277778 -0.000277778
 -- Dimensions: 3874 165
journal (isce.core.DEMInterpolator):
 -- Actual DEM bounds used:
 -- Top Left: 138.966 34.8754
 -- Bottom Right: 140.042 34.8299 
 -- Spacing: 0.000277778 -0.000277778
 -- Dimensions: 3874 165
journal (isce.core.DEMInterpolator):
 -- Actual DEM bounds used:
 -- Top Left: 138.966 34.8574
 -- Bottom Right: 140.042 34.8118 
 -- Spacing: 0.000277778 -0.000277778
 -- Dimensions: 3874 165
journal (isce.core.DEMInterpolator):
 -- Actual DEM bounds used:
 -- Top Left: 138.966 34.8396
 -- Bottom Right: 140.042 34.7938 
 -- Spacing: 0.000277778 -0.000277778
 -- Dimensions: 3874 166
journal (isce.core.DEMInterpolator):
 -- Actual DEM bounds used:
 -- Top Left: 138.966 34.8215
 -- Bottom Right: 140.042 34.7757 
 -- Spacing: 0.000277778 -0.000277778
 -- Dimensions: 3874 166
journal (isce.core.DEMInterpolator):
 -- Actual DEM bounds used:
 -- Top Left: 138.966 34.8035
 -- Bottom Right: 140.042 34.7579 
 -- Spacing: 0.000277778 -0.000277778
 -- Dimensions: 3874 165
journal (isce.core.DEMInterpolator):
 -- Actual DEM bounds used:
 -- Top Left: 138.966 34.7854
 -- Bottom Right: 140.042 34.7399 
 -- Spacing: 0.000277778 -0.000277778
 -- Dimensions: 3874 165
journal (isce.core.DEMInterpolator):
 -- Actual DEM bounds used:
 -- Top Left: 138.966 34.7674
 -- Bottom Right: 140.042 34.7218 
 -- Spacing: 0.000277778 -0.000277778
 -- Dimensions: 3874 165
journal (isce.core.DEMInterpolator):
 -- Actual DEM bounds used:
 -- Top Left: 138.966 34.7496
 -- Bottom Right: 140.042 34.7037 
 -- Spacing: 0.000277778 -0.000277778
 -- Dimensions: 3874 166
journal (isce.core.DEMInterpolator):
 -- Actual DEM bounds used:
 -- Top Left: 138.966 34.7315
 -- Bottom Right: 140.042 34.6965 
 -- Spacing: 0.000277778 -0.000277778
 -- Dimensions: 3874 127
journal (isce.core.DEMInterpolator):
 -- Actual DEM bounds used:
 -- Top Left: 138.937 34.8718
 -- Bottom Right: 140.005 34.8263 
 -- Spacing: 0.000277778 -0.000277778
 -- Dimensions: 3844 165
journal (isce.core.DEMInterpolator):
 -- Actual DEM bounds used:
 -- Top Left: 138.937 34.8537
 -- Bottom Right: 140.005 34.8082 
 -- Spacing: 0.000277778 -0.000277778
 -- Dimensions: 3844 165
journal (isce.core.DEMInterpolator):
 -- Actual DEM bounds used:
 -- Top Left: 138.937 34.836
 -- Bottom Right: 140.005 34.7901 
 -- Spacing: 0.000277778 -0.000277778
 -- Dimensions: 3844 166
journal (isce.core.DEMInterpolator):
 -- Actual DEM bounds used:
 -- Top Left: 138.937 34.8179
 -- Bottom Right: 140.005 34.7721 
 -- Spacing: 0.000277778 -0.000277778
 -- Dimensions: 3844 166
journal (isce.core.DEMInterpolator):
 -- Actual DEM bounds used:
 -- Top Left: 138.937 34.7999
 -- Bottom Right: 140.005 34.7543 
 -- Spacing: 0.000277778 -0.000277778
 -- Dimensions: 3844 165
journal (isce.core.DEMInterpolator):
 -- Actual DEM bounds used:
 -- Top Left: 138.937 34.7818
 -- Bottom Right: 140.005 34.7363 
 -- Spacing: 0.000277778 -0.000277778
 -- Dimensions: 3844 165
journal (isce.core.DEMInterpolator):
 -- Actual DEM bounds used:
 -- Top Left: 138.937 34.7638
 -- Bottom Right: 140.005 34.7182 
 -- Spacing: 0.000277778 -0.000277778
 -- Dimensions: 3844 165
journal (isce.core.DEMInterpolator):
 -- Actual DEM bounds used:
 -- Top Left: 138.937 34.746
 -- Bottom Right: 140.005 34.7001 
 -- Spacing: 0.000277778 -0.000277778
 -- Dimensions: 3844 166
journal (isce.core.DEMInterpolator):
 -- Actual DEM bounds used:
 -- Top Left: 138.937 34.7279
 -- Bottom Right: 140.005 34.6821 
 -- Spacing: 0.000277778 -0.000277778
 -- Dimensions: 3844 166
journal (isce.core.DEMInterpolator):
 -- Actual DEM bounds used:
 -- Top Left: 138.937 34.7099
 -- Bottom Right: 140.005 34.6643 
 -- Spacing: 0.000277778 -0.000277778
 -- Dimensions: 3844 165
journal (isce.core.DEMInterpolator):
 -- Actual DEM bounds used:
 -- Top Left: 138.937 34.6918
 -- Bottom Right: 140.005 34.6463 
 -- Spacing: 0.000277778 -0.000277778
 -- Dimensions: 3844 165
journal (isce.core.DEMInterpolator):
 -- Actual DEM bounds used:
 -- Top Left: 138.937 34.6737
 -- Bottom Right: 140.005 34.6282 
 -- Spacing: 0.000277778 -0.000277778
 -- Dimensions: 3844 165
journal (isce.core.DEMInterpolator):
 -- Actual DEM bounds used:
 -- Top Left: 138.937 34.656
 -- Bottom Right: 140.005 34.6101 
 -- Spacing: 0.000277778 -0.000277778
 -- Dimensions: 3844 166
journal (isce.core.DEMInterpolator):
 -- Actual DEM bounds used:
 -- Top Left: 138.937 34.6379
 -- Bottom Right: 140.005 34.5921 
 -- Spacing: 0.000277778 -0.000277778
 -- Dimensions: 3844 166
journal (isce.core.DEMInterpolator):
 -- Actual DEM bounds used:
 -- Top Left: 138.937 34.6199
 -- Bottom Right: 140.005 34.5743 
 -- Spacing: 0.000277778 -0.000277778
 -- Dimensions: 3844 165
journal (isce.core.DEMInterpolator):
 -- Actual DEM bounds used:
 -- Top Left: 138.937 34.6018
 -- Bottom Right: 140.005 34.5563 
 -- Spacing: 0.000277778 -0.000277778
 -- Dimensions: 3844 165
journal (isce.core.DEMInterpolator):
 -- Actual DEM bounds used:
 -- Top Left: 138.937 34.5838
 -- Bottom Right: 140.005 34.5382 
 -- Spacing: 0.000277778 -0.000277778
 -- Dimensions: 3844 165
journal (isce.core.DEMInterpolator):
 -- Actual DEM bounds used:
 -- Top Left: 138.937 34.566
 -- Bottom Right: 140.005 34.5307 
 -- Spacing: 0.000277778 -0.000277778
 -- Dimensions: 3844 128
journal (isce.core.DEMInterpolator):
 -- Actual DEM bounds used:
 -- Top Left: 138.904 34.7051
 -- Bottom Right: 139.968 34.6596 
 -- Spacing: 0.000277778 -0.000277778
 -- Dimensions: 3831 165
journal (isce.core.DEMInterpolator):
 -- Actual DEM bounds used:
 -- Top Left: 138.904 34.6874
 -- Bottom Right: 139.968 34.6415 
 -- Spacing: 0.000277778 -0.000277778
 -- Dimensions: 3831 166
journal (isce.core.DEMInterpolator):
 -- Actual DEM bounds used:
 -- Top Left: 138.904 34.6693
 -- Bottom Right: 139.968 34.6235 
 -- Spacing: 0.000277778 -0.000277778
 -- Dimensions: 3831 166
journal (isce.core.DEMInterpolator):
 -- Actual DEM bounds used:
 -- Top Left: 138.904 34.6512
 -- Bottom Right: 139.968 34.6057 
 -- Spacing: 0.000277778 -0.000277778
 -- Dimensions: 3831 165
journal (isce.core.DEMInterpolator):
 -- Actual DEM bounds used:
 -- Top Left: 138.904 34.6332
 -- Bottom Right: 139.968 34.5876 
 -- Spacing: 0.000277778 -0.000277778
 -- Dimensions: 3831 165
journal (isce.core.DEMInterpolator):
 -- Actual DEM bounds used:
 -- Top Left: 138.904 34.6151
 -- Bottom Right: 139.968 34.5696 
 -- Spacing: 0.000277778 -0.000277778
 -- Dimensions: 3831 165
journal (isce.core.DEMInterpolator):
 -- Actual DEM bounds used:
 -- Top Left: 138.904 34.5974
 -- Bottom Right: 139.968 34.5515 
 -- Spacing: 0.000277778 -0.000277778
 -- Dimensions: 3831 166
journal (isce.core.DEMInterpolator):
 -- Actual DEM bounds used:
 -- Top Left: 138.904 34.5793
 -- Bottom Right: 139.968 34.5335 
 -- Spacing: 0.000277778 -0.000277778
 -- Dimensions: 3831 166
journal (isce.core.DEMInterpolator):
 -- Actual DEM bounds used:
 -- Top Left: 138.904 34.5613
 -- Bottom Right: 139.968 34.5157 
 -- Spacing: 0.000277778 -0.000277778
 -- Dimensions: 3831 165
journal (isce.core.DEMInterpolator):
 -- Actual DEM bounds used:
 -- Top Left: 138.904 34.5432
 -- Bottom Right: 139.968 34.4976 
 -- Spacing: 0.000277778 -0.000277778
 -- Dimensions: 3831 165
journal (isce.core.DEMInterpolator):
 -- Actual DEM bounds used:
 -- Top Left: 138.904 34.5251
 -- Bottom Right: 139.968 34.4796 
 -- Spacing: 0.000277778 -0.000277778
 -- Dimensions: 3831 165
journal (isce.core.DEMInterpolator):
 -- Actual DEM bounds used:
 -- Top Left: 138.904 34.5074
 -- Bottom Right: 139.968 34.4615 
 -- Spacing: 0.000277778 -0.000277778
 -- Dimensions: 3831 166
journal (isce.core.DEMInterpolator):
 -- Actual DEM bounds used:
 -- Top Left: 138.904 34.4893
 -- Bottom Right: 139.968 34.4435 
 -- Spacing: 0.000277778 -0.000277778
 -- Dimensions: 3831 166
journal (isce.core.DEMInterpolator):
 -- Actual DEM bounds used:
 -- Top Left: 138.904 34.4712
 -- Bottom Right: 139.968 34.4257 
 -- Spacing: 0.000277778 -0.000277778
 -- Dimensions: 3831 165
journal (isce.core.DEMInterpolator):
 -- Actual DEM bounds used:
 -- Top Left: 138.904 34.4532
 -- Bottom Right: 139.968 34.4076 
 -- Spacing: 0.000277778 -0.000277778
 -- Dimensions: 3831 165
journal (isce.core.DEMInterpolator):
 -- Actual DEM bounds used:
 -- Top Left: 138.904 34.4351
 -- Bottom Right: 139.968 34.3896 
 -- Spacing: 0.000277778 -0.000277778
 -- Dimensions: 3831 165
journal (isce.core.DEMInterpolator):
 -- Actual DEM bounds used:
 -- Top Left: 138.904 34.4174
 -- Bottom Right: 139.968 34.3715 
 -- Spacing: 0.000277778 -0.000277778
 -- Dimensions: 3831 166
journal (isce.core.DEMInterpolator):
 -- Actual DEM bounds used:
 -- Top Left: 138.904 34.3993
 -- Bottom Right: 139.968 34.3649 
 -- Spacing: 0.000277778 -0.000277778
 -- Dimensions: 3831 125
journal (isce.core.DEMInterpolator):
 -- Actual DEM bounds used:
 -- Top Left: 138.865 34.5393
 -- Bottom Right: 139.931 34.4935 
 -- Spacing: 0.000277778 -0.000277778
 -- Dimensions: 3840 166
journal (isce.core.DEMInterpolator):
 -- Actual DEM bounds used:
 -- Top Left: 138.865 34.5213
 -- Bottom Right: 139.931 34.4754 
 -- Spacing: 0.000277778 -0.000277778
 -- Dimensions: 3840 166
journal (isce.core.DEMInterpolator):
 -- Actual DEM bounds used:
 -- Top Left: 138.865 34.5032
 -- Bottom Right: 139.931 34.4576 
 -- Spacing: 0.000277778 -0.000277778
 -- Dimensions: 3840 165
journal (isce.core.DEMInterpolator):
 -- Actual DEM bounds used:
 -- Top Left: 138.865 34.4851
 -- Bottom Right: 139.931 34.4396 
 -- Spacing: 0.000277778 -0.000277778
 -- Dimensions: 3840 165
journal (isce.core.DEMInterpolator):
 -- Actual DEM bounds used:
 -- Top Left: 138.865 34.4671
 -- Bottom Right: 139.931 34.4215 
 -- Spacing: 0.000277778 -0.000277778
 -- Dimensions: 3840 165
journal (isce.core.DEMInterpolator):
 -- Actual DEM bounds used:
 -- Top Left: 138.865 34.4493
 -- Bottom Right: 139.931 34.4035 
 -- Spacing: 0.000277778 -0.000277778
 -- Dimensions: 3840 166
journal (isce.core.DEMInterpolator):
 -- Actual DEM bounds used:
 -- Top Left: 138.865 34.4312
 -- Bottom Right: 139.931 34.3854 
 -- Spacing: 0.000277778 -0.000277778
 -- Dimensions: 3840 166
journal (isce.core.DEMInterpolator):
 -- Actual DEM bounds used:
 -- Top Left: 138.865 34.4132
 -- Bottom Right: 139.931 34.3676 
 -- Spacing: 0.000277778 -0.000277778
 -- Dimensions: 3840 165
journal (isce.core.DEMInterpolator):
 -- Actual DEM bounds used:
 -- Top Left: 138.865 34.3951
 -- Bottom Right: 139.931 34.3496 
 -- Spacing: 0.000277778 -0.000277778
 -- Dimensions: 3840 165
journal (isce.core.DEMInterpolator):
 -- Actual DEM bounds used:
 -- Top Left: 138.865 34.3771
 -- Bottom Right: 139.931 34.3315 
 -- Spacing: 0.000277778 -0.000277778
 -- Dimensions: 3840 165
journal (isce.core.DEMInterpolator):
 -- Actual DEM bounds used:
 -- Top Left: 138.865 34.3593
 -- Bottom Right: 139.931 34.3135 
 -- Spacing: 0.000277778 -0.000277778
 -- Dimensions: 3840 166
journal (isce.core.DEMInterpolator):
 -- Actual DEM bounds used:
 -- Top Left: 138.865 34.3413
 -- Bottom Right: 139.931 34.2954 
 -- Spacing: 0.000277778 -0.000277778
 -- Dimensions: 3840 166
journal (isce.core.DEMInterpolator):
 -- Actual DEM bounds used:
 -- Top Left: 138.865 34.3232
 -- Bottom Right: 139.931 34.2776 
 -- Spacing: 0.000277778 -0.000277778
 -- Dimensions: 3840 165
journal (isce.core.DEMInterpolator):
 -- Actual DEM bounds used:
 -- Top Left: 138.865 34.3051
 -- Bottom Right: 139.931 34.2596 
 -- Spacing: 0.000277778 -0.000277778
 -- Dimensions: 3840 165
journal (isce.core.DEMInterpolator):
 -- Actual DEM bounds used:
 -- Top Left: 138.865 34.2871
 -- Bottom Right: 139.931 34.2415 
 -- Spacing: 0.000277778 -0.000277778
 -- Dimensions: 3840 165
journal (isce.core.DEMInterpolator):
 -- Actual DEM bounds used:
 -- Top Left: 138.865 34.2693
 -- Bottom Right: 139.931 34.2235 
 -- Spacing: 0.000277778 -0.000277778
 -- Dimensions: 3840 166
journal (isce.core.DEMInterpolator):
 -- Actual DEM bounds used:
 -- Top Left: 138.865 34.2512
 -- Bottom Right: 139.931 34.2054 
 -- Spacing: 0.000277778 -0.000277778
 -- Dimensions: 3840 166
journal (isce.core.DEMInterpolator):
 -- Actual DEM bounds used:
 -- Top Left: 138.865 34.2332
 -- Bottom Right: 139.931 34.1876 
 -- Spacing: 0.000277778 -0.000277778
 -- Dimensions: 3840 165
journal (isce.core.DEMInterpolator):
 -- Actual DEM bounds used:
 -- Top Left: 138.865 34.2151
 -- Bottom Right: 139.931 34.1779 
 -- Spacing: 0.000277778 -0.000277778
 -- Dimensions: 3840 135
journal (isce.core.DEMInterpolator):
 -- Actual DEM bounds used:
 -- Top Left: 139.142 35.8671
 -- Bottom Right: 140.228 35.8212 
 -- Spacing: 0.000277778 -0.000277778
 -- Dimensions: 3911 166
journal (isce.core.DEMInterpolator):
 -- Actual DEM bounds used:
 -- Top Left: 139.142 35.849
 -- Bottom Right: 140.228 35.8032 
 -- Spacing: 0.000277778 -0.000277778
 -- Dimensions: 3911 166
journal (isce.core.DEMInterpolator):
 -- Actual DEM bounds used:
 -- Top Left: 139.142 35.831
 -- Bottom Right: 140.228 35.7851 
 -- Spacing: 0.000277778 -0.000277778
 -- Dimensions: 3911 166
journal (isce.core.DEMInterpolator):
 -- Actual DEM bounds used:
 -- Top Left: 139.142 35.8129
 -- Bottom Right: 140.228 35.7674 
 -- Spacing: 0.000277778 -0.000277778
 -- Dimensions: 3911 165
journal (isce.core.DEMInterpolator):
 -- Actual DEM bounds used:
 -- Top Left: 139.142 35.7949
 -- Bottom Right: 140.228 35.7493 
 -- Spacing: 0.000277778 -0.000277778
 -- Dimensions: 3911 165
journal (isce.core.DEMInterpolator):
 -- Actual DEM bounds used:
 -- Top Left: 139.142 35.7771
 -- Bottom Right: 140.228 35.7313 
 -- Spacing: 0.000277778 -0.000277778
 -- Dimensions: 3911 166
journal (isce.core.DEMInterpolator):
 -- Actual DEM bounds used:
 -- Top Left: 139.142 35.759
 -- Bottom Right: 140.228 35.7132 
 -- Spacing: 0.000277778 -0.000277778
 -- Dimensions: 3911 166
journal (isce.core.DEMInterpolator):
 -- Actual DEM bounds used:
 -- Top Left: 139.142 35.741
 -- Bottom Right: 140.228 35.6951 
 -- Spacing: 0.000277778 -0.000277778
 -- Dimensions: 3911 166
journal (isce.core.DEMInterpolator):
 -- Actual DEM bounds used:
 -- Top Left: 139.142 35.7229
 -- Bottom Right: 140.228 35.6774 
 -- Spacing: 0.000277778 -0.000277778
 -- Dimensions: 3911 165
journal (isce.core.DEMInterpolator):
 -- Actual DEM bounds used:
 -- Top Left: 139.142 35.7049
 -- Bottom Right: 140.228 35.6593 
 -- Spacing: 0.000277778 -0.000277778
 -- Dimensions: 3911 165
journal (isce.core.DEMInterpolator):
 -- Actual DEM bounds used:
 -- Top Left: 139.142 35.6871
 -- Bottom Right: 140.228 35.6412 
 -- Spacing: 0.000277778 -0.000277778
 -- Dimensions: 3911 166
journal (isce.core.DEMInterpolator):
 -- Actual DEM bounds used:
 -- Top Left: 139.142 35.669
 -- Bottom Right: 140.228 35.6232 
 -- Spacing: 0.000277778 -0.000277778
 -- Dimensions: 3911 166
journal (isce.core.DEMInterpolator):
 -- Actual DEM bounds used:
 -- Top Left: 139.142 35.651
 -- Bottom Right: 140.228 35.6051 
 -- Spacing: 0.000277778 -0.000277778
 -- Dimensions: 3911 166
journal (isce.core.DEMInterpolator):
 -- Actual DEM bounds used:
 -- Top Left: 139.142 35.6329
 -- Bottom Right: 140.228 35.5874 
 -- Spacing: 0.000277778 -0.000277778
 -- Dimensions: 3911 165
journal (isce.core.DEMInterpolator):
 -- Actual DEM bounds used:
 -- Top Left: 139.142 35.6149
 -- Bottom Right: 140.228 35.5693 
 -- Spacing: 0.000277778 -0.000277778
 -- Dimensions: 3911 165
journal (isce.core.DEMInterpolator):
 -- Actual DEM bounds used:
 -- Top Left: 139.142 35.5971
 -- Bottom Right: 140.228 35.5512 
 -- Spacing: 0.000277778 -0.000277778
 -- Dimensions: 3911 166
journal (isce.core.DEMInterpolator):
 -- Actual DEM bounds used:
 -- Top Left: 139.142 35.579
 -- Bottom Right: 140.228 35.5332 
 -- Spacing: 0.000277778 -0.000277778
 -- Dimensions: 3911 166
journal (isce.core.DEMInterpolator):
 -- Actual DEM bounds used:
 -- Top Left: 139.142 35.561
 -- Bottom Right: 140.228 35.5263 
 -- Spacing: 0.000277778 -0.000277778
 -- Dimensions: 3911 126
journal (isce.core.DEMInterpolator):
 -- Actual DEM bounds used:
 -- Top Left: 139.142 35.8671
 -- Bottom Right: 140.228 35.8212 
 -- Spacing: 0.000277778 -0.000277778
 -- Dimensions: 3911 166
journal (isce.core.DEMInterpolator):
 -- Actual DEM bounds used:
 -- Top Left: 139.142 35.849
 -- Bottom Right: 140.228 35.8032 
 -- Spacing: 0.000277778 -0.000277778
 -- Dimensions: 3911 166
journal (isce.core.DEMInterpolator):
 -- Actual DEM bounds used:
 -- Top Left: 139.142 35.831
 -- Bottom Right: 140.228 35.7851 
 -- Spacing: 0.000277778 -0.000277778
 -- Dimensions: 3911 166
journal (isce.core.DEMInterpolator):
 -- Actual DEM bounds used:
 -- Top Left: 139.142 35.8129
 -- Bottom Right: 140.228 35.7674 
 -- Spacing: 0.000277778 -0.000277778
 -- Dimensions: 3911 165
journal (isce.core.DEMInterpolator):
 -- Actual DEM bounds used:
 -- Top Left: 139.142 35.7949
 -- Bottom Right: 140.228 35.7493 
 -- Spacing: 0.000277778 -0.000277778
 -- Dimensions: 3911 165
journal (isce.core.DEMInterpolator):
 -- Actual DEM bounds used:
 -- Top Left: 139.142 35.7771
 -- Bottom Right: 140.228 35.7313 
 -- Spacing: 0.000277778 -0.000277778
 -- Dimensions: 3911 166
journal (isce.core.DEMInterpolator):
 -- Actual DEM bounds used:
 -- Top Left: 139.142 35.759
 -- Bottom Right: 140.228 35.7132 
 -- Spacing: 0.000277778 -0.000277778
 -- Dimensions: 3911 166
journal (isce.core.DEMInterpolator):
 -- Actual DEM bounds used:
 -- Top Left: 139.142 35.741
 -- Bottom Right: 140.228 35.6951 
 -- Spacing: 0.000277778 -0.000277778
 -- Dimensions: 3911 166
journal (isce.core.DEMInterpolator):
 -- Actual DEM bounds used:
 -- Top Left: 139.142 35.7229
 -- Bottom Right: 140.228 35.6774 
 -- Spacing: 0.000277778 -0.000277778
 -- Dimensions: 3911 165
journal (isce.core.DEMInterpolator):
 -- Actual DEM bounds used:
 -- Top Left: 139.142 35.7049
 -- Bottom Right: 140.228 35.6593 
 -- Spacing: 0.000277778 -0.000277778
 -- Dimensions: 3911 165
journal (isce.core.DEMInterpolator):
 -- Actual DEM bounds used:
 -- Top Left: 139.142 35.6871
 -- Bottom Right: 140.228 35.6412 
 -- Spacing: 0.000277778 -0.000277778
 -- Dimensions: 3911 166
journal (isce.core.DEMInterpolator):
 -- Actual DEM bounds used:
 -- Top Left: 139.142 35.669
 -- Bottom Right: 140.228 35.6232 
 -- Spacing: 0.000277778 -0.000277778
 -- Dimensions: 3911 166
journal (isce.core.DEMInterpolator):
 -- Actual DEM bounds used:
 -- Top Left: 139.142 35.651
 -- Bottom Right: 140.228 35.6051 
 -- Spacing: 0.000277778 -0.000277778
 -- Dimensions: 3911 166
journal (isce.core.DEMInterpolator):
 -- Actual DEM bounds used:
 -- Top Left: 139.142 35.6329
 -- Bottom Right: 140.228 35.5874 
 -- Spacing: 0.000277778 -0.000277778
 -- Dimensions: 3911 165
journal (isce.core.DEMInterpolator):
 -- Actual DEM bounds used:
 -- Top Left: 139.142 35.6149
 -- Bottom Right: 140.228 35.5693 
 -- Spacing: 0.000277778 -0.000277778
 -- Dimensions: 3911 165
journal (isce.core.DEMInterpolator):
 -- Actual DEM bounds used:
 -- Top Left: 139.142 35.5971
 -- Bottom Right: 140.228 35.5512 
 -- Spacing: 0.000277778 -0.000277778
 -- Dimensions: 3911 166
journal (isce.core.DEMInterpolator):
 -- Actual DEM bounds used:
 -- Top Left: 139.142 35.579
 -- Bottom Right: 140.228 35.5332 
 -- Spacing: 0.000277778 -0.000277778
 -- Dimensions: 3911 166
journal (isce.core.DEMInterpolator):
 -- Actual DEM bounds used:
 -- Top Left: 139.142 35.561
 -- Bottom Right: 140.228 35.5263 
 -- Spacing: 0.000277778 -0.000277778
 -- Dimensions: 3911 126
journal (isce.core.DEMInterpolator):
 -- Actual DEM bounds used:
 -- Top Left: 139.142 35.8671
 -- Bottom Right: 140.228 35.8212 
 -- Spacing: 0.000277778 -0.000277778
 -- Dimensions: 3911 166
journal (isce.core.DEMInterpolator):
 -- Actual DEM bounds used:
 -- Top Left: 139.142 35.849
 -- Bottom Right: 140.228 35.8032 
 -- Spacing: 0.000277778 -0.000277778
 -- Dimensions: 3911 166
journal (isce.core.DEMInterpolator):
 -- Actual DEM bounds used:
 -- Top Left: 139.142 35.831
 -- Bottom Right: 140.228 35.7851 
 -- Spacing: 0.000277778 -0.000277778
 -- Dimensions: 3911 166
journal (isce.core.DEMInterpolator):
 -- Actual DEM bounds used:
 -- Top Left: 139.142 35.8129
 -- Bottom Right: 140.228 35.7674 
 -- Spacing: 0.000277778 -0.000277778
 -- Dimensions: 3911 165
journal (isce.core.DEMInterpolator):
 -- Actual DEM bounds used:
 -- Top Left: 139.142 35.7949
 -- Bottom Right: 140.228 35.7493 
 -- Spacing: 0.000277778 -0.000277778
 -- Dimensions: 3911 165
journal (isce.core.DEMInterpolator):
 -- Actual DEM bounds used:
 -- Top Left: 139.142 35.7771
 -- Bottom Right: 140.228 35.7313 
 -- Spacing: 0.000277778 -0.000277778
 -- Dimensions: 3911 166
journal (isce.core.DEMInterpolator):
 -- Actual DEM bounds used:
 -- Top Left: 139.142 35.759
 -- Bottom Right: 140.228 35.7132 
 -- Spacing: 0.000277778 -0.000277778
 -- Dimensions: 3911 166
journal (isce.core.DEMInterpolator):
 -- Actual DEM bounds used:
 -- Top Left: 139.142 35.741
 -- Bottom Right: 140.228 35.6951 
 -- Spacing: 0.000277778 -0.000277778
 -- Dimensions: 3911 166
journal (isce.core.DEMInterpolator):
 -- Actual DEM bounds used:
 -- Top Left: 139.142 35.7229
 -- Bottom Right: 140.228 35.6774 
 -- Spacing: 0.000277778 -0.000277778
 -- Dimensions: 3911 165
journal (isce.core.DEMInterpolator):
 -- Actual DEM bounds used:
 -- Top Left: 139.142 35.7049
 -- Bottom Right: 140.228 35.6593 
 -- Spacing: 0.000277778 -0.000277778
 -- Dimensions: 3911 165
journal (isce.core.DEMInterpolator):
 -- Actual DEM bounds used:
 -- Top Left: 139.142 35.6871
 -- Bottom Right: 140.228 35.6412 
 -- Spacing: 0.000277778 -0.000277778
 -- Dimensions: 3911 166
journal (isce.core.DEMInterpolator):
 -- Actual DEM bounds used:
 -- Top Left: 139.142 35.669
 -- Bottom Right: 140.228 35.6232 
 -- Spacing: 0.000277778 -0.000277778
 -- Dimensions: 3911 166
journal (isce.core.DEMInterpolator):
 -- Actual DEM bounds used:
 -- Top Left: 139.142 35.651
 -- Bottom Right: 140.228 35.6051 
 -- Spacing: 0.000277778 -0.000277778
 -- Dimensions: 3911 166
journal (isce.core.DEMInterpolator):
 -- Actual DEM bounds used:
 -- Top Left: 139.142 35.6329
 -- Bottom Right: 140.228 35.5874 
 -- Spacing: 0.000277778 -0.000277778
 -- Dimensions: 3911 165
journal (isce.core.DEMInterpolator):
 -- Actual DEM bounds used:
 -- Top Left: 139.142 35.6149
 -- Bottom Right: 140.228 35.5693 
 -- Spacing: 0.000277778 -0.000277778
 -- Dimensions: 3911 165
journal (isce.core.DEMInterpolator):
 -- Actual DEM bounds used:
 -- Top Left: 139.142 35.5971
 -- Bottom Right: 140.228 35.5512 
 -- Spacing: 0.000277778 -0.000277778
 -- Dimensions: 3911 166
journal (isce.core.DEMInterpolator):
 -- Actual DEM bounds used:
 -- Top Left: 139.142 35.579
 -- Bottom Right: 140.228 35.5332 
 -- Spacing: 0.000277778 -0.000277778
 -- Dimensions: 3911 166
journal (isce.core.DEMInterpolator):
 -- Actual DEM bounds used:
 -- Top Left: 139.142 35.561
 -- Bottom Right: 140.228 35.5263 
 -- Spacing: 0.000277778 -0.000277778
 -- Dimensions: 3911 126
journal (isce.core.DEMInterpolator):
 -- Actual DEM bounds used:
 -- Top Left: 139.142 35.8671
 -- Bottom Right: 140.228 35.5262 
 -- Spacing: 0.000277778 -0.000277778
 -- Dimensions: 3911 1228
journal (isce.core.DEMInterpolator):
 -- Actual DEM bounds used:
 -- Top Left: 139.142 35.8671
 -- Bottom Right: 140.228 35.5262 
 -- Spacing: 0.000277778 -0.000277778
 -- Dimensions: 3911 1228
journal (isce.core.DEMInterpolator):
 -- Actual DEM bounds used:
 -- Top Left: 139.142 35.8671
 -- Bottom Right: 140.228 35.5262 
 -- Spacing: 0.000277778 -0.000277778
 -- Dimensions: 3911 1228
journal (isce.core.DEMInterpolator):
 -- Actual DEM bounds used:
 -- Top Left: 139.142 35.8671
 -- Bottom Right: 140.228 35.5262 
 -- Spacing: 0.000277778 -0.000277778
 -- Dimensions: 3911 1228
journal (isce.core.DEMInterpolator):
 -- Actual DEM bounds used:
 -- Top Left: 139.142 35.8671
 -- Bottom Right: 140.228 35.5262 
 -- Spacing: 0.000277778 -0.000277778
 -- Dimensions: 3911 1228
journal (isce.core.DEMInterpolator):
 -- Actual DEM bounds used:
 -- Top Left: 139.142 35.8671
 -- Bottom Right: 140.228 35.5262 
 -- Spacing: 0.000277778 -0.000277778
 -- Dimensions: 3911 1228
journal (isce.core.DEMInterpolator):
 -- Actual DEM bounds used:
 -- Top Left: 139.107 35.7013
 -- Bottom Right: 140.19 35.6554 
 -- Spacing: 0.000277778 -0.000277778
 -- Dimensions: 3903 166
journal (isce.core.DEMInterpolator):
 -- Actual DEM bounds used:
 -- Top Left: 139.107 35.6832
 -- Bottom Right: 140.19 35.6374 
 -- Spacing: 0.000277778 -0.000277778
 -- Dimensions: 3903 166
journal (isce.core.DEMInterpolator):
 -- Actual DEM bounds used:
 -- Top Left: 139.107 35.6651
 -- Bottom Right: 140.19 35.6196 
 -- Spacing: 0.000277778 -0.000277778
 -- Dimensions: 3903 165
journal (isce.core.DEMInterpolator):
 -- Actual DEM bounds used:
 -- Top Left: 139.107 35.6471
 -- Bottom Right: 140.19 35.6015 
 -- Spacing: 0.000277778 -0.000277778
 -- Dimensions: 3903 165
journal (isce.core.DEMInterpolator):
 -- Actual DEM bounds used:
 -- Top Left: 139.107 35.6293
 -- Bottom Right: 140.19 35.5835 
 -- Spacing: 0.000277778 -0.000277778
 -- Dimensions: 3903 166
journal (isce.core.DEMInterpolator):
 -- Actual DEM bounds used:
 -- Top Left: 139.107 35.6112
 -- Bottom Right: 140.19 35.5654 
 -- Spacing: 0.000277778 -0.000277778
 -- Dimensions: 3903 166
journal (isce.core.DEMInterpolator):
 -- Actual DEM bounds used:
 -- Top Left: 139.107 35.5932
 -- Bottom Right: 140.19 35.5474 
 -- Spacing: 0.000277778 -0.000277778
 -- Dimensions: 3903 166
journal (isce.core.DEMInterpolator):
 -- Actual DEM bounds used:
 -- Top Left: 139.107 35.5751
 -- Bottom Right: 140.19 35.5296 
 -- Spacing: 0.000277778 -0.000277778
 -- Dimensions: 3903 165
journal (isce.core.DEMInterpolator):
 -- Actual DEM bounds used:
 -- Top Left: 139.107 35.5571
 -- Bottom Right: 140.19 35.5115 
 -- Spacing: 0.000277778 -0.000277778
 -- Dimensions: 3903 165
journal (isce.core.DEMInterpolator):
 -- Actual DEM bounds used:
 -- Top Left: 139.107 35.5393
 -- Bottom Right: 140.19 35.4935 
 -- Spacing: 0.000277778 -0.000277778
 -- Dimensions: 3903 166
journal (isce.core.DEMInterpolator):
 -- Actual DEM bounds used:
 -- Top Left: 139.107 35.5213
 -- Bottom Right: 140.19 35.4754 
 -- Spacing: 0.000277778 -0.000277778
 -- Dimensions: 3903 166
journal (isce.core.DEMInterpolator):
 -- Actual DEM bounds used:
 -- Top Left: 139.107 35.5032
 -- Bottom Right: 140.19 35.4574 
 -- Spacing: 0.000277778 -0.000277778
 -- Dimensions: 3903 166
journal (isce.core.DEMInterpolator):
 -- Actual DEM bounds used:
 -- Top Left: 139.107 35.4851
 -- Bottom Right: 140.19 35.4396 
 -- Spacing: 0.000277778 -0.000277778
 -- Dimensions: 3903 165
journal (isce.core.DEMInterpolator):
 -- Actual DEM bounds used:
 -- Top Left: 139.107 35.4671
 -- Bottom Right: 140.19 35.4215 
 -- Spacing: 0.000277778 -0.000277778
 -- Dimensions: 3903 165
journal (isce.core.DEMInterpolator):
 -- Actual DEM bounds used:
 -- Top Left: 139.107 35.4493
 -- Bottom Right: 140.19 35.4035 
 -- Spacing: 0.000277778 -0.000277778
 -- Dimensions: 3903 166
journal (isce.core.DEMInterpolator):
 -- Actual DEM bounds used:
 -- Top Left: 139.107 35.4312
 -- Bottom Right: 140.19 35.3854 
 -- Spacing: 0.000277778 -0.000277778
 -- Dimensions: 3903 166
journal (isce.core.DEMInterpolator):
 -- Actual DEM bounds used:
 -- Top Left: 139.107 35.4132
 -- Bottom Right: 140.19 35.3674 
 -- Spacing: 0.000277778 -0.000277778
 -- Dimensions: 3903 166
journal (isce.core.DEMInterpolator):
 -- Actual DEM bounds used:
 -- Top Left: 139.107 35.3951
 -- Bottom Right: 140.19 35.3604 
 -- Spacing: 0.000277778 -0.000277778
 -- Dimensions: 3903 126
journal (isce.core.DEMInterpolator):
 -- Actual DEM bounds used:
 -- Top Left: 139.107 35.7013
 -- Bottom Right: 140.19 35.6554 
 -- Spacing: 0.000277778 -0.000277778
 -- Dimensions: 3903 166
journal (isce.core.DEMInterpolator):
 -- Actual DEM bounds used:
 -- Top Left: 139.107 35.6832
 -- Bottom Right: 140.19 35.6374 
 -- Spacing: 0.000277778 -0.000277778
 -- Dimensions: 3903 166
journal (isce.core.DEMInterpolator):
 -- Actual DEM bounds used:
 -- Top Left: 139.107 35.6651
 -- Bottom Right: 140.19 35.6196 
 -- Spacing: 0.000277778 -0.000277778
 -- Dimensions: 3903 165
journal (isce.core.DEMInterpolator):
 -- Actual DEM bounds used:
 -- Top Left: 139.107 35.6471
 -- Bottom Right: 140.19 35.6015 
 -- Spacing: 0.000277778 -0.000277778
 -- Dimensions: 3903 165
journal (isce.core.DEMInterpolator):
 -- Actual DEM bounds used:
 -- Top Left: 139.107 35.6293
 -- Bottom Right: 140.19 35.5835 
 -- Spacing: 0.000277778 -0.000277778
 -- Dimensions: 3903 166
journal (isce.core.DEMInterpolator):
 -- Actual DEM bounds used:
 -- Top Left: 139.107 35.6112
 -- Bottom Right: 140.19 35.5654 
 -- Spacing: 0.000277778 -0.000277778
 -- Dimensions: 3903 166
journal (isce.core.DEMInterpolator):
 -- Actual DEM bounds used:
 -- Top Left: 139.107 35.5932
 -- Bottom Right: 140.19 35.5474 
 -- Spacing: 0.000277778 -0.000277778
 -- Dimensions: 3903 166
journal (isce.core.DEMInterpolator):
 -- Actual DEM bounds used:
 -- Top Left: 139.107 35.5751
 -- Bottom Right: 140.19 35.5296 
 -- Spacing: 0.000277778 -0.000277778
 -- Dimensions: 3903 165
journal (isce.core.DEMInterpolator):
 -- Actual DEM bounds used:
 -- Top Left: 139.107 35.5571
 -- Bottom Right: 140.19 35.5115 
 -- Spacing: 0.000277778 -0.000277778
 -- Dimensions: 3903 165
journal (isce.core.DEMInterpolator):
 -- Actual DEM bounds used:
 -- Top Left: 139.107 35.5393
 -- Bottom Right: 140.19 35.4935 
 -- Spacing: 0.000277778 -0.000277778
 -- Dimensions: 3903 166
journal (isce.core.DEMInterpolator):
 -- Actual DEM bounds used:
 -- Top Left: 139.107 35.5213
 -- Bottom Right: 140.19 35.4754 
 -- Spacing: 0.000277778 -0.000277778
 -- Dimensions: 3903 166
journal (isce.core.DEMInterpolator):
 -- Actual DEM bounds used:
 -- Top Left: 139.107 35.5032
 -- Bottom Right: 140.19 35.4574 
 -- Spacing: 0.000277778 -0.000277778
 -- Dimensions: 3903 166
journal (isce.core.DEMInterpolator):
 -- Actual DEM bounds used:
 -- Top Left: 139.107 35.4851
 -- Bottom Right: 140.19 35.4396 
 -- Spacing: 0.000277778 -0.000277778
 -- Dimensions: 3903 165
journal (isce.core.DEMInterpolator):
 -- Actual DEM bounds used:
 -- Top Left: 139.107 35.4671
 -- Bottom Right: 140.19 35.4215 
 -- Spacing: 0.000277778 -0.000277778
 -- Dimensions: 3903 165
journal (isce.core.DEMInterpolator):
 -- Actual DEM bounds used:
 -- Top Left: 139.107 35.4493
 -- Bottom Right: 140.19 35.4035 
 -- Spacing: 0.000277778 -0.000277778
 -- Dimensions: 3903 166
journal (isce.core.DEMInterpolator):
 -- Actual DEM bounds used:
 -- Top Left: 139.107 35.4312
 -- Bottom Right: 140.19 35.3854 
 -- Spacing: 0.000277778 -0.000277778
 -- Dimensions: 3903 166
journal (isce.core.DEMInterpolator):
 -- Actual DEM bounds used:
 -- Top Left: 139.107 35.4132
 -- Bottom Right: 140.19 35.3674 
 -- Spacing: 0.000277778 -0.000277778
 -- Dimensions: 3903 166
journal (isce.core.DEMInterpolator):
 -- Actual DEM bounds used:
 -- Top Left: 139.107 35.3951
 -- Bottom Right: 140.19 35.3604 
 -- Spacing: 0.000277778 -0.000277778
 -- Dimensions: 3903 126
journal (isce.core.DEMInterpolator):
 -- Actual DEM bounds used:
 -- Top Left: 139.107 35.7013
 -- Bottom Right: 140.19 35.6554 
 -- Spacing: 0.000277778 -0.000277778
 -- Dimensions: 3903 166
journal (isce.core.DEMInterpolator):
 -- Actual DEM bounds used:
 -- Top Left: 139.107 35.6832
 -- Bottom Right: 140.19 35.6374 
 -- Spacing: 0.000277778 -0.000277778
 -- Dimensions: 3903 166
journal (isce.core.DEMInterpolator):
 -- Actual DEM bounds used:
 -- Top Left: 139.107 35.6651
 -- Bottom Right: 140.19 35.6196 
 -- Spacing: 0.000277778 -0.000277778
 -- Dimensions: 3903 165
journal (isce.core.DEMInterpolator):
 -- Actual DEM bounds used:
 -- Top Left: 139.107 35.6471
 -- Bottom Right: 140.19 35.6015 
 -- Spacing: 0.000277778 -0.000277778
 -- Dimensions: 3903 165
journal (isce.core.DEMInterpolator):
 -- Actual DEM bounds used:
 -- Top Left: 139.107 35.6293
 -- Bottom Right: 140.19 35.5835 
 -- Spacing: 0.000277778 -0.000277778
 -- Dimensions: 3903 166
journal (isce.core.DEMInterpolator):
 -- Actual DEM bounds used:
 -- Top Left: 139.107 35.6112
 -- Bottom Right: 140.19 35.5654 
 -- Spacing: 0.000277778 -0.000277778
 -- Dimensions: 3903 166
journal (isce.core.DEMInterpolator):
 -- Actual DEM bounds used:
 -- Top Left: 139.107 35.5932
 -- Bottom Right: 140.19 35.5474 
 -- Spacing: 0.000277778 -0.000277778
 -- Dimensions: 3903 166
journal (isce.core.DEMInterpolator):
 -- Actual DEM bounds used:
 -- Top Left: 139.107 35.5751
 -- Bottom Right: 140.19 35.5296 
 -- Spacing: 0.000277778 -0.000277778
 -- Dimensions: 3903 165
journal (isce.core.DEMInterpolator):
 -- Actual DEM bounds used:
 -- Top Left: 139.107 35.5571
 -- Bottom Right: 140.19 35.5115 
 -- Spacing: 0.000277778 -0.000277778
 -- Dimensions: 3903 165
journal (isce.core.DEMInterpolator):
 -- Actual DEM bounds used:
 -- Top Left: 139.107 35.5393
 -- Bottom Right: 140.19 35.4935 
 -- Spacing: 0.000277778 -0.000277778
 -- Dimensions: 3903 166
journal (isce.core.DEMInterpolator):
 -- Actual DEM bounds used:
 -- Top Left: 139.107 35.5213
 -- Bottom Right: 140.19 35.4754 
 -- Spacing: 0.000277778 -0.000277778
 -- Dimensions: 3903 166
journal (isce.core.DEMInterpolator):
 -- Actual DEM bounds used:
 -- Top Left: 139.107 35.5032
 -- Bottom Right: 140.19 35.4574 
 -- Spacing: 0.000277778 -0.000277778
 -- Dimensions: 3903 166
journal (isce.core.DEMInterpolator):
 -- Actual DEM bounds used:
 -- Top Left: 139.107 35.4851
 -- Bottom Right: 140.19 35.4396 
 -- Spacing: 0.000277778 -0.000277778
 -- Dimensions: 3903 165
journal (isce.core.DEMInterpolator):
 -- Actual DEM bounds used:
 -- Top Left: 139.107 35.4671
 -- Bottom Right: 140.19 35.4215 
 -- Spacing: 0.000277778 -0.000277778
 -- Dimensions: 3903 165
journal (isce.core.DEMInterpolator):
 -- Actual DEM bounds used:
 -- Top Left: 139.107 35.4493
 -- Bottom Right: 140.19 35.4035 
 -- Spacing: 0.000277778 -0.000277778
 -- Dimensions: 3903 166
journal (isce.core.DEMInterpolator):
 -- Actual DEM bounds used:
 -- Top Left: 139.107 35.4312
 -- Bottom Right: 140.19 35.3854 
 -- Spacing: 0.000277778 -0.000277778
 -- Dimensions: 3903 166
journal (isce.core.DEMInterpolator):
 -- Actual DEM bounds used:
 -- Top Left: 139.107 35.4132
 -- Bottom Right: 140.19 35.3674 
 -- Spacing: 0.000277778 -0.000277778
 -- Dimensions: 3903 166
journal (isce.core.DEMInterpolator):
 -- Actual DEM bounds used:
 -- Top Left: 139.107 35.3951
 -- Bottom Right: 140.19 35.3604 
 -- Spacing: 0.000277778 -0.000277778
 -- Dimensions: 3903 126
journal (isce.core.DEMInterpolator):
 -- Actual DEM bounds used:
 -- Top Left: 139.107 35.7013
 -- Bottom Right: 140.19 35.3604 
 -- Spacing: 0.000277778 -0.000277778
 -- Dimensions: 3903 1228
journal (isce.core.DEMInterpolator):
 -- Actual DEM bounds used:
 -- Top Left: 139.107 35.7013
 -- Bottom Right: 140.19 35.3604 
 -- Spacing: 0.000277778 -0.000277778
 -- Dimensions: 3903 1228
journal (isce.core.DEMInterpolator):
 -- Actual DEM bounds used:
 -- Top Left: 139.107 35.7013
 -- Bottom Right: 140.19 35.3604 
 -- Spacing: 0.000277778 -0.000277778
 -- Dimensions: 3903 1228
journal (isce.core.DEMInterpolator):
 -- Actual DEM bounds used:
 -- Top Left: 139.107 35.7013
 -- Bottom Right: 140.19 35.3604 
 -- Spacing: 0.000277778 -0.000277778
 -- Dimensions: 3903 1228
journal (isce.core.DEMInterpolator):
 -- Actual DEM bounds used:
 -- Top Left: 139.107 35.7013
 -- Bottom Right: 140.19 35.3604 
 -- Spacing: 0.000277778 -0.000277778
 -- Dimensions: 3903 1228
journal (isce.core.DEMInterpolator):
 -- Actual DEM bounds used:
 -- Top Left: 139.107 35.7013
 -- Bottom Right: 140.19 35.3604 
 -- Spacing: 0.000277778 -0.000277778
 -- Dimensions: 3903 1228
journal (isce.core.DEMInterpolator):
 -- Actual DEM bounds used:
 -- Top Left: 139.075 35.5351
 -- Bottom Right: 140.153 35.4896 
 -- Spacing: 0.000277778 -0.000277778
 -- Dimensions: 3882 165
journal (isce.core.DEMInterpolator):
 -- Actual DEM bounds used:
 -- Top Left: 139.075 35.5174
 -- Bottom Right: 140.153 35.4715 
 -- Spacing: 0.000277778 -0.000277778
 -- Dimensions: 3882 166
journal (isce.core.DEMInterpolator):
 -- Actual DEM bounds used:
 -- Top Left: 139.075 35.4993
 -- Bottom Right: 140.153 35.4535 
 -- Spacing: 0.000277778 -0.000277778
 -- Dimensions: 3882 166
journal (isce.core.DEMInterpolator):
 -- Actual DEM bounds used:
 -- Top Left: 139.075 35.4813
 -- Bottom Right: 140.153 35.4357 
 -- Spacing: 0.000277778 -0.000277778
 -- Dimensions: 3882 165
journal (isce.core.DEMInterpolator):
 -- Actual DEM bounds used:
 -- Top Left: 139.075 35.4632
 -- Bottom Right: 140.153 35.4176 
 -- Spacing: 0.000277778 -0.000277778
 -- Dimensions: 3882 165
journal (isce.core.DEMInterpolator):
 -- Actual DEM bounds used:
 -- Top Left: 139.075 35.4451
 -- Bottom Right: 140.153 35.3996 
 -- Spacing: 0.000277778 -0.000277778
 -- Dimensions: 3882 165
journal (isce.core.DEMInterpolator):
 -- Actual DEM bounds used:
 -- Top Left: 139.075 35.4274
 -- Bottom Right: 140.153 35.3815 
 -- Spacing: 0.000277778 -0.000277778
 -- Dimensions: 3882 166
journal (isce.core.DEMInterpolator):
 -- Actual DEM bounds used:
 -- Top Left: 139.075 35.4093
 -- Bottom Right: 140.153 35.3635 
 -- Spacing: 0.000277778 -0.000277778
 -- Dimensions: 3882 166
journal (isce.core.DEMInterpolator):
 -- Actual DEM bounds used:
 -- Top Left: 139.075 35.3912
 -- Bottom Right: 140.153 35.3457 
 -- Spacing: 0.000277778 -0.000277778
 -- Dimensions: 3882 165
journal (isce.core.DEMInterpolator):
 -- Actual DEM bounds used:
 -- Top Left: 139.075 35.3732
 -- Bottom Right: 140.153 35.3276 
 -- Spacing: 0.000277778 -0.000277778
 -- Dimensions: 3882 165
journal (isce.core.DEMInterpolator):
 -- Actual DEM bounds used:
 -- Top Left: 139.075 35.3551
 -- Bottom Right: 140.153 35.3096 
 -- Spacing: 0.000277778 -0.000277778
 -- Dimensions: 3882 165
journal (isce.core.DEMInterpolator):
 -- Actual DEM bounds used:
 -- Top Left: 139.075 35.3374
 -- Bottom Right: 140.153 35.2915 
 -- Spacing: 0.000277778 -0.000277778
 -- Dimensions: 3882 166
journal (isce.core.DEMInterpolator):
 -- Actual DEM bounds used:
 -- Top Left: 139.075 35.3193
 -- Bottom Right: 140.153 35.2735 
 -- Spacing: 0.000277778 -0.000277778
 -- Dimensions: 3882 166
journal (isce.core.DEMInterpolator):
 -- Actual DEM bounds used:
 -- Top Left: 139.075 35.3013
 -- Bottom Right: 140.153 35.2557 
 -- Spacing: 0.000277778 -0.000277778
 -- Dimensions: 3882 165
journal (isce.core.DEMInterpolator):
 -- Actual DEM bounds used:
 -- Top Left: 139.075 35.2832
 -- Bottom Right: 140.153 35.2376 
 -- Spacing: 0.000277778 -0.000277778
 -- Dimensions: 3882 165
journal (isce.core.DEMInterpolator):
 -- Actual DEM bounds used:
 -- Top Left: 139.075 35.2651
 -- Bottom Right: 140.153 35.2196 
 -- Spacing: 0.000277778 -0.000277778
 -- Dimensions: 3882 165
journal (isce.core.DEMInterpolator):
 -- Actual DEM bounds used:
 -- Top Left: 139.075 35.2474
 -- Bottom Right: 140.153 35.2015 
 -- Spacing: 0.000277778 -0.000277778
 -- Dimensions: 3882 166
journal (isce.core.DEMInterpolator):
 -- Actual DEM bounds used:
 -- Top Left: 139.075 35.2293
 -- Bottom Right: 140.153 35.1951 
 -- Spacing: 0.000277778 -0.000277778
 -- Dimensions: 3882 124
journal (isce.core.DEMInterpolator):
 -- Actual DEM bounds used:
 -- Top Left: 139.075 35.5351
 -- Bottom Right: 140.153 35.4896 
 -- Spacing: 0.000277778 -0.000277778
 -- Dimensions: 3882 165
journal (isce.core.DEMInterpolator):
 -- Actual DEM bounds used:
 -- Top Left: 139.075 35.5174
 -- Bottom Right: 140.153 35.4715 
 -- Spacing: 0.000277778 -0.000277778
 -- Dimensions: 3882 166
journal (isce.core.DEMInterpolator):
 -- Actual DEM bounds used:
 -- Top Left: 139.075 35.4993
 -- Bottom Right: 140.153 35.4535 
 -- Spacing: 0.000277778 -0.000277778
 -- Dimensions: 3882 166
journal (isce.core.DEMInterpolator):
 -- Actual DEM bounds used:
 -- Top Left: 139.075 35.4813
 -- Bottom Right: 140.153 35.4357 
 -- Spacing: 0.000277778 -0.000277778
 -- Dimensions: 3882 165
journal (isce.core.DEMInterpolator):
 -- Actual DEM bounds used:
 -- Top Left: 139.075 35.4632
 -- Bottom Right: 140.153 35.4176 
 -- Spacing: 0.000277778 -0.000277778
 -- Dimensions: 3882 165
journal (isce.core.DEMInterpolator):
 -- Actual DEM bounds used:
 -- Top Left: 139.075 35.4451
 -- Bottom Right: 140.153 35.3996 
 -- Spacing: 0.000277778 -0.000277778
 -- Dimensions: 3882 165
journal (isce.core.DEMInterpolator):
 -- Actual DEM bounds used:
 -- Top Left: 139.075 35.4274
 -- Bottom Right: 140.153 35.3815 
 -- Spacing: 0.000277778 -0.000277778
 -- Dimensions: 3882 166
journal (isce.core.DEMInterpolator):
 -- Actual DEM bounds used:
 -- Top Left: 139.075 35.4093
 -- Bottom Right: 140.153 35.3635 
 -- Spacing: 0.000277778 -0.000277778
 -- Dimensions: 3882 166
journal (isce.core.DEMInterpolator):
 -- Actual DEM bounds used:
 -- Top Left: 139.075 35.3912
 -- Bottom Right: 140.153 35.3457 
 -- Spacing: 0.000277778 -0.000277778
 -- Dimensions: 3882 165
journal (isce.core.DEMInterpolator):
 -- Actual DEM bounds used:
 -- Top Left: 139.075 35.3732
 -- Bottom Right: 140.153 35.3276 
 -- Spacing: 0.000277778 -0.000277778
 -- Dimensions: 3882 165
journal (isce.core.DEMInterpolator):
 -- Actual DEM bounds used:
 -- Top Left: 139.075 35.3551
 -- Bottom Right: 140.153 35.3096 
 -- Spacing: 0.000277778 -0.000277778
 -- Dimensions: 3882 165
journal (isce.core.DEMInterpolator):
 -- Actual DEM bounds used:
 -- Top Left: 139.075 35.3374
 -- Bottom Right: 140.153 35.2915 
 -- Spacing: 0.000277778 -0.000277778
 -- Dimensions: 3882 166
journal (isce.core.DEMInterpolator):
 -- Actual DEM bounds used:
 -- Top Left: 139.075 35.3193
 -- Bottom Right: 140.153 35.2735 
 -- Spacing: 0.000277778 -0.000277778
 -- Dimensions: 3882 166
journal (isce.core.DEMInterpolator):
 -- Actual DEM bounds used:
 -- Top Left: 139.075 35.3013
 -- Bottom Right: 140.153 35.2557 
 -- Spacing: 0.000277778 -0.000277778
 -- Dimensions: 3882 165
journal (isce.core.DEMInterpolator):
 -- Actual DEM bounds used:
 -- Top Left: 139.075 35.2832
 -- Bottom Right: 140.153 35.2376 
 -- Spacing: 0.000277778 -0.000277778
 -- Dimensions: 3882 165
journal (isce.core.DEMInterpolator):
 -- Actual DEM bounds used:
 -- Top Left: 139.075 35.2651
 -- Bottom Right: 140.153 35.2196 
 -- Spacing: 0.000277778 -0.000277778
 -- Dimensions: 3882 165
journal (isce.core.DEMInterpolator):
 -- Actual DEM bounds used:
 -- Top Left: 139.075 35.2474
 -- Bottom Right: 140.153 35.2015 
 -- Spacing: 0.000277778 -0.000277778
 -- Dimensions: 3882 166
journal (isce.core.DEMInterpolator):
 -- Actual DEM bounds used:
 -- Top Left: 139.075 35.2293
 -- Bottom Right: 140.153 35.1951 
 -- Spacing: 0.000277778 -0.000277778
 -- Dimensions: 3882 124
journal (isce.core.DEMInterpolator):
 -- Actual DEM bounds used:
 -- Top Left: 139.075 35.5351
 -- Bottom Right: 140.153 35.4896 
 -- Spacing: 0.000277778 -0.000277778
 -- Dimensions: 3882 165
journal (isce.core.DEMInterpolator):
 -- Actual DEM bounds used:
 -- Top Left: 139.075 35.5174
 -- Bottom Right: 140.153 35.4715 
 -- Spacing: 0.000277778 -0.000277778
 -- Dimensions: 3882 166
journal (isce.core.DEMInterpolator):
 -- Actual DEM bounds used:
 -- Top Left: 139.075 35.4993
 -- Bottom Right: 140.153 35.4535 
 -- Spacing: 0.000277778 -0.000277778
 -- Dimensions: 3882 166
journal (isce.core.DEMInterpolator):
 -- Actual DEM bounds used:
 -- Top Left: 139.075 35.4813
 -- Bottom Right: 140.153 35.4357 
 -- Spacing: 0.000277778 -0.000277778
 -- Dimensions: 3882 165
journal (isce.core.DEMInterpolator):
 -- Actual DEM bounds used:
 -- Top Left: 139.075 35.4632
 -- Bottom Right: 140.153 35.4176 
 -- Spacing: 0.000277778 -0.000277778
 -- Dimensions: 3882 165
journal (isce.core.DEMInterpolator):
 -- Actual DEM bounds used:
 -- Top Left: 139.075 35.4451
 -- Bottom Right: 140.153 35.3996 
 -- Spacing: 0.000277778 -0.000277778
 -- Dimensions: 3882 165
journal (isce.core.DEMInterpolator):
 -- Actual DEM bounds used:
 -- Top Left: 139.075 35.4274
 -- Bottom Right: 140.153 35.3815 
 -- Spacing: 0.000277778 -0.000277778
 -- Dimensions: 3882 166
journal (isce.core.DEMInterpolator):
 -- Actual DEM bounds used:
 -- Top Left: 139.075 35.4093
 -- Bottom Right: 140.153 35.3635 
 -- Spacing: 0.000277778 -0.000277778
 -- Dimensions: 3882 166
journal (isce.core.DEMInterpolator):
 -- Actual DEM bounds used:
 -- Top Left: 139.075 35.3912
 -- Bottom Right: 140.153 35.3457 
 -- Spacing: 0.000277778 -0.000277778
 -- Dimensions: 3882 165
journal (isce.core.DEMInterpolator):
 -- Actual DEM bounds used:
 -- Top Left: 139.075 35.3732
 -- Bottom Right: 140.153 35.3276 
 -- Spacing: 0.000277778 -0.000277778
 -- Dimensions: 3882 165
journal (isce.core.DEMInterpolator):
 -- Actual DEM bounds used:
 -- Top Left: 139.075 35.3551
 -- Bottom Right: 140.153 35.3096 
 -- Spacing: 0.000277778 -0.000277778
 -- Dimensions: 3882 165
journal (isce.core.DEMInterpolator):
 -- Actual DEM bounds used:
 -- Top Left: 139.075 35.3374
 -- Bottom Right: 140.153 35.2915 
 -- Spacing: 0.000277778 -0.000277778
 -- Dimensions: 3882 166
journal (isce.core.DEMInterpolator):
 -- Actual DEM bounds used:
 -- Top Left: 139.075 35.3193
 -- Bottom Right: 140.153 35.2735 
 -- Spacing: 0.000277778 -0.000277778
 -- Dimensions: 3882 166
journal (isce.core.DEMInterpolator):
 -- Actual DEM bounds used:
 -- Top Left: 139.075 35.3013
 -- Bottom Right: 140.153 35.2557 
 -- Spacing: 0.000277778 -0.000277778
 -- Dimensions: 3882 165
journal (isce.core.DEMInterpolator):
 -- Actual DEM bounds used:
 -- Top Left: 139.075 35.2832
 -- Bottom Right: 140.153 35.2376 
 -- Spacing: 0.000277778 -0.000277778
 -- Dimensions: 3882 165
journal (isce.core.DEMInterpolator):
 -- Actual DEM bounds used:
 -- Top Left: 139.075 35.2651
 -- Bottom Right: 140.153 35.2196 
 -- Spacing: 0.000277778 -0.000277778
 -- Dimensions: 3882 165
journal (isce.core.DEMInterpolator):
 -- Actual DEM bounds used:
 -- Top Left: 139.075 35.2474
 -- Bottom Right: 140.153 35.2015 
 -- Spacing: 0.000277778 -0.000277778
 -- Dimensions: 3882 166
journal (isce.core.DEMInterpolator):
 -- Actual DEM bounds used:
 -- Top Left: 139.075 35.2293
 -- Bottom Right: 140.153 35.1951 
 -- Spacing: 0.000277778 -0.000277778
 -- Dimensions: 3882 124
journal (isce.core.DEMInterpolator):
 -- Actual DEM bounds used:
 -- Top Left: 139.075 35.5351
 -- Bottom Right: 140.153 35.1951 
 -- Spacing: 0.000277778 -0.000277778
 -- Dimensions: 3882 1225
journal (isce.core.DEMInterpolator):
 -- Actual DEM bounds used:
 -- Top Left: 139.075 35.5351
 -- Bottom Right: 140.153 35.1951 
 -- Spacing: 0.000277778 -0.000277778
 -- Dimensions: 3882 1225
journal (isce.core.DEMInterpolator):
 -- Actual DEM bounds used:
 -- Top Left: 139.075 35.5351
 -- Bottom Right: 140.153 35.1951 
 -- Spacing: 0.000277778 -0.000277778
 -- Dimensions: 3882 1225
journal (isce.core.DEMInterpolator):
 -- Actual DEM bounds used:
 -- Top Left: 139.075 35.5351
 -- Bottom Right: 140.153 35.1951 
 -- Spacing: 0.000277778 -0.000277778
 -- Dimensions: 3882 1225
journal (isce.core.DEMInterpolator):
 -- Actual DEM bounds used:
 -- Top Left: 139.075 35.5351
 -- Bottom Right: 140.153 35.1951 
 -- Spacing: 0.000277778 -0.000277778
 -- Dimensions: 3882 1225
journal (isce.core.DEMInterpolator):
 -- Actual DEM bounds used:
 -- Top Left: 139.075 35.5351
 -- Bottom Right: 140.153 35.1951 
 -- Spacing: 0.000277778 -0.000277778
 -- Dimensions: 3882 1225
journal (isce.core.DEMInterpolator):
 -- Actual DEM bounds used:
 -- Top Left: 139.034 35.3693
 -- Bottom Right: 140.114 35.3238 
 -- Spacing: 0.000277778 -0.000277778
 -- Dimensions: 3887 165
journal (isce.core.DEMInterpolator):
 -- Actual DEM bounds used:
 -- Top Left: 139.034 35.3515
 -- Bottom Right: 140.114 35.3057 
 -- Spacing: 0.000277778 -0.000277778
 -- Dimensions: 3887 166
journal (isce.core.DEMInterpolator):
 -- Actual DEM bounds used:
 -- Top Left: 139.034 35.3335
 -- Bottom Right: 140.114 35.2876 
 -- Spacing: 0.000277778 -0.000277778
 -- Dimensions: 3887 166
journal (isce.core.DEMInterpolator):
 -- Actual DEM bounds used:
 -- Top Left: 139.034 35.3154
 -- Bottom Right: 140.114 35.2696 
 -- Spacing: 0.000277778 -0.000277778
 -- Dimensions: 3887 166
journal (isce.core.DEMInterpolator):
 -- Actual DEM bounds used:
 -- Top Left: 139.034 35.2974
 -- Bottom Right: 140.114 35.2518 
 -- Spacing: 0.000277778 -0.000277778
 -- Dimensions: 3887 165
journal (isce.core.DEMInterpolator):
 -- Actual DEM bounds used:
 -- Top Left: 139.034 35.2793
 -- Bottom Right: 140.114 35.2338 
 -- Spacing: 0.000277778 -0.000277778
 -- Dimensions: 3887 165
journal (isce.core.DEMInterpolator):
 -- Actual DEM bounds used:
 -- Top Left: 139.034 35.2615
 -- Bottom Right: 140.114 35.2157 
 -- Spacing: 0.000277778 -0.000277778
 -- Dimensions: 3887 166
journal (isce.core.DEMInterpolator):
 -- Actual DEM bounds used:
 -- Top Left: 139.034 35.2435
 -- Bottom Right: 140.114 35.1976 
 -- Spacing: 0.000277778 -0.000277778
 -- Dimensions: 3887 166
journal (isce.core.DEMInterpolator):
 -- Actual DEM bounds used:
 -- Top Left: 139.034 35.2254
 -- Bottom Right: 140.114 35.1796 
 -- Spacing: 0.000277778 -0.000277778
 -- Dimensions: 3887 166
journal (isce.core.DEMInterpolator):
 -- Actual DEM bounds used:
 -- Top Left: 139.034 35.2074
 -- Bottom Right: 140.114 35.1618 
 -- Spacing: 0.000277778 -0.000277778
 -- Dimensions: 3887 165
journal (isce.core.DEMInterpolator):
 -- Actual DEM bounds used:
 -- Top Left: 139.034 35.1893
 -- Bottom Right: 140.114 35.1438 
 -- Spacing: 0.000277778 -0.000277778
 -- Dimensions: 3887 165
journal (isce.core.DEMInterpolator):
 -- Actual DEM bounds used:
 -- Top Left: 139.034 35.1715
 -- Bottom Right: 140.114 35.1257 
 -- Spacing: 0.000277778 -0.000277778
 -- Dimensions: 3887 166
journal (isce.core.DEMInterpolator):
 -- Actual DEM bounds used:
 -- Top Left: 139.034 35.1535
 -- Bottom Right: 140.114 35.1076 
 -- Spacing: 0.000277778 -0.000277778
 -- Dimensions: 3887 166
journal (isce.core.DEMInterpolator):
 -- Actual DEM bounds used:
 -- Top Left: 139.034 35.1354
 -- Bottom Right: 140.114 35.0896 
 -- Spacing: 0.000277778 -0.000277778
 -- Dimensions: 3887 166
journal (isce.core.DEMInterpolator):
 -- Actual DEM bounds used:
 -- Top Left: 139.034 35.1174
 -- Bottom Right: 140.114 35.0718 
 -- Spacing: 0.000277778 -0.000277778
 -- Dimensions: 3887 165
journal (isce.core.DEMInterpolator):
 -- Actual DEM bounds used:
 -- Top Left: 139.034 35.0993
 -- Bottom Right: 140.114 35.0538 
 -- Spacing: 0.000277778 -0.000277778
 -- Dimensions: 3887 165
journal (isce.core.DEMInterpolator):
 -- Actual DEM bounds used:
 -- Top Left: 139.034 35.0815
 -- Bottom Right: 140.114 35.0357 
 -- Spacing: 0.000277778 -0.000277778
 -- Dimensions: 3887 166
journal (isce.core.DEMInterpolator):
 -- Actual DEM bounds used:
 -- Top Left: 139.034 35.0635
 -- Bottom Right: 140.114 35.0288 
 -- Spacing: 0.000277778 -0.000277778
 -- Dimensions: 3887 126
journal (isce.core.DEMInterpolator):
 -- Actual DEM bounds used:
 -- Top Left: 139.034 35.3693
 -- Bottom Right: 140.114 35.3238 
 -- Spacing: 0.000277778 -0.000277778
 -- Dimensions: 3887 165
journal (isce.core.DEMInterpolator):
 -- Actual DEM bounds used:
 -- Top Left: 139.034 35.3515
 -- Bottom Right: 140.114 35.3057 
 -- Spacing: 0.000277778 -0.000277778
 -- Dimensions: 3887 166
journal (isce.core.DEMInterpolator):
 -- Actual DEM bounds used:
 -- Top Left: 139.034 35.3335
 -- Bottom Right: 140.114 35.2876 
 -- Spacing: 0.000277778 -0.000277778
 -- Dimensions: 3887 166
journal (isce.core.DEMInterpolator):
 -- Actual DEM bounds used:
 -- Top Left: 139.034 35.3154
 -- Bottom Right: 140.114 35.2696 
 -- Spacing: 0.000277778 -0.000277778
 -- Dimensions: 3887 166
journal (isce.core.DEMInterpolator):
 -- Actual DEM bounds used:
 -- Top Left: 139.034 35.2974
 -- Bottom Right: 140.114 35.2518 
 -- Spacing: 0.000277778 -0.000277778
 -- Dimensions: 3887 165
journal (isce.core.DEMInterpolator):
 -- Actual DEM bounds used:
 -- Top Left: 139.034 35.2793
 -- Bottom Right: 140.114 35.2338 
 -- Spacing: 0.000277778 -0.000277778
 -- Dimensions: 3887 165
journal (isce.core.DEMInterpolator):
 -- Actual DEM bounds used:
 -- Top Left: 139.034 35.2615
 -- Bottom Right: 140.114 35.2157 
 -- Spacing: 0.000277778 -0.000277778
 -- Dimensions: 3887 166
journal (isce.core.DEMInterpolator):
 -- Actual DEM bounds used:
 -- Top Left: 139.034 35.2435
 -- Bottom Right: 140.114 35.1976 
 -- Spacing: 0.000277778 -0.000277778
 -- Dimensions: 3887 166
journal (isce.core.DEMInterpolator):
 -- Actual DEM bounds used:
 -- Top Left: 139.034 35.2254
 -- Bottom Right: 140.114 35.1796 
 -- Spacing: 0.000277778 -0.000277778
 -- Dimensions: 3887 166
journal (isce.core.DEMInterpolator):
 -- Actual DEM bounds used:
 -- Top Left: 139.034 35.2074
 -- Bottom Right: 140.114 35.1618 
 -- Spacing: 0.000277778 -0.000277778
 -- Dimensions: 3887 165
journal (isce.core.DEMInterpolator):
 -- Actual DEM bounds used:
 -- Top Left: 139.034 35.1893
 -- Bottom Right: 140.114 35.1438 
 -- Spacing: 0.000277778 -0.000277778
 -- Dimensions: 3887 165
journal (isce.core.DEMInterpolator):
 -- Actual DEM bounds used:
 -- Top Left: 139.034 35.1715
 -- Bottom Right: 140.114 35.1257 
 -- Spacing: 0.000277778 -0.000277778
 -- Dimensions: 3887 166
journal (isce.core.DEMInterpolator):
 -- Actual DEM bounds used:
 -- Top Left: 139.034 35.1535
 -- Bottom Right: 140.114 35.1076 
 -- Spacing: 0.000277778 -0.000277778
 -- Dimensions: 3887 166
journal (isce.core.DEMInterpolator):
 -- Actual DEM bounds used:
 -- Top Left: 139.034 35.1354
 -- Bottom Right: 140.114 35.0896 
 -- Spacing: 0.000277778 -0.000277778
 -- Dimensions: 3887 166
journal (isce.core.DEMInterpolator):
 -- Actual DEM bounds used:
 -- Top Left: 139.034 35.1174
 -- Bottom Right: 140.114 35.0718 
 -- Spacing: 0.000277778 -0.000277778
 -- Dimensions: 3887 165
journal (isce.core.DEMInterpolator):
 -- Actual DEM bounds used:
 -- Top Left: 139.034 35.0993
 -- Bottom Right: 140.114 35.0538 
 -- Spacing: 0.000277778 -0.000277778
 -- Dimensions: 3887 165
journal (isce.core.DEMInterpolator):
 -- Actual DEM bounds used:
 -- Top Left: 139.034 35.0815
 -- Bottom Right: 140.114 35.0357 
 -- Spacing: 0.000277778 -0.000277778
 -- Dimensions: 3887 166
journal (isce.core.DEMInterpolator):
 -- Actual DEM bounds used:
 -- Top Left: 139.034 35.0635
 -- Bottom Right: 140.114 35.0288 
 -- Spacing: 0.000277778 -0.000277778
 -- Dimensions: 3887 126
journal (isce.core.DEMInterpolator):
 -- Actual DEM bounds used:
 -- Top Left: 139.034 35.3693
 -- Bottom Right: 140.114 35.3238 
 -- Spacing: 0.000277778 -0.000277778
 -- Dimensions: 3887 165
journal (isce.core.DEMInterpolator):
 -- Actual DEM bounds used:
 -- Top Left: 139.034 35.3515
 -- Bottom Right: 140.114 35.3057 
 -- Spacing: 0.000277778 -0.000277778
 -- Dimensions: 3887 166
journal (isce.core.DEMInterpolator):
 -- Actual DEM bounds used:
 -- Top Left: 139.034 35.3335
 -- Bottom Right: 140.114 35.2876 
 -- Spacing: 0.000277778 -0.000277778
 -- Dimensions: 3887 166
journal (isce.core.DEMInterpolator):
 -- Actual DEM bounds used:
 -- Top Left: 139.034 35.3154
 -- Bottom Right: 140.114 35.2696 
 -- Spacing: 0.000277778 -0.000277778
 -- Dimensions: 3887 166
journal (isce.core.DEMInterpolator):
 -- Actual DEM bounds used:
 -- Top Left: 139.034 35.2974
 -- Bottom Right: 140.114 35.2518 
 -- Spacing: 0.000277778 -0.000277778
 -- Dimensions: 3887 165
journal (isce.core.DEMInterpolator):
 -- Actual DEM bounds used:
 -- Top Left: 139.034 35.2793
 -- Bottom Right: 140.114 35.2338 
 -- Spacing: 0.000277778 -0.000277778
 -- Dimensions: 3887 165
journal (isce.core.DEMInterpolator):
 -- Actual DEM bounds used:
 -- Top Left: 139.034 35.2615
 -- Bottom Right: 140.114 35.2157 
 -- Spacing: 0.000277778 -0.000277778
 -- Dimensions: 3887 166
journal (isce.core.DEMInterpolator):
 -- Actual DEM bounds used:
 -- Top Left: 139.034 35.2435
 -- Bottom Right: 140.114 35.1976 
 -- Spacing: 0.000277778 -0.000277778
 -- Dimensions: 3887 166
journal (isce.core.DEMInterpolator):
 -- Actual DEM bounds used:
 -- Top Left: 139.034 35.2254
 -- Bottom Right: 140.114 35.1796 
 -- Spacing: 0.000277778 -0.000277778
 -- Dimensions: 3887 166
journal (isce.core.DEMInterpolator):
 -- Actual DEM bounds used:
 -- Top Left: 139.034 35.2074
 -- Bottom Right: 140.114 35.1618 
 -- Spacing: 0.000277778 -0.000277778
 -- Dimensions: 3887 165
journal (isce.core.DEMInterpolator):
 -- Actual DEM bounds used:
 -- Top Left: 139.034 35.1893
 -- Bottom Right: 140.114 35.1438 
 -- Spacing: 0.000277778 -0.000277778
 -- Dimensions: 3887 165
journal (isce.core.DEMInterpolator):
 -- Actual DEM bounds used:
 -- Top Left: 139.034 35.1715
 -- Bottom Right: 140.114 35.1257 
 -- Spacing: 0.000277778 -0.000277778
 -- Dimensions: 3887 166
journal (isce.core.DEMInterpolator):
 -- Actual DEM bounds used:
 -- Top Left: 139.034 35.1535
 -- Bottom Right: 140.114 35.1076 
 -- Spacing: 0.000277778 -0.000277778
 -- Dimensions: 3887 166
journal (isce.core.DEMInterpolator):
 -- Actual DEM bounds used:
 -- Top Left: 139.034 35.1354
 -- Bottom Right: 140.114 35.0896 
 -- Spacing: 0.000277778 -0.000277778
 -- Dimensions: 3887 166
journal (isce.core.DEMInterpolator):
 -- Actual DEM bounds used:
 -- Top Left: 139.034 35.1174
 -- Bottom Right: 140.114 35.0718 
 -- Spacing: 0.000277778 -0.000277778
 -- Dimensions: 3887 165
journal (isce.core.DEMInterpolator):
 -- Actual DEM bounds used:
 -- Top Left: 139.034 35.0993
 -- Bottom Right: 140.114 35.0538 
 -- Spacing: 0.000277778 -0.000277778
 -- Dimensions: 3887 165
journal (isce.core.DEMInterpolator):
 -- Actual DEM bounds used:
 -- Top Left: 139.034 35.0815
 -- Bottom Right: 140.114 35.0357 
 -- Spacing: 0.000277778 -0.000277778
 -- Dimensions: 3887 166
journal (isce.core.DEMInterpolator):
 -- Actual DEM bounds used:
 -- Top Left: 139.034 35.0635
 -- Bottom Right: 140.114 35.0288 
 -- Spacing: 0.000277778 -0.000277778
 -- Dimensions: 3887 126
journal (isce.core.DEMInterpolator):
 -- Actual DEM bounds used:
 -- Top Left: 139.034 35.3693
 -- Bottom Right: 140.114 35.0288 
 -- Spacing: 0.000277778 -0.000277778
 -- Dimensions: 3887 1227
journal (isce.core.DEMInterpolator):
 -- Actual DEM bounds used:
 -- Top Left: 139.034 35.3693
 -- Bottom Right: 140.114 35.0288 
 -- Spacing: 0.000277778 -0.000277778
 -- Dimensions: 3887 1227
journal (isce.core.DEMInterpolator):
 -- Actual DEM bounds used:
 -- Top Left: 139.034 35.3693
 -- Bottom Right: 140.114 35.0288 
 -- Spacing: 0.000277778 -0.000277778
 -- Dimensions: 3887 1227
journal (isce.core.DEMInterpolator):
 -- Actual DEM bounds used:
 -- Top Left: 139.034 35.3693
 -- Bottom Right: 140.114 35.0288 
 -- Spacing: 0.000277778 -0.000277778
 -- Dimensions: 3887 1227
journal (isce.core.DEMInterpolator):
 -- Actual DEM bounds used:
 -- Top Left: 139.034 35.3693
 -- Bottom Right: 140.114 35.0288 
 -- Spacing: 0.000277778 -0.000277778
 -- Dimensions: 3887 1227
journal (isce.core.DEMInterpolator):
 -- Actual DEM bounds used:
 -- Top Left: 139.034 35.3693
 -- Bottom Right: 140.114 35.0288 
 -- Spacing: 0.000277778 -0.000277778
 -- Dimensions: 3887 1227
journal (isce.core.DEMInterpolator):
 -- Actual DEM bounds used:
 -- Top Left: 139.005 35.2043
 -- Bottom Right: 140.079 35.1585 
 -- Spacing: 0.000277778 -0.000277778
 -- Dimensions: 3868 166
journal (isce.core.DEMInterpolator):
 -- Actual DEM bounds used:
 -- Top Left: 139.005 35.1863
 -- Bottom Right: 140.079 35.1404 
 -- Spacing: 0.000277778 -0.000277778
 -- Dimensions: 3868 166
journal (isce.core.DEMInterpolator):
 -- Actual DEM bounds used:
 -- Top Left: 139.005 35.1682
 -- Bottom Right: 140.079 35.1224 
 -- Spacing: 0.000277778 -0.000277778
 -- Dimensions: 3868 166
journal (isce.core.DEMInterpolator):
 -- Actual DEM bounds used:
 -- Top Left: 139.005 35.1501
 -- Bottom Right: 140.079 35.1046 
 -- Spacing: 0.000277778 -0.000277778
 -- Dimensions: 3868 165
journal (isce.core.DEMInterpolator):
 -- Actual DEM bounds used:
 -- Top Left: 139.005 35.1321
 -- Bottom Right: 140.079 35.0865 
 -- Spacing: 0.000277778 -0.000277778
 -- Dimensions: 3868 165
journal (isce.core.DEMInterpolator):
 -- Actual DEM bounds used:
 -- Top Left: 139.005 35.1143
 -- Bottom Right: 140.079 35.0685 
 -- Spacing: 0.000277778 -0.000277778
 -- Dimensions: 3868 166
journal (isce.core.DEMInterpolator):
 -- Actual DEM bounds used:
 -- Top Left: 139.005 35.0962
 -- Bottom Right: 140.079 35.0504 
 -- Spacing: 0.000277778 -0.000277778
 -- Dimensions: 3868 166
journal (isce.core.DEMInterpolator):
 -- Actual DEM bounds used:
 -- Top Left: 139.005 35.0782
 -- Bottom Right: 140.079 35.0324 
 -- Spacing: 0.000277778 -0.000277778
 -- Dimensions: 3868 166
journal (isce.core.DEMInterpolator):
 -- Actual DEM bounds used:
 -- Top Left: 139.005 35.0601
 -- Bottom Right: 140.079 35.0146 
 -- Spacing: 0.000277778 -0.000277778
 -- Dimensions: 3868 165
journal (isce.core.DEMInterpolator):
 -- Actual DEM bounds used:
 -- Top Left: 139.005 35.0421
 -- Bottom Right: 140.079 34.9965 
 -- Spacing: 0.000277778 -0.000277778
 -- Dimensions: 3868 165
journal (isce.core.DEMInterpolator):
 -- Actual DEM bounds used:
 -- Top Left: 139.005 35.0243
 -- Bottom Right: 140.079 34.9785 
 -- Spacing: 0.000277778 -0.000277778
 -- Dimensions: 3868 166
journal (isce.core.DEMInterpolator):
 -- Actual DEM bounds used:
 -- Top Left: 139.005 35.0063
 -- Bottom Right: 140.079 34.9604 
 -- Spacing: 0.000277778 -0.000277778
 -- Dimensions: 3868 166
journal (isce.core.DEMInterpolator):
 -- Actual DEM bounds used:
 -- Top Left: 139.005 34.9882
 -- Bottom Right: 140.079 34.9424 
 -- Spacing: 0.000277778 -0.000277778
 -- Dimensions: 3868 166
journal (isce.core.DEMInterpolator):
 -- Actual DEM bounds used:
 -- Top Left: 139.005 34.9701
 -- Bottom Right: 140.079 34.9246 
 -- Spacing: 0.000277778 -0.000277778
 -- Dimensions: 3868 165
journal (isce.core.DEMInterpolator):
 -- Actual DEM bounds used:
 -- Top Left: 139.005 34.9521
 -- Bottom Right: 140.079 34.9065 
 -- Spacing: 0.000277778 -0.000277778
 -- Dimensions: 3868 165
journal (isce.core.DEMInterpolator):
 -- Actual DEM bounds used:
 -- Top Left: 139.005 34.9343
 -- Bottom Right: 140.079 34.8885 
 -- Spacing: 0.000277778 -0.000277778
 -- Dimensions: 3868 166
journal (isce.core.DEMInterpolator):
 -- Actual DEM bounds used:
 -- Top Left: 139.005 34.9162
 -- Bottom Right: 140.079 34.8704 
 -- Spacing: 0.000277778 -0.000277778
 -- Dimensions: 3868 166
journal (isce.core.DEMInterpolator):
 -- Actual DEM bounds used:
 -- Top Left: 139.005 34.8982
 -- Bottom Right: 140.079 34.8626 
 -- Spacing: 0.000277778 -0.000277778
 -- Dimensions: 3868 129
journal (isce.core.DEMInterpolator):
 -- Actual DEM bounds used:
 -- Top Left: 139.005 35.2043
 -- Bottom Right: 140.079 35.1585 
 -- Spacing: 0.000277778 -0.000277778
 -- Dimensions: 3868 166
journal (isce.core.DEMInterpolator):
 -- Actual DEM bounds used:
 -- Top Left: 139.005 35.1863
 -- Bottom Right: 140.079 35.1404 
 -- Spacing: 0.000277778 -0.000277778
 -- Dimensions: 3868 166
journal (isce.core.DEMInterpolator):
 -- Actual DEM bounds used:
 -- Top Left: 139.005 35.1682
 -- Bottom Right: 140.079 35.1224 
 -- Spacing: 0.000277778 -0.000277778
 -- Dimensions: 3868 166
journal (isce.core.DEMInterpolator):
 -- Actual DEM bounds used:
 -- Top Left: 139.005 35.1501
 -- Bottom Right: 140.079 35.1046 
 -- Spacing: 0.000277778 -0.000277778
 -- Dimensions: 3868 165
journal (isce.core.DEMInterpolator):
 -- Actual DEM bounds used:
 -- Top Left: 139.005 35.1321
 -- Bottom Right: 140.079 35.0865 
 -- Spacing: 0.000277778 -0.000277778
 -- Dimensions: 3868 165
journal (isce.core.DEMInterpolator):
 -- Actual DEM bounds used:
 -- Top Left: 139.005 35.1143
 -- Bottom Right: 140.079 35.0685 
 -- Spacing: 0.000277778 -0.000277778
 -- Dimensions: 3868 166
journal (isce.core.DEMInterpolator):
 -- Actual DEM bounds used:
 -- Top Left: 139.005 35.0962
 -- Bottom Right: 140.079 35.0504 
 -- Spacing: 0.000277778 -0.000277778
 -- Dimensions: 3868 166
journal (isce.core.DEMInterpolator):
 -- Actual DEM bounds used:
 -- Top Left: 139.005 35.0782
 -- Bottom Right: 140.079 35.0324 
 -- Spacing: 0.000277778 -0.000277778
 -- Dimensions: 3868 166
journal (isce.core.DEMInterpolator):
 -- Actual DEM bounds used:
 -- Top Left: 139.005 35.0601
 -- Bottom Right: 140.079 35.0146 
 -- Spacing: 0.000277778 -0.000277778
 -- Dimensions: 3868 165
journal (isce.core.DEMInterpolator):
 -- Actual DEM bounds used:
 -- Top Left: 139.005 35.0421
 -- Bottom Right: 140.079 34.9965 
 -- Spacing: 0.000277778 -0.000277778
 -- Dimensions: 3868 165
journal (isce.core.DEMInterpolator):
 -- Actual DEM bounds used:
 -- Top Left: 139.005 35.0243
 -- Bottom Right: 140.079 34.9785 
 -- Spacing: 0.000277778 -0.000277778
 -- Dimensions: 3868 166
journal (isce.core.DEMInterpolator):
 -- Actual DEM bounds used:
 -- Top Left: 139.005 35.0063
 -- Bottom Right: 140.079 34.9604 
 -- Spacing: 0.000277778 -0.000277778
 -- Dimensions: 3868 166
journal (isce.core.DEMInterpolator):
 -- Actual DEM bounds used:
 -- Top Left: 139.005 34.9882
 -- Bottom Right: 140.079 34.9424 
 -- Spacing: 0.000277778 -0.000277778
 -- Dimensions: 3868 166
journal (isce.core.DEMInterpolator):
 -- Actual DEM bounds used:
 -- Top Left: 139.005 34.9701
 -- Bottom Right: 140.079 34.9246 
 -- Spacing: 0.000277778 -0.000277778
 -- Dimensions: 3868 165
journal (isce.core.DEMInterpolator):
 -- Actual DEM bounds used:
 -- Top Left: 139.005 34.9521
 -- Bottom Right: 140.079 34.9065 
 -- Spacing: 0.000277778 -0.000277778
 -- Dimensions: 3868 165
journal (isce.core.DEMInterpolator):
 -- Actual DEM bounds used:
 -- Top Left: 139.005 34.9343
 -- Bottom Right: 140.079 34.8885 
 -- Spacing: 0.000277778 -0.000277778
 -- Dimensions: 3868 166
journal (isce.core.DEMInterpolator):
 -- Actual DEM bounds used:
 -- Top Left: 139.005 34.9162
 -- Bottom Right: 140.079 34.8704 
 -- Spacing: 0.000277778 -0.000277778
 -- Dimensions: 3868 166
journal (isce.core.DEMInterpolator):
 -- Actual DEM bounds used:
 -- Top Left: 139.005 34.8982
 -- Bottom Right: 140.079 34.8626 
 -- Spacing: 0.000277778 -0.000277778
 -- Dimensions: 3868 129
journal (isce.core.DEMInterpolator):
 -- Actual DEM bounds used:
 -- Top Left: 139.005 35.2043
 -- Bottom Right: 140.079 35.1585 
 -- Spacing: 0.000277778 -0.000277778
 -- Dimensions: 3868 166
journal (isce.core.DEMInterpolator):
 -- Actual DEM bounds used:
 -- Top Left: 139.005 35.1863
 -- Bottom Right: 140.079 35.1404 
 -- Spacing: 0.000277778 -0.000277778
 -- Dimensions: 3868 166
journal (isce.core.DEMInterpolator):
 -- Actual DEM bounds used:
 -- Top Left: 139.005 35.1682
 -- Bottom Right: 140.079 35.1224 
 -- Spacing: 0.000277778 -0.000277778
 -- Dimensions: 3868 166
journal (isce.core.DEMInterpolator):
 -- Actual DEM bounds used:
 -- Top Left: 139.005 35.1501
 -- Bottom Right: 140.079 35.1046 
 -- Spacing: 0.000277778 -0.000277778
 -- Dimensions: 3868 165
journal (isce.core.DEMInterpolator):
 -- Actual DEM bounds used:
 -- Top Left: 139.005 35.1321
 -- Bottom Right: 140.079 35.0865 
 -- Spacing: 0.000277778 -0.000277778
 -- Dimensions: 3868 165
journal (isce.core.DEMInterpolator):
 -- Actual DEM bounds used:
 -- Top Left: 139.005 35.1143
 -- Bottom Right: 140.079 35.0685 
 -- Spacing: 0.000277778 -0.000277778
 -- Dimensions: 3868 166
journal (isce.core.DEMInterpolator):
 -- Actual DEM bounds used:
 -- Top Left: 139.005 35.0962
 -- Bottom Right: 140.079 35.0504 
 -- Spacing: 0.000277778 -0.000277778
 -- Dimensions: 3868 166
journal (isce.core.DEMInterpolator):
 -- Actual DEM bounds used:
 -- Top Left: 139.005 35.0782
 -- Bottom Right: 140.079 35.0324 
 -- Spacing: 0.000277778 -0.000277778
 -- Dimensions: 3868 166
journal (isce.core.DEMInterpolator):
 -- Actual DEM bounds used:
 -- Top Left: 139.005 35.0601
 -- Bottom Right: 140.079 35.0146 
 -- Spacing: 0.000277778 -0.000277778
 -- Dimensions: 3868 165
journal (isce.core.DEMInterpolator):
 -- Actual DEM bounds used:
 -- Top Left: 139.005 35.0421
 -- Bottom Right: 140.079 34.9965 
 -- Spacing: 0.000277778 -0.000277778
 -- Dimensions: 3868 165
journal (isce.core.DEMInterpolator):
 -- Actual DEM bounds used:
 -- Top Left: 139.005 35.0243
 -- Bottom Right: 140.079 34.9785 
 -- Spacing: 0.000277778 -0.000277778
 -- Dimensions: 3868 166
journal (isce.core.DEMInterpolator):
 -- Actual DEM bounds used:
 -- Top Left: 139.005 35.0063
 -- Bottom Right: 140.079 34.9604 
 -- Spacing: 0.000277778 -0.000277778
 -- Dimensions: 3868 166
journal (isce.core.DEMInterpolator):
 -- Actual DEM bounds used:
 -- Top Left: 139.005 34.9882
 -- Bottom Right: 140.079 34.9424 
 -- Spacing: 0.000277778 -0.000277778
 -- Dimensions: 3868 166
journal (isce.core.DEMInterpolator):
 -- Actual DEM bounds used:
 -- Top Left: 139.005 34.9701
 -- Bottom Right: 140.079 34.9246 
 -- Spacing: 0.000277778 -0.000277778
 -- Dimensions: 3868 165
journal (isce.core.DEMInterpolator):
 -- Actual DEM bounds used:
 -- Top Left: 139.005 34.9521
 -- Bottom Right: 140.079 34.9065 
 -- Spacing: 0.000277778 -0.000277778
 -- Dimensions: 3868 165
journal (isce.core.DEMInterpolator):
 -- Actual DEM bounds used:
 -- Top Left: 139.005 34.9343
 -- Bottom Right: 140.079 34.8885 
 -- Spacing: 0.000277778 -0.000277778
 -- Dimensions: 3868 166
journal (isce.core.DEMInterpolator):
 -- Actual DEM bounds used:
 -- Top Left: 139.005 34.9162
 -- Bottom Right: 140.079 34.8704 
 -- Spacing: 0.000277778 -0.000277778
 -- Dimensions: 3868 166
journal (isce.core.DEMInterpolator):
 -- Actual DEM bounds used:
 -- Top Left: 139.005 34.8982
 -- Bottom Right: 140.079 34.8626 
 -- Spacing: 0.000277778 -0.000277778
 -- Dimensions: 3868 129
journal (isce.core.DEMInterpolator):
 -- Actual DEM bounds used:
 -- Top Left: 139.005 35.2043
 -- Bottom Right: 140.079 34.8626 
 -- Spacing: 0.000277778 -0.000277778
 -- Dimensions: 3868 1231
journal (isce.core.DEMInterpolator):
 -- Actual DEM bounds used:
 -- Top Left: 139.005 35.2043
 -- Bottom Right: 140.079 34.8626 
 -- Spacing: 0.000277778 -0.000277778
 -- Dimensions: 3868 1231
journal (isce.core.DEMInterpolator):
 -- Actual DEM bounds used:
 -- Top Left: 139.005 35.2043
 -- Bottom Right: 140.079 34.8626 
 -- Spacing: 0.000277778 -0.000277778
 -- Dimensions: 3868 1231
journal (isce.core.DEMInterpolator):
 -- Actual DEM bounds used:
 -- Top Left: 139.005 35.2043
 -- Bottom Right: 140.079 34.8626 
 -- Spacing: 0.000277778 -0.000277778
 -- Dimensions: 3868 1231
journal (isce.core.DEMInterpolator):
 -- Actual DEM bounds used:
 -- Top Left: 139.005 35.2043
 -- Bottom Right: 140.079 34.8626 
 -- Spacing: 0.000277778 -0.000277778
 -- Dimensions: 3868 1231
journal (isce.core.DEMInterpolator):
 -- Actual DEM bounds used:
 -- Top Left: 139.005 35.2043
 -- Bottom Right: 140.079 34.8626 
 -- Spacing: 0.000277778 -0.000277778
 -- Dimensions: 3868 1231
journal (isce.core.DEMInterpolator):
 -- Actual DEM bounds used:
 -- Top Left: 138.966 35.0374
 -- Bottom Right: 140.042 34.9918 
 -- Spacing: 0.000277778 -0.000277778
 -- Dimensions: 3874 165
journal (isce.core.DEMInterpolator):
 -- Actual DEM bounds used:
 -- Top Left: 138.966 35.0196
 -- Bottom Right: 140.042 34.9738 
 -- Spacing: 0.000277778 -0.000277778
 -- Dimensions: 3874 166
journal (isce.core.DEMInterpolator):
 -- Actual DEM bounds used:
 -- Top Left: 138.966 35.0015
 -- Bottom Right: 140.042 34.9557 
 -- Spacing: 0.000277778 -0.000277778
 -- Dimensions: 3874 166
journal (isce.core.DEMInterpolator):
 -- Actual DEM bounds used:
 -- Top Left: 138.966 34.9835
 -- Bottom Right: 140.042 34.9379 
 -- Spacing: 0.000277778 -0.000277778
 -- Dimensions: 3874 165
journal (isce.core.DEMInterpolator):
 -- Actual DEM bounds used:
 -- Top Left: 138.966 34.9654
 -- Bottom Right: 140.042 34.9199 
 -- Spacing: 0.000277778 -0.000277778
 -- Dimensions: 3874 165
journal (isce.core.DEMInterpolator):
 -- Actual DEM bounds used:
 -- Top Left: 138.966 34.9474
 -- Bottom Right: 140.042 34.9018 
 -- Spacing: 0.000277778 -0.000277778
 -- Dimensions: 3874 165
journal (isce.core.DEMInterpolator):
 -- Actual DEM bounds used:
 -- Top Left: 138.966 34.9296
 -- Bottom Right: 140.042 34.8837 
 -- Spacing: 0.000277778 -0.000277778
 -- Dimensions: 3874 166
journal (isce.core.DEMInterpolator):
 -- Actual DEM bounds used:
 -- Top Left: 138.966 34.9115
 -- Bottom Right: 140.042 34.8657 
 -- Spacing: 0.000277778 -0.000277778
 -- Dimensions: 3874 166
journal (isce.core.DEMInterpolator):
 -- Actual DEM bounds used:
 -- Top Left: 138.966 34.8935
 -- Bottom Right: 140.042 34.8479 
 -- Spacing: 0.000277778 -0.000277778
 -- Dimensions: 3874 165
journal (isce.core.DEMInterpolator):
 -- Actual DEM bounds used:
 -- Top Left: 138.966 34.8754
 -- Bottom Right: 140.042 34.8299 
 -- Spacing: 0.000277778 -0.000277778
 -- Dimensions: 3874 165
journal (isce.core.DEMInterpolator):
 -- Actual DEM bounds used:
 -- Top Left: 138.966 34.8574
 -- Bottom Right: 140.042 34.8118 
 -- Spacing: 0.000277778 -0.000277778
 -- Dimensions: 3874 165
journal (isce.core.DEMInterpolator):
 -- Actual DEM bounds used:
 -- Top Left: 138.966 34.8396
 -- Bottom Right: 140.042 34.7938 
 -- Spacing: 0.000277778 -0.000277778
 -- Dimensions: 3874 166
journal (isce.core.DEMInterpolator):
 -- Actual DEM bounds used:
 -- Top Left: 138.966 34.8215
 -- Bottom Right: 140.042 34.7757 
 -- Spacing: 0.000277778 -0.000277778
 -- Dimensions: 3874 166
journal (isce.core.DEMInterpolator):
 -- Actual DEM bounds used:
 -- Top Left: 138.966 34.8035
 -- Bottom Right: 140.042 34.7579 
 -- Spacing: 0.000277778 -0.000277778
 -- Dimensions: 3874 165
journal (isce.core.DEMInterpolator):
 -- Actual DEM bounds used:
 -- Top Left: 138.966 34.7854
 -- Bottom Right: 140.042 34.7399 
 -- Spacing: 0.000277778 -0.000277778
 -- Dimensions: 3874 165
journal (isce.core.DEMInterpolator):
 -- Actual DEM bounds used:
 -- Top Left: 138.966 34.7674
 -- Bottom Right: 140.042 34.7218 
 -- Spacing: 0.000277778 -0.000277778
 -- Dimensions: 3874 165
journal (isce.core.DEMInterpolator):
 -- Actual DEM bounds used:
 -- Top Left: 138.966 34.7496
 -- Bottom Right: 140.042 34.7037 
 -- Spacing: 0.000277778 -0.000277778
 -- Dimensions: 3874 166
journal (isce.core.DEMInterpolator):
 -- Actual DEM bounds used:
 -- Top Left: 138.966 34.7315
 -- Bottom Right: 140.042 34.6965 
 -- Spacing: 0.000277778 -0.000277778
 -- Dimensions: 3874 127
journal (isce.core.DEMInterpolator):
 -- Actual DEM bounds used:
 -- Top Left: 138.966 35.0374
 -- Bottom Right: 140.042 34.9918 
 -- Spacing: 0.000277778 -0.000277778
 -- Dimensions: 3874 165
journal (isce.core.DEMInterpolator):
 -- Actual DEM bounds used:
 -- Top Left: 138.966 35.0196
 -- Bottom Right: 140.042 34.9738 
 -- Spacing: 0.000277778 -0.000277778
 -- Dimensions: 3874 166
journal (isce.core.DEMInterpolator):
 -- Actual DEM bounds used:
 -- Top Left: 138.966 35.0015
 -- Bottom Right: 140.042 34.9557 
 -- Spacing: 0.000277778 -0.000277778
 -- Dimensions: 3874 166
journal (isce.core.DEMInterpolator):
 -- Actual DEM bounds used:
 -- Top Left: 138.966 34.9835
 -- Bottom Right: 140.042 34.9379 
 -- Spacing: 0.000277778 -0.000277778
 -- Dimensions: 3874 165
journal (isce.core.DEMInterpolator):
 -- Actual DEM bounds used:
 -- Top Left: 138.966 34.9654
 -- Bottom Right: 140.042 34.9199 
 -- Spacing: 0.000277778 -0.000277778
 -- Dimensions: 3874 165
journal (isce.core.DEMInterpolator):
 -- Actual DEM bounds used:
 -- Top Left: 138.966 34.9474
 -- Bottom Right: 140.042 34.9018 
 -- Spacing: 0.000277778 -0.000277778
 -- Dimensions: 3874 165
journal (isce.core.DEMInterpolator):
 -- Actual DEM bounds used:
 -- Top Left: 138.966 34.9296
 -- Bottom Right: 140.042 34.8837 
 -- Spacing: 0.000277778 -0.000277778
 -- Dimensions: 3874 166
journal (isce.core.DEMInterpolator):
 -- Actual DEM bounds used:
 -- Top Left: 138.966 34.9115
 -- Bottom Right: 140.042 34.8657 
 -- Spacing: 0.000277778 -0.000277778
 -- Dimensions: 3874 166
journal (isce.core.DEMInterpolator):
 -- Actual DEM bounds used:
 -- Top Left: 138.966 34.8935
 -- Bottom Right: 140.042 34.8479 
 -- Spacing: 0.000277778 -0.000277778
 -- Dimensions: 3874 165
journal (isce.core.DEMInterpolator):
 -- Actual DEM bounds used:
 -- Top Left: 138.966 34.8754
 -- Bottom Right: 140.042 34.8299 
 -- Spacing: 0.000277778 -0.000277778
 -- Dimensions: 3874 165
journal (isce.core.DEMInterpolator):
 -- Actual DEM bounds used:
 -- Top Left: 138.966 34.8574
 -- Bottom Right: 140.042 34.8118 
 -- Spacing: 0.000277778 -0.000277778
 -- Dimensions: 3874 165
journal (isce.core.DEMInterpolator):
 -- Actual DEM bounds used:
 -- Top Left: 138.966 34.8396
 -- Bottom Right: 140.042 34.7938 
 -- Spacing: 0.000277778 -0.000277778
 -- Dimensions: 3874 166
journal (isce.core.DEMInterpolator):
 -- Actual DEM bounds used:
 -- Top Left: 138.966 34.8215
 -- Bottom Right: 140.042 34.7757 
 -- Spacing: 0.000277778 -0.000277778
 -- Dimensions: 3874 166
journal (isce.core.DEMInterpolator):
 -- Actual DEM bounds used:
 -- Top Left: 138.966 34.8035
 -- Bottom Right: 140.042 34.7579 
 -- Spacing: 0.000277778 -0.000277778
 -- Dimensions: 3874 165
journal (isce.core.DEMInterpolator):
 -- Actual DEM bounds used:
 -- Top Left: 138.966 34.7854
 -- Bottom Right: 140.042 34.7399 
 -- Spacing: 0.000277778 -0.000277778
 -- Dimensions: 3874 165
journal (isce.core.DEMInterpolator):
 -- Actual DEM bounds used:
 -- Top Left: 138.966 34.7674
 -- Bottom Right: 140.042 34.7218 
 -- Spacing: 0.000277778 -0.000277778
 -- Dimensions: 3874 165
journal (isce.core.DEMInterpolator):
 -- Actual DEM bounds used:
 -- Top Left: 138.966 34.7496
 -- Bottom Right: 140.042 34.7037 
 -- Spacing: 0.000277778 -0.000277778
 -- Dimensions: 3874 166
journal (isce.core.DEMInterpolator):
 -- Actual DEM bounds used:
 -- Top Left: 138.966 34.7315
 -- Bottom Right: 140.042 34.6965 
 -- Spacing: 0.000277778 -0.000277778
 -- Dimensions: 3874 127
journal (isce.core.DEMInterpolator):
 -- Actual DEM bounds used:
 -- Top Left: 138.966 35.0374
 -- Bottom Right: 140.042 34.9918 
 -- Spacing: 0.000277778 -0.000277778
 -- Dimensions: 3874 165
journal (isce.core.DEMInterpolator):
 -- Actual DEM bounds used:
 -- Top Left: 138.966 35.0196
 -- Bottom Right: 140.042 34.9738 
 -- Spacing: 0.000277778 -0.000277778
 -- Dimensions: 3874 166
journal (isce.core.DEMInterpolator):
 -- Actual DEM bounds used:
 -- Top Left: 138.966 35.0015
 -- Bottom Right: 140.042 34.9557 
 -- Spacing: 0.000277778 -0.000277778
 -- Dimensions: 3874 166
journal (isce.core.DEMInterpolator):
 -- Actual DEM bounds used:
 -- Top Left: 138.966 34.9835
 -- Bottom Right: 140.042 34.9379 
 -- Spacing: 0.000277778 -0.000277778
 -- Dimensions: 3874 165
journal (isce.core.DEMInterpolator):
 -- Actual DEM bounds used:
 -- Top Left: 138.966 34.9654
 -- Bottom Right: 140.042 34.9199 
 -- Spacing: 0.000277778 -0.000277778
 -- Dimensions: 3874 165
journal (isce.core.DEMInterpolator):
 -- Actual DEM bounds used:
 -- Top Left: 138.966 34.9474
 -- Bottom Right: 140.042 34.9018 
 -- Spacing: 0.000277778 -0.000277778
 -- Dimensions: 3874 165
journal (isce.core.DEMInterpolator):
 -- Actual DEM bounds used:
 -- Top Left: 138.966 34.9296
 -- Bottom Right: 140.042 34.8837 
 -- Spacing: 0.000277778 -0.000277778
 -- Dimensions: 3874 166
journal (isce.core.DEMInterpolator):
 -- Actual DEM bounds used:
 -- Top Left: 138.966 34.9115
 -- Bottom Right: 140.042 34.8657 
 -- Spacing: 0.000277778 -0.000277778
 -- Dimensions: 3874 166
journal (isce.core.DEMInterpolator):
 -- Actual DEM bounds used:
 -- Top Left: 138.966 34.8935
 -- Bottom Right: 140.042 34.8479 
 -- Spacing: 0.000277778 -0.000277778
 -- Dimensions: 3874 165
journal (isce.core.DEMInterpolator):
 -- Actual DEM bounds used:
 -- Top Left: 138.966 34.8754
 -- Bottom Right: 140.042 34.8299 
 -- Spacing: 0.000277778 -0.000277778
 -- Dimensions: 3874 165
journal (isce.core.DEMInterpolator):
 -- Actual DEM bounds used:
 -- Top Left: 138.966 34.8574
 -- Bottom Right: 140.042 34.8118 
 -- Spacing: 0.000277778 -0.000277778
 -- Dimensions: 3874 165
journal (isce.core.DEMInterpolator):
 -- Actual DEM bounds used:
 -- Top Left: 138.966 34.8396
 -- Bottom Right: 140.042 34.7938 
 -- Spacing: 0.000277778 -0.000277778
 -- Dimensions: 3874 166
journal (isce.core.DEMInterpolator):
 -- Actual DEM bounds used:
 -- Top Left: 138.966 34.8215
 -- Bottom Right: 140.042 34.7757 
 -- Spacing: 0.000277778 -0.000277778
 -- Dimensions: 3874 166
journal (isce.core.DEMInterpolator):
 -- Actual DEM bounds used:
 -- Top Left: 138.966 34.8035
 -- Bottom Right: 140.042 34.7579 
 -- Spacing: 0.000277778 -0.000277778
 -- Dimensions: 3874 165
journal (isce.core.DEMInterpolator):
 -- Actual DEM bounds used:
 -- Top Left: 138.966 34.7854
 -- Bottom Right: 140.042 34.7399 
 -- Spacing: 0.000277778 -0.000277778
 -- Dimensions: 3874 165
journal (isce.core.DEMInterpolator):
 -- Actual DEM bounds used:
 -- Top Left: 138.966 34.7674
 -- Bottom Right: 140.042 34.7218 
 -- Spacing: 0.000277778 -0.000277778
 -- Dimensions: 3874 165
journal (isce.core.DEMInterpolator):
 -- Actual DEM bounds used:
 -- Top Left: 138.966 34.7496
 -- Bottom Right: 140.042 34.7037 
 -- Spacing: 0.000277778 -0.000277778
 -- Dimensions: 3874 166
journal (isce.core.DEMInterpolator):
 -- Actual DEM bounds used:
 -- Top Left: 138.966 34.7315
 -- Bottom Right: 140.042 34.6965 
 -- Spacing: 0.000277778 -0.000277778
 -- Dimensions: 3874 127
journal (isce.core.DEMInterpolator):
 -- Actual DEM bounds used:
 -- Top Left: 138.966 35.0374
 -- Bottom Right: 140.042 34.6965 
 -- Spacing: 0.000277778 -0.000277778
 -- Dimensions: 3874 1228
journal (isce.core.DEMInterpolator):
 -- Actual DEM bounds used:
 -- Top Left: 138.966 35.0374
 -- Bottom Right: 140.042 34.6965 
 -- Spacing: 0.000277778 -0.000277778
 -- Dimensions: 3874 1228
journal (isce.core.DEMInterpolator):
 -- Actual DEM bounds used:
 -- Top Left: 138.966 35.0374
 -- Bottom Right: 140.042 34.6965 
 -- Spacing: 0.000277778 -0.000277778
 -- Dimensions: 3874 1228
journal (isce.core.DEMInterpolator):
 -- Actual DEM bounds used:
 -- Top Left: 138.966 35.0374
 -- Bottom Right: 140.042 34.6965 
 -- Spacing: 0.000277778 -0.000277778
 -- Dimensions: 3874 1228
journal (isce.core.DEMInterpolator):
 -- Actual DEM bounds used:
 -- Top Left: 138.966 35.0374
 -- Bottom Right: 140.042 34.6965 
 -- Spacing: 0.000277778 -0.000277778
 -- Dimensions: 3874 1228
journal (isce.core.DEMInterpolator):
 -- Actual DEM bounds used:
 -- Top Left: 138.966 35.0374
 -- Bottom Right: 140.042 34.6965 
 -- Spacing: 0.000277778 -0.000277778
 -- Dimensions: 3874 1228
journal (isce.core.DEMInterpolator):
 -- Actual DEM bounds used:
 -- Top Left: 138.937 34.8718
 -- Bottom Right: 140.005 34.8263 
 -- Spacing: 0.000277778 -0.000277778
 -- Dimensions: 3844 165
journal (isce.core.DEMInterpolator):
 -- Actual DEM bounds used:
 -- Top Left: 138.937 34.8537
 -- Bottom Right: 140.005 34.8082 
 -- Spacing: 0.000277778 -0.000277778
 -- Dimensions: 3844 165
journal (isce.core.DEMInterpolator):
 -- Actual DEM bounds used:
 -- Top Left: 138.937 34.836
 -- Bottom Right: 140.005 34.7901 
 -- Spacing: 0.000277778 -0.000277778
 -- Dimensions: 3844 166
journal (isce.core.DEMInterpolator):
 -- Actual DEM bounds used:
 -- Top Left: 138.937 34.8179
 -- Bottom Right: 140.005 34.7721 
 -- Spacing: 0.000277778 -0.000277778
 -- Dimensions: 3844 166
journal (isce.core.DEMInterpolator):
 -- Actual DEM bounds used:
 -- Top Left: 138.937 34.7999
 -- Bottom Right: 140.005 34.7543 
 -- Spacing: 0.000277778 -0.000277778
 -- Dimensions: 3844 165
journal (isce.core.DEMInterpolator):
 -- Actual DEM bounds used:
 -- Top Left: 138.937 34.7818
 -- Bottom Right: 140.005 34.7363 
 -- Spacing: 0.000277778 -0.000277778
 -- Dimensions: 3844 165
journal (isce.core.DEMInterpolator):
 -- Actual DEM bounds used:
 -- Top Left: 138.937 34.7638
 -- Bottom Right: 140.005 34.7182 
 -- Spacing: 0.000277778 -0.000277778
 -- Dimensions: 3844 165
journal (isce.core.DEMInterpolator):
 -- Actual DEM bounds used:
 -- Top Left: 138.937 34.746
 -- Bottom Right: 140.005 34.7001 
 -- Spacing: 0.000277778 -0.000277778
 -- Dimensions: 3844 166
journal (isce.core.DEMInterpolator):
 -- Actual DEM bounds used:
 -- Top Left: 138.937 34.7279
 -- Bottom Right: 140.005 34.6821 
 -- Spacing: 0.000277778 -0.000277778
 -- Dimensions: 3844 166
journal (isce.core.DEMInterpolator):
 -- Actual DEM bounds used:
 -- Top Left: 138.937 34.7099
 -- Bottom Right: 140.005 34.6643 
 -- Spacing: 0.000277778 -0.000277778
 -- Dimensions: 3844 165
journal (isce.core.DEMInterpolator):
 -- Actual DEM bounds used:
 -- Top Left: 138.937 34.6918
 -- Bottom Right: 140.005 34.6463 
 -- Spacing: 0.000277778 -0.000277778
 -- Dimensions: 3844 165
journal (isce.core.DEMInterpolator):
 -- Actual DEM bounds used:
 -- Top Left: 138.937 34.6737
 -- Bottom Right: 140.005 34.6282 
 -- Spacing: 0.000277778 -0.000277778
 -- Dimensions: 3844 165
journal (isce.core.DEMInterpolator):
 -- Actual DEM bounds used:
 -- Top Left: 138.937 34.656
 -- Bottom Right: 140.005 34.6101 
 -- Spacing: 0.000277778 -0.000277778
 -- Dimensions: 3844 166
journal (isce.core.DEMInterpolator):
 -- Actual DEM bounds used:
 -- Top Left: 138.937 34.6379
 -- Bottom Right: 140.005 34.5921 
 -- Spacing: 0.000277778 -0.000277778
 -- Dimensions: 3844 166
journal (isce.core.DEMInterpolator):
 -- Actual DEM bounds used:
 -- Top Left: 138.937 34.6199
 -- Bottom Right: 140.005 34.5743 
 -- Spacing: 0.000277778 -0.000277778
 -- Dimensions: 3844 165
journal (isce.core.DEMInterpolator):
 -- Actual DEM bounds used:
 -- Top Left: 138.937 34.6018
 -- Bottom Right: 140.005 34.5563 
 -- Spacing: 0.000277778 -0.000277778
 -- Dimensions: 3844 165
journal (isce.core.DEMInterpolator):
 -- Actual DEM bounds used:
 -- Top Left: 138.937 34.5838
 -- Bottom Right: 140.005 34.5382 
 -- Spacing: 0.000277778 -0.000277778
 -- Dimensions: 3844 165
journal (isce.core.DEMInterpolator):
 -- Actual DEM bounds used:
 -- Top Left: 138.937 34.566
 -- Bottom Right: 140.005 34.5307 
 -- Spacing: 0.000277778 -0.000277778
 -- Dimensions: 3844 128
journal (isce.core.DEMInterpolator):
 -- Actual DEM bounds used:
 -- Top Left: 138.937 34.8718
 -- Bottom Right: 140.005 34.8263 
 -- Spacing: 0.000277778 -0.000277778
 -- Dimensions: 3844 165
journal (isce.core.DEMInterpolator):
 -- Actual DEM bounds used:
 -- Top Left: 138.937 34.8537
 -- Bottom Right: 140.005 34.8082 
 -- Spacing: 0.000277778 -0.000277778
 -- Dimensions: 3844 165
journal (isce.core.DEMInterpolator):
 -- Actual DEM bounds used:
 -- Top Left: 138.937 34.836
 -- Bottom Right: 140.005 34.7901 
 -- Spacing: 0.000277778 -0.000277778
 -- Dimensions: 3844 166
journal (isce.core.DEMInterpolator):
 -- Actual DEM bounds used:
 -- Top Left: 138.937 34.8179
 -- Bottom Right: 140.005 34.7721 
 -- Spacing: 0.000277778 -0.000277778
 -- Dimensions: 3844 166
journal (isce.core.DEMInterpolator):
 -- Actual DEM bounds used:
 -- Top Left: 138.937 34.7999
 -- Bottom Right: 140.005 34.7543 
 -- Spacing: 0.000277778 -0.000277778
 -- Dimensions: 3844 165
journal (isce.core.DEMInterpolator):
 -- Actual DEM bounds used:
 -- Top Left: 138.937 34.7818
 -- Bottom Right: 140.005 34.7363 
 -- Spacing: 0.000277778 -0.000277778
 -- Dimensions: 3844 165
journal (isce.core.DEMInterpolator):
 -- Actual DEM bounds used:
 -- Top Left: 138.937 34.7638
 -- Bottom Right: 140.005 34.7182 
 -- Spacing: 0.000277778 -0.000277778
 -- Dimensions: 3844 165
journal (isce.core.DEMInterpolator):
 -- Actual DEM bounds used:
 -- Top Left: 138.937 34.746
 -- Bottom Right: 140.005 34.7001 
 -- Spacing: 0.000277778 -0.000277778
 -- Dimensions: 3844 166
journal (isce.core.DEMInterpolator):
 -- Actual DEM bounds used:
 -- Top Left: 138.937 34.7279
 -- Bottom Right: 140.005 34.6821 
 -- Spacing: 0.000277778 -0.000277778
 -- Dimensions: 3844 166
journal (isce.core.DEMInterpolator):
 -- Actual DEM bounds used:
 -- Top Left: 138.937 34.7099
 -- Bottom Right: 140.005 34.6643 
 -- Spacing: 0.000277778 -0.000277778
 -- Dimensions: 3844 165
journal (isce.core.DEMInterpolator):
 -- Actual DEM bounds used:
 -- Top Left: 138.937 34.6918
 -- Bottom Right: 140.005 34.6463 
 -- Spacing: 0.000277778 -0.000277778
 -- Dimensions: 3844 165
journal (isce.core.DEMInterpolator):
 -- Actual DEM bounds used:
 -- Top Left: 138.937 34.6737
 -- Bottom Right: 140.005 34.6282 
 -- Spacing: 0.000277778 -0.000277778
 -- Dimensions: 3844 165
journal (isce.core.DEMInterpolator):
 -- Actual DEM bounds used:
 -- Top Left: 138.937 34.656
 -- Bottom Right: 140.005 34.6101 
 -- Spacing: 0.000277778 -0.000277778
 -- Dimensions: 3844 166
journal (isce.core.DEMInterpolator):
 -- Actual DEM bounds used:
 -- Top Left: 138.937 34.6379
 -- Bottom Right: 140.005 34.5921 
 -- Spacing: 0.000277778 -0.000277778
 -- Dimensions: 3844 166
journal (isce.core.DEMInterpolator):
 -- Actual DEM bounds used:
 -- Top Left: 138.937 34.6199
 -- Bottom Right: 140.005 34.5743 
 -- Spacing: 0.000277778 -0.000277778
 -- Dimensions: 3844 165
journal (isce.core.DEMInterpolator):
 -- Actual DEM bounds used:
 -- Top Left: 138.937 34.6018
 -- Bottom Right: 140.005 34.5563 
 -- Spacing: 0.000277778 -0.000277778
 -- Dimensions: 3844 165
journal (isce.core.DEMInterpolator):
 -- Actual DEM bounds used:
 -- Top Left: 138.937 34.5838
 -- Bottom Right: 140.005 34.5382 
 -- Spacing: 0.000277778 -0.000277778
 -- Dimensions: 3844 165
journal (isce.core.DEMInterpolator):
 -- Actual DEM bounds used:
 -- Top Left: 138.937 34.566
 -- Bottom Right: 140.005 34.5307 
 -- Spacing: 0.000277778 -0.000277778
 -- Dimensions: 3844 128
journal (isce.core.DEMInterpolator):
 -- Actual DEM bounds used:
 -- Top Left: 138.937 34.8718
 -- Bottom Right: 140.005 34.8263 
 -- Spacing: 0.000277778 -0.000277778
 -- Dimensions: 3844 165
journal (isce.core.DEMInterpolator):
 -- Actual DEM bounds used:
 -- Top Left: 138.937 34.8537
 -- Bottom Right: 140.005 34.8082 
 -- Spacing: 0.000277778 -0.000277778
 -- Dimensions: 3844 165
journal (isce.core.DEMInterpolator):
 -- Actual DEM bounds used:
 -- Top Left: 138.937 34.836
 -- Bottom Right: 140.005 34.7901 
 -- Spacing: 0.000277778 -0.000277778
 -- Dimensions: 3844 166
journal (isce.core.DEMInterpolator):
 -- Actual DEM bounds used:
 -- Top Left: 138.937 34.8179
 -- Bottom Right: 140.005 34.7721 
 -- Spacing: 0.000277778 -0.000277778
 -- Dimensions: 3844 166
journal (isce.core.DEMInterpolator):
 -- Actual DEM bounds used:
 -- Top Left: 138.937 34.7999
 -- Bottom Right: 140.005 34.7543 
 -- Spacing: 0.000277778 -0.000277778
 -- Dimensions: 3844 165
journal (isce.core.DEMInterpolator):
 -- Actual DEM bounds used:
 -- Top Left: 138.937 34.7818
 -- Bottom Right: 140.005 34.7363 
 -- Spacing: 0.000277778 -0.000277778
 -- Dimensions: 3844 165
journal (isce.core.DEMInterpolator):
 -- Actual DEM bounds used:
 -- Top Left: 138.937 34.7638
 -- Bottom Right: 140.005 34.7182 
 -- Spacing: 0.000277778 -0.000277778
 -- Dimensions: 3844 165
journal (isce.core.DEMInterpolator):
 -- Actual DEM bounds used:
 -- Top Left: 138.937 34.746
 -- Bottom Right: 140.005 34.7001 
 -- Spacing: 0.000277778 -0.000277778
 -- Dimensions: 3844 166
journal (isce.core.DEMInterpolator):
 -- Actual DEM bounds used:
 -- Top Left: 138.937 34.7279
 -- Bottom Right: 140.005 34.6821 
 -- Spacing: 0.000277778 -0.000277778
 -- Dimensions: 3844 166
journal (isce.core.DEMInterpolator):
 -- Actual DEM bounds used:
 -- Top Left: 138.937 34.7099
 -- Bottom Right: 140.005 34.6643 
 -- Spacing: 0.000277778 -0.000277778
 -- Dimensions: 3844 165
journal (isce.core.DEMInterpolator):
 -- Actual DEM bounds used:
 -- Top Left: 138.937 34.6918
 -- Bottom Right: 140.005 34.6463 
 -- Spacing: 0.000277778 -0.000277778
 -- Dimensions: 3844 165
journal (isce.core.DEMInterpolator):
 -- Actual DEM bounds used:
 -- Top Left: 138.937 34.6737
 -- Bottom Right: 140.005 34.6282 
 -- Spacing: 0.000277778 -0.000277778
 -- Dimensions: 3844 165
journal (isce.core.DEMInterpolator):
 -- Actual DEM bounds used:
 -- Top Left: 138.937 34.656
 -- Bottom Right: 140.005 34.6101 
 -- Spacing: 0.000277778 -0.000277778
 -- Dimensions: 3844 166
journal (isce.core.DEMInterpolator):
 -- Actual DEM bounds used:
 -- Top Left: 138.937 34.6379
 -- Bottom Right: 140.005 34.5921 
 -- Spacing: 0.000277778 -0.000277778
 -- Dimensions: 3844 166
journal (isce.core.DEMInterpolator):
 -- Actual DEM bounds used:
 -- Top Left: 138.937 34.6199
 -- Bottom Right: 140.005 34.5743 
 -- Spacing: 0.000277778 -0.000277778
 -- Dimensions: 3844 165
journal (isce.core.DEMInterpolator):
 -- Actual DEM bounds used:
 -- Top Left: 138.937 34.6018
 -- Bottom Right: 140.005 34.5563 
 -- Spacing: 0.000277778 -0.000277778
 -- Dimensions: 3844 165
journal (isce.core.DEMInterpolator):
 -- Actual DEM bounds used:
 -- Top Left: 138.937 34.5838
 -- Bottom Right: 140.005 34.5382 
 -- Spacing: 0.000277778 -0.000277778
 -- Dimensions: 3844 165
journal (isce.core.DEMInterpolator):
 -- Actual DEM bounds used:
 -- Top Left: 138.937 34.566
 -- Bottom Right: 140.005 34.5307 
 -- Spacing: 0.000277778 -0.000277778
 -- Dimensions: 3844 128
journal (isce.core.DEMInterpolator):
 -- Actual DEM bounds used:
 -- Top Left: 138.937 34.8718
 -- Bottom Right: 140.005 34.5307 
 -- Spacing: 0.000277778 -0.000277778
 -- Dimensions: 3844 1229
journal (isce.core.DEMInterpolator):
 -- Actual DEM bounds used:
 -- Top Left: 138.937 34.8718
 -- Bottom Right: 140.005 34.5307 
 -- Spacing: 0.000277778 -0.000277778
 -- Dimensions: 3844 1229
journal (isce.core.DEMInterpolator):
 -- Actual DEM bounds used:
 -- Top Left: 138.937 34.8718
 -- Bottom Right: 140.005 34.5307 
 -- Spacing: 0.000277778 -0.000277778
 -- Dimensions: 3844 1229
journal (isce.core.DEMInterpolator):
 -- Actual DEM bounds used:
 -- Top Left: 138.937 34.8718
 -- Bottom Right: 140.005 34.5307 
 -- Spacing: 0.000277778 -0.000277778
 -- Dimensions: 3844 1229
journal (isce.core.DEMInterpolator):
 -- Actual DEM bounds used:
 -- Top Left: 138.937 34.8718
 -- Bottom Right: 140.005 34.5307 
 -- Spacing: 0.000277778 -0.000277778
 -- Dimensions: 3844 1229
journal (isce.core.DEMInterpolator):
 -- Actual DEM bounds used:
 -- Top Left: 138.937 34.8718
 -- Bottom Right: 140.005 34.5307 
 -- Spacing: 0.000277778 -0.000277778
 -- Dimensions: 3844 1229
journal (isce.core.DEMInterpolator):
 -- Actual DEM bounds used:
 -- Top Left: 138.904 34.7051
 -- Bottom Right: 139.968 34.6596 
 -- Spacing: 0.000277778 -0.000277778
 -- Dimensions: 3831 165
journal (isce.core.DEMInterpolator):
 -- Actual DEM bounds used:
 -- Top Left: 138.904 34.6874
 -- Bottom Right: 139.968 34.6415 
 -- Spacing: 0.000277778 -0.000277778
 -- Dimensions: 3831 166
journal (isce.core.DEMInterpolator):
 -- Actual DEM bounds used:
 -- Top Left: 138.904 34.6693
 -- Bottom Right: 139.968 34.6235 
 -- Spacing: 0.000277778 -0.000277778
 -- Dimensions: 3831 166
journal (isce.core.DEMInterpolator):
 -- Actual DEM bounds used:
 -- Top Left: 138.904 34.6512
 -- Bottom Right: 139.968 34.6057 
 -- Spacing: 0.000277778 -0.000277778
 -- Dimensions: 3831 165
journal (isce.core.DEMInterpolator):
 -- Actual DEM bounds used:
 -- Top Left: 138.904 34.6332
 -- Bottom Right: 139.968 34.5876 
 -- Spacing: 0.000277778 -0.000277778
 -- Dimensions: 3831 165
journal (isce.core.DEMInterpolator):
 -- Actual DEM bounds used:
 -- Top Left: 138.904 34.6151
 -- Bottom Right: 139.968 34.5696 
 -- Spacing: 0.000277778 -0.000277778
 -- Dimensions: 3831 165
journal (isce.core.DEMInterpolator):
 -- Actual DEM bounds used:
 -- Top Left: 138.904 34.5974
 -- Bottom Right: 139.968 34.5515 
 -- Spacing: 0.000277778 -0.000277778
 -- Dimensions: 3831 166
journal (isce.core.DEMInterpolator):
 -- Actual DEM bounds used:
 -- Top Left: 138.904 34.5793
 -- Bottom Right: 139.968 34.5335 
 -- Spacing: 0.000277778 -0.000277778
 -- Dimensions: 3831 166
journal (isce.core.DEMInterpolator):
 -- Actual DEM bounds used:
 -- Top Left: 138.904 34.5613
 -- Bottom Right: 139.968 34.5157 
 -- Spacing: 0.000277778 -0.000277778
 -- Dimensions: 3831 165
journal (isce.core.DEMInterpolator):
 -- Actual DEM bounds used:
 -- Top Left: 138.904 34.5432
 -- Bottom Right: 139.968 34.4976 
 -- Spacing: 0.000277778 -0.000277778
 -- Dimensions: 3831 165
journal (isce.core.DEMInterpolator):
 -- Actual DEM bounds used:
 -- Top Left: 138.904 34.5251
 -- Bottom Right: 139.968 34.4796 
 -- Spacing: 0.000277778 -0.000277778
 -- Dimensions: 3831 165
journal (isce.core.DEMInterpolator):
 -- Actual DEM bounds used:
 -- Top Left: 138.904 34.5074
 -- Bottom Right: 139.968 34.4615 
 -- Spacing: 0.000277778 -0.000277778
 -- Dimensions: 3831 166
journal (isce.core.DEMInterpolator):
 -- Actual DEM bounds used:
 -- Top Left: 138.904 34.4893
 -- Bottom Right: 139.968 34.4435 
 -- Spacing: 0.000277778 -0.000277778
 -- Dimensions: 3831 166
journal (isce.core.DEMInterpolator):
 -- Actual DEM bounds used:
 -- Top Left: 138.904 34.4712
 -- Bottom Right: 139.968 34.4257 
 -- Spacing: 0.000277778 -0.000277778
 -- Dimensions: 3831 165
journal (isce.core.DEMInterpolator):
 -- Actual DEM bounds used:
 -- Top Left: 138.904 34.4532
 -- Bottom Right: 139.968 34.4076 
 -- Spacing: 0.000277778 -0.000277778
 -- Dimensions: 3831 165
journal (isce.core.DEMInterpolator):
 -- Actual DEM bounds used:
 -- Top Left: 138.904 34.4351
 -- Bottom Right: 139.968 34.3896 
 -- Spacing: 0.000277778 -0.000277778
 -- Dimensions: 3831 165
journal (isce.core.DEMInterpolator):
 -- Actual DEM bounds used:
 -- Top Left: 138.904 34.4174
 -- Bottom Right: 139.968 34.3715 
 -- Spacing: 0.000277778 -0.000277778
 -- Dimensions: 3831 166
journal (isce.core.DEMInterpolator):
 -- Actual DEM bounds used:
 -- Top Left: 138.904 34.3993
 -- Bottom Right: 139.968 34.3649 
 -- Spacing: 0.000277778 -0.000277778
 -- Dimensions: 3831 125
journal (isce.core.DEMInterpolator):
 -- Actual DEM bounds used:
 -- Top Left: 138.904 34.7051
 -- Bottom Right: 139.968 34.6596 
 -- Spacing: 0.000277778 -0.000277778
 -- Dimensions: 3831 165
journal (isce.core.DEMInterpolator):
 -- Actual DEM bounds used:
 -- Top Left: 138.904 34.6874
 -- Bottom Right: 139.968 34.6415 
 -- Spacing: 0.000277778 -0.000277778
 -- Dimensions: 3831 166
journal (isce.core.DEMInterpolator):
 -- Actual DEM bounds used:
 -- Top Left: 138.904 34.6693
 -- Bottom Right: 139.968 34.6235 
 -- Spacing: 0.000277778 -0.000277778
 -- Dimensions: 3831 166
journal (isce.core.DEMInterpolator):
 -- Actual DEM bounds used:
 -- Top Left: 138.904 34.6512
 -- Bottom Right: 139.968 34.6057 
 -- Spacing: 0.000277778 -0.000277778
 -- Dimensions: 3831 165
journal (isce.core.DEMInterpolator):
 -- Actual DEM bounds used:
 -- Top Left: 138.904 34.6332
 -- Bottom Right: 139.968 34.5876 
 -- Spacing: 0.000277778 -0.000277778
 -- Dimensions: 3831 165
journal (isce.core.DEMInterpolator):
 -- Actual DEM bounds used:
 -- Top Left: 138.904 34.6151
 -- Bottom Right: 139.968 34.5696 
 -- Spacing: 0.000277778 -0.000277778
 -- Dimensions: 3831 165
journal (isce.core.DEMInterpolator):
 -- Actual DEM bounds used:
 -- Top Left: 138.904 34.5974
 -- Bottom Right: 139.968 34.5515 
 -- Spacing: 0.000277778 -0.000277778
 -- Dimensions: 3831 166
journal (isce.core.DEMInterpolator):
 -- Actual DEM bounds used:
 -- Top Left: 138.904 34.5793
 -- Bottom Right: 139.968 34.5335 
 -- Spacing: 0.000277778 -0.000277778
 -- Dimensions: 3831 166
journal (isce.core.DEMInterpolator):
 -- Actual DEM bounds used:
 -- Top Left: 138.904 34.5613
 -- Bottom Right: 139.968 34.5157 
 -- Spacing: 0.000277778 -0.000277778
 -- Dimensions: 3831 165
journal (isce.core.DEMInterpolator):
 -- Actual DEM bounds used:
 -- Top Left: 138.904 34.5432
 -- Bottom Right: 139.968 34.4976 
 -- Spacing: 0.000277778 -0.000277778
 -- Dimensions: 3831 165
journal (isce.core.DEMInterpolator):
 -- Actual DEM bounds used:
 -- Top Left: 138.904 34.5251
 -- Bottom Right: 139.968 34.4796 
 -- Spacing: 0.000277778 -0.000277778
 -- Dimensions: 3831 165
journal (isce.core.DEMInterpolator):
 -- Actual DEM bounds used:
 -- Top Left: 138.904 34.5074
 -- Bottom Right: 139.968 34.4615 
 -- Spacing: 0.000277778 -0.000277778
 -- Dimensions: 3831 166
journal (isce.core.DEMInterpolator):
 -- Actual DEM bounds used:
 -- Top Left: 138.904 34.4893
 -- Bottom Right: 139.968 34.4435 
 -- Spacing: 0.000277778 -0.000277778
 -- Dimensions: 3831 166
journal (isce.core.DEMInterpolator):
 -- Actual DEM bounds used:
 -- Top Left: 138.904 34.4712
 -- Bottom Right: 139.968 34.4257 
 -- Spacing: 0.000277778 -0.000277778
 -- Dimensions: 3831 165
journal (isce.core.DEMInterpolator):
 -- Actual DEM bounds used:
 -- Top Left: 138.904 34.4532
 -- Bottom Right: 139.968 34.4076 
 -- Spacing: 0.000277778 -0.000277778
 -- Dimensions: 3831 165
journal (isce.core.DEMInterpolator):
 -- Actual DEM bounds used:
 -- Top Left: 138.904 34.4351
 -- Bottom Right: 139.968 34.3896 
 -- Spacing: 0.000277778 -0.000277778
 -- Dimensions: 3831 165
journal (isce.core.DEMInterpolator):
 -- Actual DEM bounds used:
 -- Top Left: 138.904 34.4174
 -- Bottom Right: 139.968 34.3715 
 -- Spacing: 0.000277778 -0.000277778
 -- Dimensions: 3831 166
journal (isce.core.DEMInterpolator):
 -- Actual DEM bounds used:
 -- Top Left: 138.904 34.3993
 -- Bottom Right: 139.968 34.3649 
 -- Spacing: 0.000277778 -0.000277778
 -- Dimensions: 3831 125
journal (isce.core.DEMInterpolator):
 -- Actual DEM bounds used:
 -- Top Left: 138.904 34.7051
 -- Bottom Right: 139.968 34.6596 
 -- Spacing: 0.000277778 -0.000277778
 -- Dimensions: 3831 165
journal (isce.core.DEMInterpolator):
 -- Actual DEM bounds used:
 -- Top Left: 138.904 34.6874
 -- Bottom Right: 139.968 34.6415 
 -- Spacing: 0.000277778 -0.000277778
 -- Dimensions: 3831 166
journal (isce.core.DEMInterpolator):
 -- Actual DEM bounds used:
 -- Top Left: 138.904 34.6693
 -- Bottom Right: 139.968 34.6235 
 -- Spacing: 0.000277778 -0.000277778
 -- Dimensions: 3831 166
journal (isce.core.DEMInterpolator):
 -- Actual DEM bounds used:
 -- Top Left: 138.904 34.6512
 -- Bottom Right: 139.968 34.6057 
 -- Spacing: 0.000277778 -0.000277778
 -- Dimensions: 3831 165
journal (isce.core.DEMInterpolator):
 -- Actual DEM bounds used:
 -- Top Left: 138.904 34.6332
 -- Bottom Right: 139.968 34.5876 
 -- Spacing: 0.000277778 -0.000277778
 -- Dimensions: 3831 165
journal (isce.core.DEMInterpolator):
 -- Actual DEM bounds used:
 -- Top Left: 138.904 34.6151
 -- Bottom Right: 139.968 34.5696 
 -- Spacing: 0.000277778 -0.000277778
 -- Dimensions: 3831 165
journal (isce.core.DEMInterpolator):
 -- Actual DEM bounds used:
 -- Top Left: 138.904 34.5974
 -- Bottom Right: 139.968 34.5515 
 -- Spacing: 0.000277778 -0.000277778
 -- Dimensions: 3831 166
journal (isce.core.DEMInterpolator):
 -- Actual DEM bounds used:
 -- Top Left: 138.904 34.5793
 -- Bottom Right: 139.968 34.5335 
 -- Spacing: 0.000277778 -0.000277778
 -- Dimensions: 3831 166
journal (isce.core.DEMInterpolator):
 -- Actual DEM bounds used:
 -- Top Left: 138.904 34.5613
 -- Bottom Right: 139.968 34.5157 
 -- Spacing: 0.000277778 -0.000277778
 -- Dimensions: 3831 165
journal (isce.core.DEMInterpolator):
 -- Actual DEM bounds used:
 -- Top Left: 138.904 34.5432
 -- Bottom Right: 139.968 34.4976 
 -- Spacing: 0.000277778 -0.000277778
 -- Dimensions: 3831 165
journal (isce.core.DEMInterpolator):
 -- Actual DEM bounds used:
 -- Top Left: 138.904 34.5251
 -- Bottom Right: 139.968 34.4796 
 -- Spacing: 0.000277778 -0.000277778
 -- Dimensions: 3831 165
journal (isce.core.DEMInterpolator):
 -- Actual DEM bounds used:
 -- Top Left: 138.904 34.5074
 -- Bottom Right: 139.968 34.4615 
 -- Spacing: 0.000277778 -0.000277778
 -- Dimensions: 3831 166
journal (isce.core.DEMInterpolator):
 -- Actual DEM bounds used:
 -- Top Left: 138.904 34.4893
 -- Bottom Right: 139.968 34.4435 
 -- Spacing: 0.000277778 -0.000277778
 -- Dimensions: 3831 166
journal (isce.core.DEMInterpolator):
 -- Actual DEM bounds used:
 -- Top Left: 138.904 34.4712
 -- Bottom Right: 139.968 34.4257 
 -- Spacing: 0.000277778 -0.000277778
 -- Dimensions: 3831 165
journal (isce.core.DEMInterpolator):
 -- Actual DEM bounds used:
 -- Top Left: 138.904 34.4532
 -- Bottom Right: 139.968 34.4076 
 -- Spacing: 0.000277778 -0.000277778
 -- Dimensions: 3831 165
journal (isce.core.DEMInterpolator):
 -- Actual DEM bounds used:
 -- Top Left: 138.904 34.4351
 -- Bottom Right: 139.968 34.3896 
 -- Spacing: 0.000277778 -0.000277778
 -- Dimensions: 3831 165
journal (isce.core.DEMInterpolator):
 -- Actual DEM bounds used:
 -- Top Left: 138.904 34.4174
 -- Bottom Right: 139.968 34.3715 
 -- Spacing: 0.000277778 -0.000277778
 -- Dimensions: 3831 166
journal (isce.core.DEMInterpolator):
 -- Actual DEM bounds used:
 -- Top Left: 138.904 34.3993
 -- Bottom Right: 139.968 34.3649 
 -- Spacing: 0.000277778 -0.000277778
 -- Dimensions: 3831 125
journal (isce.core.DEMInterpolator):
 -- Actual DEM bounds used:
 -- Top Left: 138.904 34.7051
 -- Bottom Right: 139.968 34.3649 
 -- Spacing: 0.000277778 -0.000277778
 -- Dimensions: 3831 1226
journal (isce.core.DEMInterpolator):
 -- Actual DEM bounds used:
 -- Top Left: 138.904 34.7051
 -- Bottom Right: 139.968 34.3649 
 -- Spacing: 0.000277778 -0.000277778
 -- Dimensions: 3831 1226
journal (isce.core.DEMInterpolator):
 -- Actual DEM bounds used:
 -- Top Left: 138.904 34.7051
 -- Bottom Right: 139.968 34.3649 
 -- Spacing: 0.000277778 -0.000277778
 -- Dimensions: 3831 1226
journal (isce.core.DEMInterpolator):
 -- Actual DEM bounds used:
 -- Top Left: 138.904 34.7051
 -- Bottom Right: 139.968 34.3649 
 -- Spacing: 0.000277778 -0.000277778
 -- Dimensions: 3831 1226
journal (isce.core.DEMInterpolator):
 -- Actual DEM bounds used:
 -- Top Left: 138.904 34.7051
 -- Bottom Right: 139.968 34.3649 
 -- Spacing: 0.000277778 -0.000277778
 -- Dimensions: 3831 1226
journal (isce.core.DEMInterpolator):
 -- Actual DEM bounds used:
 -- Top Left: 138.904 34.7051
 -- Bottom Right: 139.968 34.3649 
 -- Spacing: 0.000277778 -0.000277778
 -- Dimensions: 3831 1226
journal (isce.core.DEMInterpolator):
 -- Actual DEM bounds used:
 -- Top Left: 138.865 34.5393
 -- Bottom Right: 139.931 34.4935 
 -- Spacing: 0.000277778 -0.000277778
 -- Dimensions: 3840 166
journal (isce.core.DEMInterpolator):
 -- Actual DEM bounds used:
 -- Top Left: 138.865 34.5213
 -- Bottom Right: 139.931 34.4754 
 -- Spacing: 0.000277778 -0.000277778
 -- Dimensions: 3840 166
journal (isce.core.DEMInterpolator):
 -- Actual DEM bounds used:
 -- Top Left: 138.865 34.5032
 -- Bottom Right: 139.931 34.4576 
 -- Spacing: 0.000277778 -0.000277778
 -- Dimensions: 3840 165
journal (isce.core.DEMInterpolator):
 -- Actual DEM bounds used:
 -- Top Left: 138.865 34.4851
 -- Bottom Right: 139.931 34.4396 
 -- Spacing: 0.000277778 -0.000277778
 -- Dimensions: 3840 165
journal (isce.core.DEMInterpolator):
 -- Actual DEM bounds used:
 -- Top Left: 138.865 34.4671
 -- Bottom Right: 139.931 34.4215 
 -- Spacing: 0.000277778 -0.000277778
 -- Dimensions: 3840 165
journal (isce.core.DEMInterpolator):
 -- Actual DEM bounds used:
 -- Top Left: 138.865 34.4493
 -- Bottom Right: 139.931 34.4035 
 -- Spacing: 0.000277778 -0.000277778
 -- Dimensions: 3840 166
journal (isce.core.DEMInterpolator):
 -- Actual DEM bounds used:
 -- Top Left: 138.865 34.4312
 -- Bottom Right: 139.931 34.3854 
 -- Spacing: 0.000277778 -0.000277778
 -- Dimensions: 3840 166
journal (isce.core.DEMInterpolator):
 -- Actual DEM bounds used:
 -- Top Left: 138.865 34.4132
 -- Bottom Right: 139.931 34.3676 
 -- Spacing: 0.000277778 -0.000277778
 -- Dimensions: 3840 165
journal (isce.core.DEMInterpolator):
 -- Actual DEM bounds used:
 -- Top Left: 138.865 34.3951
 -- Bottom Right: 139.931 34.3496 
 -- Spacing: 0.000277778 -0.000277778
 -- Dimensions: 3840 165
journal (isce.core.DEMInterpolator):
 -- Actual DEM bounds used:
 -- Top Left: 138.865 34.3771
 -- Bottom Right: 139.931 34.3315 
 -- Spacing: 0.000277778 -0.000277778
 -- Dimensions: 3840 165
journal (isce.core.DEMInterpolator):
 -- Actual DEM bounds used:
 -- Top Left: 138.865 34.3593
 -- Bottom Right: 139.931 34.3135 
 -- Spacing: 0.000277778 -0.000277778
 -- Dimensions: 3840 166
journal (isce.core.DEMInterpolator):
 -- Actual DEM bounds used:
 -- Top Left: 138.865 34.3413
 -- Bottom Right: 139.931 34.2954 
 -- Spacing: 0.000277778 -0.000277778
 -- Dimensions: 3840 166
journal (isce.core.DEMInterpolator):
 -- Actual DEM bounds used:
 -- Top Left: 138.865 34.3232
 -- Bottom Right: 139.931 34.2776 
 -- Spacing: 0.000277778 -0.000277778
 -- Dimensions: 3840 165
journal (isce.core.DEMInterpolator):
 -- Actual DEM bounds used:
 -- Top Left: 138.865 34.3051
 -- Bottom Right: 139.931 34.2596 
 -- Spacing: 0.000277778 -0.000277778
 -- Dimensions: 3840 165
journal (isce.core.DEMInterpolator):
 -- Actual DEM bounds used:
 -- Top Left: 138.865 34.2871
 -- Bottom Right: 139.931 34.2415 
 -- Spacing: 0.000277778 -0.000277778
 -- Dimensions: 3840 165
journal (isce.core.DEMInterpolator):
 -- Actual DEM bounds used:
 -- Top Left: 138.865 34.2693
 -- Bottom Right: 139.931 34.2235 
 -- Spacing: 0.000277778 -0.000277778
 -- Dimensions: 3840 166
journal (isce.core.DEMInterpolator):
 -- Actual DEM bounds used:
 -- Top Left: 138.865 34.2512
 -- Bottom Right: 139.931 34.2054 
 -- Spacing: 0.000277778 -0.000277778
 -- Dimensions: 3840 166
journal (isce.core.DEMInterpolator):
 -- Actual DEM bounds used:
 -- Top Left: 138.865 34.2332
 -- Bottom Right: 139.931 34.1876 
 -- Spacing: 0.000277778 -0.000277778
 -- Dimensions: 3840 165
journal (isce.core.DEMInterpolator):
 -- Actual DEM bounds used:
 -- Top Left: 138.865 34.2151
 -- Bottom Right: 139.931 34.1779 
 -- Spacing: 0.000277778 -0.000277778
 -- Dimensions: 3840 135
journal (isce.core.DEMInterpolator):
 -- Actual DEM bounds used:
 -- Top Left: 138.865 34.5393
 -- Bottom Right: 139.931 34.4935 
 -- Spacing: 0.000277778 -0.000277778
 -- Dimensions: 3840 166
journal (isce.core.DEMInterpolator):
 -- Actual DEM bounds used:
 -- Top Left: 138.865 34.5213
 -- Bottom Right: 139.931 34.4754 
 -- Spacing: 0.000277778 -0.000277778
 -- Dimensions: 3840 166
journal (isce.core.DEMInterpolator):
 -- Actual DEM bounds used:
 -- Top Left: 138.865 34.5032
 -- Bottom Right: 139.931 34.4576 
 -- Spacing: 0.000277778 -0.000277778
 -- Dimensions: 3840 165
journal (isce.core.DEMInterpolator):
 -- Actual DEM bounds used:
 -- Top Left: 138.865 34.4851
 -- Bottom Right: 139.931 34.4396 
 -- Spacing: 0.000277778 -0.000277778
 -- Dimensions: 3840 165
journal (isce.core.DEMInterpolator):
 -- Actual DEM bounds used:
 -- Top Left: 138.865 34.4671
 -- Bottom Right: 139.931 34.4215 
 -- Spacing: 0.000277778 -0.000277778
 -- Dimensions: 3840 165
journal (isce.core.DEMInterpolator):
 -- Actual DEM bounds used:
 -- Top Left: 138.865 34.4493
 -- Bottom Right: 139.931 34.4035 
 -- Spacing: 0.000277778 -0.000277778
 -- Dimensions: 3840 166
journal (isce.core.DEMInterpolator):
 -- Actual DEM bounds used:
 -- Top Left: 138.865 34.4312
 -- Bottom Right: 139.931 34.3854 
 -- Spacing: 0.000277778 -0.000277778
 -- Dimensions: 3840 166
journal (isce.core.DEMInterpolator):
 -- Actual DEM bounds used:
 -- Top Left: 138.865 34.4132
 -- Bottom Right: 139.931 34.3676 
 -- Spacing: 0.000277778 -0.000277778
 -- Dimensions: 3840 165
journal (isce.core.DEMInterpolator):
 -- Actual DEM bounds used:
 -- Top Left: 138.865 34.3951
 -- Bottom Right: 139.931 34.3496 
 -- Spacing: 0.000277778 -0.000277778
 -- Dimensions: 3840 165
journal (isce.core.DEMInterpolator):
 -- Actual DEM bounds used:
 -- Top Left: 138.865 34.3771
 -- Bottom Right: 139.931 34.3315 
 -- Spacing: 0.000277778 -0.000277778
 -- Dimensions: 3840 165
journal (isce.core.DEMInterpolator):
 -- Actual DEM bounds used:
 -- Top Left: 138.865 34.3593
 -- Bottom Right: 139.931 34.3135 
 -- Spacing: 0.000277778 -0.000277778
 -- Dimensions: 3840 166
journal (isce.core.DEMInterpolator):
 -- Actual DEM bounds used:
 -- Top Left: 138.865 34.3413
 -- Bottom Right: 139.931 34.2954 
 -- Spacing: 0.000277778 -0.000277778
 -- Dimensions: 3840 166
journal (isce.core.DEMInterpolator):
 -- Actual DEM bounds used:
 -- Top Left: 138.865 34.3232
 -- Bottom Right: 139.931 34.2776 
 -- Spacing: 0.000277778 -0.000277778
 -- Dimensions: 3840 165
journal (isce.core.DEMInterpolator):
 -- Actual DEM bounds used:
 -- Top Left: 138.865 34.3051
 -- Bottom Right: 139.931 34.2596 
 -- Spacing: 0.000277778 -0.000277778
 -- Dimensions: 3840 165
journal (isce.core.DEMInterpolator):
 -- Actual DEM bounds used:
 -- Top Left: 138.865 34.2871
 -- Bottom Right: 139.931 34.2415 
 -- Spacing: 0.000277778 -0.000277778
 -- Dimensions: 3840 165
journal (isce.core.DEMInterpolator):
 -- Actual DEM bounds used:
 -- Top Left: 138.865 34.2693
 -- Bottom Right: 139.931 34.2235 
 -- Spacing: 0.000277778 -0.000277778
 -- Dimensions: 3840 166
journal (isce.core.DEMInterpolator):
 -- Actual DEM bounds used:
 -- Top Left: 138.865 34.2512
 -- Bottom Right: 139.931 34.2054 
 -- Spacing: 0.000277778 -0.000277778
 -- Dimensions: 3840 166
journal (isce.core.DEMInterpolator):
 -- Actual DEM bounds used:
 -- Top Left: 138.865 34.2332
 -- Bottom Right: 139.931 34.1876 
 -- Spacing: 0.000277778 -0.000277778
 -- Dimensions: 3840 165
journal (isce.core.DEMInterpolator):
 -- Actual DEM bounds used:
 -- Top Left: 138.865 34.2151
 -- Bottom Right: 139.931 34.1779 
 -- Spacing: 0.000277778 -0.000277778
 -- Dimensions: 3840 135
journal (isce.core.DEMInterpolator):
 -- Actual DEM bounds used:
 -- Top Left: 138.865 34.5393
 -- Bottom Right: 139.931 34.4935 
 -- Spacing: 0.000277778 -0.000277778
 -- Dimensions: 3840 166
journal (isce.core.DEMInterpolator):
 -- Actual DEM bounds used:
 -- Top Left: 138.865 34.5213
 -- Bottom Right: 139.931 34.4754 
 -- Spacing: 0.000277778 -0.000277778
 -- Dimensions: 3840 166
journal (isce.core.DEMInterpolator):
 -- Actual DEM bounds used:
 -- Top Left: 138.865 34.5032
 -- Bottom Right: 139.931 34.4576 
 -- Spacing: 0.000277778 -0.000277778
 -- Dimensions: 3840 165
journal (isce.core.DEMInterpolator):
 -- Actual DEM bounds used:
 -- Top Left: 138.865 34.4851
 -- Bottom Right: 139.931 34.4396 
 -- Spacing: 0.000277778 -0.000277778
 -- Dimensions: 3840 165
journal (isce.core.DEMInterpolator):
 -- Actual DEM bounds used:
 -- Top Left: 138.865 34.4671
 -- Bottom Right: 139.931 34.4215 
 -- Spacing: 0.000277778 -0.000277778
 -- Dimensions: 3840 165
journal (isce.core.DEMInterpolator):
 -- Actual DEM bounds used:
 -- Top Left: 138.865 34.4493
 -- Bottom Right: 139.931 34.4035 
 -- Spacing: 0.000277778 -0.000277778
 -- Dimensions: 3840 166
journal (isce.core.DEMInterpolator):
 -- Actual DEM bounds used:
 -- Top Left: 138.865 34.4312
 -- Bottom Right: 139.931 34.3854 
 -- Spacing: 0.000277778 -0.000277778
 -- Dimensions: 3840 166
journal (isce.core.DEMInterpolator):
 -- Actual DEM bounds used:
 -- Top Left: 138.865 34.4132
 -- Bottom Right: 139.931 34.3676 
 -- Spacing: 0.000277778 -0.000277778
 -- Dimensions: 3840 165
journal (isce.core.DEMInterpolator):
 -- Actual DEM bounds used:
 -- Top Left: 138.865 34.3951
 -- Bottom Right: 139.931 34.3496 
 -- Spacing: 0.000277778 -0.000277778
 -- Dimensions: 3840 165
journal (isce.core.DEMInterpolator):
 -- Actual DEM bounds used:
 -- Top Left: 138.865 34.3771
 -- Bottom Right: 139.931 34.3315 
 -- Spacing: 0.000277778 -0.000277778
 -- Dimensions: 3840 165
journal (isce.core.DEMInterpolator):
 -- Actual DEM bounds used:
 -- Top Left: 138.865 34.3593
 -- Bottom Right: 139.931 34.3135 
 -- Spacing: 0.000277778 -0.000277778
 -- Dimensions: 3840 166
journal (isce.core.DEMInterpolator):
 -- Actual DEM bounds used:
 -- Top Left: 138.865 34.3413
 -- Bottom Right: 139.931 34.2954 
 -- Spacing: 0.000277778 -0.000277778
 -- Dimensions: 3840 166
journal (isce.core.DEMInterpolator):
 -- Actual DEM bounds used:
 -- Top Left: 138.865 34.3232
 -- Bottom Right: 139.931 34.2776 
 -- Spacing: 0.000277778 -0.000277778
 -- Dimensions: 3840 165
journal (isce.core.DEMInterpolator):
 -- Actual DEM bounds used:
 -- Top Left: 138.865 34.3051
 -- Bottom Right: 139.931 34.2596 
 -- Spacing: 0.000277778 -0.000277778
 -- Dimensions: 3840 165
journal (isce.core.DEMInterpolator):
 -- Actual DEM bounds used:
 -- Top Left: 138.865 34.2871
 -- Bottom Right: 139.931 34.2415 
 -- Spacing: 0.000277778 -0.000277778
 -- Dimensions: 3840 165
journal (isce.core.DEMInterpolator):
 -- Actual DEM bounds used:
 -- Top Left: 138.865 34.2693
 -- Bottom Right: 139.931 34.2235 
 -- Spacing: 0.000277778 -0.000277778
 -- Dimensions: 3840 166
journal (isce.core.DEMInterpolator):
 -- Actual DEM bounds used:
 -- Top Left: 138.865 34.2512
 -- Bottom Right: 139.931 34.2054 
 -- Spacing: 0.000277778 -0.000277778
 -- Dimensions: 3840 166
journal (isce.core.DEMInterpolator):
 -- Actual DEM bounds used:
 -- Top Left: 138.865 34.2332
 -- Bottom Right: 139.931 34.1876 
 -- Spacing: 0.000277778 -0.000277778
 -- Dimensions: 3840 165
journal (isce.core.DEMInterpolator):
 -- Actual DEM bounds used:
 -- Top Left: 138.865 34.2151
 -- Bottom Right: 139.931 34.1779 
 -- Spacing: 0.000277778 -0.000277778
 -- Dimensions: 3840 135
journal (isce.core.DEMInterpolator):
 -- Actual DEM bounds used:
 -- Top Left: 138.865 34.5393
 -- Bottom Right: 139.931 34.1779 
 -- Spacing: 0.000277778 -0.000277778
 -- Dimensions: 3840 1302
journal (isce.core.DEMInterpolator):
 -- Actual DEM bounds used:
 -- Top Left: 138.865 34.5393
 -- Bottom Right: 139.931 34.1779 
 -- Spacing: 0.000277778 -0.000277778
 -- Dimensions: 3840 1302
journal (isce.core.DEMInterpolator):
 -- Actual DEM bounds used:
 -- Top Left: 138.865 34.5393
 -- Bottom Right: 139.931 34.1779 
 -- Spacing: 0.000277778 -0.000277778
 -- Dimensions: 3840 1302
journal (isce.core.DEMInterpolator):
 -- Actual DEM bounds used:
 -- Top Left: 138.865 34.5393
 -- Bottom Right: 139.931 34.1779 
 -- Spacing: 0.000277778 -0.000277778
 -- Dimensions: 3840 1302
journal (isce.core.DEMInterpolator):
 -- Actual DEM bounds used:
 -- Top Left: 138.865 34.5393
 -- Bottom Right: 139.931 34.1779 
 -- Spacing: 0.000277778 -0.000277778
 -- Dimensions: 3840 1302
journal (isce.core.DEMInterpolator):
 -- Actual DEM bounds used:
 -- Top Left: 138.865 34.5393
 -- Bottom Right: 139.931 34.1779 
 -- Spacing: 0.000277778 -0.000277778
 -- Dimensions: 3840 1302
journal (isce.core.DEMInterpolator):
 -- Actual DEM bounds used:
 -- Top Left: 139.142 35.8671
 -- Bottom Right: 140.228 35.5262 
 -- Spacing: 0.000277778 -0.000277778
 -- Dimensions: 3911 1228
journal (isce.core.DEMInterpolator):
 -- Actual DEM bounds used:
 -- Top Left: 139.142 35.8671
 -- Bottom Right: 140.228 35.8212 
 -- Spacing: 0.000277778 -0.000277778
 -- Dimensions: 3911 166
journal (isce.core.DEMInterpolator):
 -- Actual DEM bounds used:
 -- Top Left: 139.142 35.849
 -- Bottom Right: 140.228 35.8032 
 -- Spacing: 0.000277778 -0.000277778
 -- Dimensions: 3911 166
journal (isce.core.DEMInterpolator):
 -- Actual DEM bounds used:
 -- Top Left: 139.142 35.831
 -- Bottom Right: 140.228 35.7851 
 -- Spacing: 0.000277778 -0.000277778
 -- Dimensions: 3911 166
journal (isce.core.DEMInterpolator):
 -- Actual DEM bounds used:
 -- Top Left: 139.142 35.8129
 -- Bottom Right: 140.228 35.7674 
 -- Spacing: 0.000277778 -0.000277778
 -- Dimensions: 3911 165
journal (isce.core.DEMInterpolator):
 -- Actual DEM bounds used:
 -- Top Left: 139.142 35.7949
 -- Bottom Right: 140.228 35.7493 
 -- Spacing: 0.000277778 -0.000277778
 -- Dimensions: 3911 165
journal (isce.core.DEMInterpolator):
 -- Actual DEM bounds used:
 -- Top Left: 139.142 35.7771
 -- Bottom Right: 140.228 35.7313 
 -- Spacing: 0.000277778 -0.000277778
 -- Dimensions: 3911 166
journal (isce.core.DEMInterpolator):
 -- Actual DEM bounds used:
 -- Top Left: 139.142 35.759
 -- Bottom Right: 140.228 35.7132 
 -- Spacing: 0.000277778 -0.000277778
 -- Dimensions: 3911 166
journal (isce.core.DEMInterpolator):
 -- Actual DEM bounds used:
 -- Top Left: 139.142 35.741
 -- Bottom Right: 140.228 35.6951 
 -- Spacing: 0.000277778 -0.000277778
 -- Dimensions: 3911 166
journal (isce.core.DEMInterpolator):
 -- Actual DEM bounds used:
 -- Top Left: 139.142 35.7229
 -- Bottom Right: 140.228 35.6774 
 -- Spacing: 0.000277778 -0.000277778
 -- Dimensions: 3911 165
journal (isce.core.DEMInterpolator):
 -- Actual DEM bounds used:
 -- Top Left: 139.142 35.7049
 -- Bottom Right: 140.228 35.6593 
 -- Spacing: 0.000277778 -0.000277778
 -- Dimensions: 3911 165
journal (isce.core.DEMInterpolator):
 -- Actual DEM bounds used:
 -- Top Left: 139.142 35.6871
 -- Bottom Right: 140.228 35.6412 
 -- Spacing: 0.000277778 -0.000277778
 -- Dimensions: 3911 166
journal (isce.core.DEMInterpolator):
 -- Actual DEM bounds used:
 -- Top Left: 139.142 35.669
 -- Bottom Right: 140.228 35.6232 
 -- Spacing: 0.000277778 -0.000277778
 -- Dimensions: 3911 166
journal (isce.core.DEMInterpolator):
 -- Actual DEM bounds used:
 -- Top Left: 139.142 35.651
 -- Bottom Right: 140.228 35.6051 
 -- Spacing: 0.000277778 -0.000277778
 -- Dimensions: 3911 166
journal (isce.core.DEMInterpolator):
 -- Actual DEM bounds used:
 -- Top Left: 139.142 35.6329
 -- Bottom Right: 140.228 35.5874 
 -- Spacing: 0.000277778 -0.000277778
 -- Dimensions: 3911 165
journal (isce.core.DEMInterpolator):
 -- Actual DEM bounds used:
 -- Top Left: 139.142 35.6149
 -- Bottom Right: 140.228 35.5693 
 -- Spacing: 0.000277778 -0.000277778
 -- Dimensions: 3911 165
journal (isce.core.DEMInterpolator):
 -- Actual DEM bounds used:
 -- Top Left: 139.142 35.5971
 -- Bottom Right: 140.228 35.5512 
 -- Spacing: 0.000277778 -0.000277778
 -- Dimensions: 3911 166
journal (isce.core.DEMInterpolator):
 -- Actual DEM bounds used:
 -- Top Left: 139.142 35.579
 -- Bottom Right: 140.228 35.5332 
 -- Spacing: 0.000277778 -0.000277778
 -- Dimensions: 3911 166
journal (isce.core.DEMInterpolator):
 -- Actual DEM bounds used:
 -- Top Left: 139.142 35.561
 -- Bottom Right: 140.228 35.5263 
 -- Spacing: 0.000277778 -0.000277778
 -- Dimensions: 3911 126
journal (isce.core.DEMInterpolator):
 -- Actual DEM bounds used:
 -- Top Left: 139.107 35.7013
 -- Bottom Right: 140.19 35.3604 
 -- Spacing: 0.000277778 -0.000277778
 -- Dimensions: 3903 1228
journal (isce.core.DEMInterpolator):
 -- Actual DEM bounds used:
 -- Top Left: 139.107 35.7013
 -- Bottom Right: 140.19 35.6554 
 -- Spacing: 0.000277778 -0.000277778
 -- Dimensions: 3903 166
journal (isce.core.DEMInterpolator):
 -- Actual DEM bounds used:
 -- Top Left: 139.107 35.6832
 -- Bottom Right: 140.19 35.6374 
 -- Spacing: 0.000277778 -0.000277778
 -- Dimensions: 3903 166
journal (isce.core.DEMInterpolator):
 -- Actual DEM bounds used:
 -- Top Left: 139.107 35.6651
 -- Bottom Right: 140.19 35.6196 
 -- Spacing: 0.000277778 -0.000277778
 -- Dimensions: 3903 165
journal (isce.core.DEMInterpolator):
 -- Actual DEM bounds used:
 -- Top Left: 139.107 35.6471
 -- Bottom Right: 140.19 35.6015 
 -- Spacing: 0.000277778 -0.000277778
 -- Dimensions: 3903 165
journal (isce.core.DEMInterpolator):
 -- Actual DEM bounds used:
 -- Top Left: 139.107 35.6293
 -- Bottom Right: 140.19 35.5835 
 -- Spacing: 0.000277778 -0.000277778
 -- Dimensions: 3903 166
journal (isce.core.DEMInterpolator):
 -- Actual DEM bounds used:
 -- Top Left: 139.107 35.6112
 -- Bottom Right: 140.19 35.5654 
 -- Spacing: 0.000277778 -0.000277778
 -- Dimensions: 3903 166
journal (isce.core.DEMInterpolator):
 -- Actual DEM bounds used:
 -- Top Left: 139.107 35.5932
 -- Bottom Right: 140.19 35.5474 
 -- Spacing: 0.000277778 -0.000277778
 -- Dimensions: 3903 166
journal (isce.core.DEMInterpolator):
 -- Actual DEM bounds used:
 -- Top Left: 139.107 35.5751
 -- Bottom Right: 140.19 35.5296 
 -- Spacing: 0.000277778 -0.000277778
 -- Dimensions: 3903 165
journal (isce.core.DEMInterpolator):
 -- Actual DEM bounds used:
 -- Top Left: 139.107 35.5571
 -- Bottom Right: 140.19 35.5115 
 -- Spacing: 0.000277778 -0.000277778
 -- Dimensions: 3903 165
journal (isce.core.DEMInterpolator):
 -- Actual DEM bounds used:
 -- Top Left: 139.107 35.5393
 -- Bottom Right: 140.19 35.4935 
 -- Spacing: 0.000277778 -0.000277778
 -- Dimensions: 3903 166
journal (isce.core.DEMInterpolator):
 -- Actual DEM bounds used:
 -- Top Left: 139.107 35.5213
 -- Bottom Right: 140.19 35.4754 
 -- Spacing: 0.000277778 -0.000277778
 -- Dimensions: 3903 166
journal (isce.core.DEMInterpolator):
 -- Actual DEM bounds used:
 -- Top Left: 139.107 35.5032
 -- Bottom Right: 140.19 35.4574 
 -- Spacing: 0.000277778 -0.000277778
 -- Dimensions: 3903 166
journal (isce.core.DEMInterpolator):
 -- Actual DEM bounds used:
 -- Top Left: 139.107 35.4851
 -- Bottom Right: 140.19 35.4396 
 -- Spacing: 0.000277778 -0.000277778
 -- Dimensions: 3903 165
journal (isce.core.DEMInterpolator):
 -- Actual DEM bounds used:
 -- Top Left: 139.107 35.4671
 -- Bottom Right: 140.19 35.4215 
 -- Spacing: 0.000277778 -0.000277778
 -- Dimensions: 3903 165
journal (isce.core.DEMInterpolator):
 -- Actual DEM bounds used:
 -- Top Left: 139.107 35.4493
 -- Bottom Right: 140.19 35.4035 
 -- Spacing: 0.000277778 -0.000277778
 -- Dimensions: 3903 166
journal (isce.core.DEMInterpolator):
 -- Actual DEM bounds used:
 -- Top Left: 139.107 35.4312
 -- Bottom Right: 140.19 35.3854 
 -- Spacing: 0.000277778 -0.000277778
 -- Dimensions: 3903 166
journal (isce.core.DEMInterpolator):
 -- Actual DEM bounds used:
 -- Top Left: 139.107 35.4132
 -- Bottom Right: 140.19 35.3674 
 -- Spacing: 0.000277778 -0.000277778
 -- Dimensions: 3903 166
journal (isce.core.DEMInterpolator):
 -- Actual DEM bounds used:
 -- Top Left: 139.107 35.3951
 -- Bottom Right: 140.19 35.3604 
 -- Spacing: 0.000277778 -0.000277778
 -- Dimensions: 3903 126
journal (isce.core.DEMInterpolator):
 -- Actual DEM bounds used:
 -- Top Left: 139.075 35.5351
 -- Bottom Right: 140.153 35.1951 
 -- Spacing: 0.000277778 -0.000277778
 -- Dimensions: 3882 1225
journal (isce.core.DEMInterpolator):
 -- Actual DEM bounds used:
 -- Top Left: 139.075 35.5351
 -- Bottom Right: 140.153 35.4896 
 -- Spacing: 0.000277778 -0.000277778
 -- Dimensions: 3882 165
journal (isce.core.DEMInterpolator):
 -- Actual DEM bounds used:
 -- Top Left: 139.075 35.5174
 -- Bottom Right: 140.153 35.4715 
 -- Spacing: 0.000277778 -0.000277778
 -- Dimensions: 3882 166
journal (isce.core.DEMInterpolator):
 -- Actual DEM bounds used:
 -- Top Left: 139.075 35.4993
 -- Bottom Right: 140.153 35.4535 
 -- Spacing: 0.000277778 -0.000277778
 -- Dimensions: 3882 166
journal (isce.core.DEMInterpolator):
 -- Actual DEM bounds used:
 -- Top Left: 139.075 35.4813
 -- Bottom Right: 140.153 35.4357 
 -- Spacing: 0.000277778 -0.000277778
 -- Dimensions: 3882 165
journal (isce.core.DEMInterpolator):
 -- Actual DEM bounds used:
 -- Top Left: 139.075 35.4632
 -- Bottom Right: 140.153 35.4176 
 -- Spacing: 0.000277778 -0.000277778
 -- Dimensions: 3882 165
journal (isce.core.DEMInterpolator):
 -- Actual DEM bounds used:
 -- Top Left: 139.075 35.4451
 -- Bottom Right: 140.153 35.3996 
 -- Spacing: 0.000277778 -0.000277778
 -- Dimensions: 3882 165
journal (isce.core.DEMInterpolator):
 -- Actual DEM bounds used:
 -- Top Left: 139.075 35.4274
 -- Bottom Right: 140.153 35.3815 
 -- Spacing: 0.000277778 -0.000277778
 -- Dimensions: 3882 166
journal (isce.core.DEMInterpolator):
 -- Actual DEM bounds used:
 -- Top Left: 139.075 35.4093
 -- Bottom Right: 140.153 35.3635 
 -- Spacing: 0.000277778 -0.000277778
 -- Dimensions: 3882 166
journal (isce.core.DEMInterpolator):
 -- Actual DEM bounds used:
 -- Top Left: 139.075 35.3912
 -- Bottom Right: 140.153 35.3457 
 -- Spacing: 0.000277778 -0.000277778
 -- Dimensions: 3882 165
journal (isce.core.DEMInterpolator):
 -- Actual DEM bounds used:
 -- Top Left: 139.075 35.3732
 -- Bottom Right: 140.153 35.3276 
 -- Spacing: 0.000277778 -0.000277778
 -- Dimensions: 3882 165
journal (isce.core.DEMInterpolator):
 -- Actual DEM bounds used:
 -- Top Left: 139.075 35.3551
 -- Bottom Right: 140.153 35.3096 
 -- Spacing: 0.000277778 -0.000277778
 -- Dimensions: 3882 165
journal (isce.core.DEMInterpolator):
 -- Actual DEM bounds used:
 -- Top Left: 139.075 35.3374
 -- Bottom Right: 140.153 35.2915 
 -- Spacing: 0.000277778 -0.000277778
 -- Dimensions: 3882 166
journal (isce.core.DEMInterpolator):
 -- Actual DEM bounds used:
 -- Top Left: 139.075 35.3193
 -- Bottom Right: 140.153 35.2735 
 -- Spacing: 0.000277778 -0.000277778
 -- Dimensions: 3882 166
journal (isce.core.DEMInterpolator):
 -- Actual DEM bounds used:
 -- Top Left: 139.075 35.3013
 -- Bottom Right: 140.153 35.2557 
 -- Spacing: 0.000277778 -0.000277778
 -- Dimensions: 3882 165
journal (isce.core.DEMInterpolator):
 -- Actual DEM bounds used:
 -- Top Left: 139.075 35.2832
 -- Bottom Right: 140.153 35.2376 
 -- Spacing: 0.000277778 -0.000277778
 -- Dimensions: 3882 165
journal (isce.core.DEMInterpolator):
 -- Actual DEM bounds used:
 -- Top Left: 139.075 35.2651
 -- Bottom Right: 140.153 35.2196 
 -- Spacing: 0.000277778 -0.000277778
 -- Dimensions: 3882 165
journal (isce.core.DEMInterpolator):
 -- Actual DEM bounds used:
 -- Top Left: 139.075 35.2474
 -- Bottom Right: 140.153 35.2015 
 -- Spacing: 0.000277778 -0.000277778
 -- Dimensions: 3882 166
journal (isce.core.DEMInterpolator):
 -- Actual DEM bounds used:
 -- Top Left: 139.075 35.2293
 -- Bottom Right: 140.153 35.1951 
 -- Spacing: 0.000277778 -0.000277778
 -- Dimensions: 3882 124
journal (isce.core.DEMInterpolator):
 -- Actual DEM bounds used:
 -- Top Left: 139.034 35.3693
 -- Bottom Right: 140.114 35.0288 
 -- Spacing: 0.000277778 -0.000277778
 -- Dimensions: 3887 1227
journal (isce.core.DEMInterpolator):
 -- Actual DEM bounds used:
 -- Top Left: 139.034 35.3693
 -- Bottom Right: 140.114 35.3238 
 -- Spacing: 0.000277778 -0.000277778
 -- Dimensions: 3887 165
journal (isce.core.DEMInterpolator):
 -- Actual DEM bounds used:
 -- Top Left: 139.034 35.3515
 -- Bottom Right: 140.114 35.3057 
 -- Spacing: 0.000277778 -0.000277778
 -- Dimensions: 3887 166
journal (isce.core.DEMInterpolator):
 -- Actual DEM bounds used:
 -- Top Left: 139.034 35.3335
 -- Bottom Right: 140.114 35.2876 
 -- Spacing: 0.000277778 -0.000277778
 -- Dimensions: 3887 166
journal (isce.core.DEMInterpolator):
 -- Actual DEM bounds used:
 -- Top Left: 139.034 35.3154
 -- Bottom Right: 140.114 35.2696 
 -- Spacing: 0.000277778 -0.000277778
 -- Dimensions: 3887 166
journal (isce.core.DEMInterpolator):
 -- Actual DEM bounds used:
 -- Top Left: 139.034 35.2974
 -- Bottom Right: 140.114 35.2518 
 -- Spacing: 0.000277778 -0.000277778
 -- Dimensions: 3887 165
journal (isce.core.DEMInterpolator):
 -- Actual DEM bounds used:
 -- Top Left: 139.034 35.2793
 -- Bottom Right: 140.114 35.2338 
 -- Spacing: 0.000277778 -0.000277778
 -- Dimensions: 3887 165
journal (isce.core.DEMInterpolator):
 -- Actual DEM bounds used:
 -- Top Left: 139.034 35.2615
 -- Bottom Right: 140.114 35.2157 
 -- Spacing: 0.000277778 -0.000277778
 -- Dimensions: 3887 166
journal (isce.core.DEMInterpolator):
 -- Actual DEM bounds used:
 -- Top Left: 139.034 35.2435
 -- Bottom Right: 140.114 35.1976 
 -- Spacing: 0.000277778 -0.000277778
 -- Dimensions: 3887 166
journal (isce.core.DEMInterpolator):
 -- Actual DEM bounds used:
 -- Top Left: 139.034 35.2254
 -- Bottom Right: 140.114 35.1796 
 -- Spacing: 0.000277778 -0.000277778
 -- Dimensions: 3887 166
journal (isce.core.DEMInterpolator):
 -- Actual DEM bounds used:
 -- Top Left: 139.034 35.2074
 -- Bottom Right: 140.114 35.1618 
 -- Spacing: 0.000277778 -0.000277778
 -- Dimensions: 3887 165
journal (isce.core.DEMInterpolator):
 -- Actual DEM bounds used:
 -- Top Left: 139.034 35.1893
 -- Bottom Right: 140.114 35.1438 
 -- Spacing: 0.000277778 -0.000277778
 -- Dimensions: 3887 165
journal (isce.core.DEMInterpolator):
 -- Actual DEM bounds used:
 -- Top Left: 139.034 35.1715
 -- Bottom Right: 140.114 35.1257 
 -- Spacing: 0.000277778 -0.000277778
 -- Dimensions: 3887 166
journal (isce.core.DEMInterpolator):
 -- Actual DEM bounds used:
 -- Top Left: 139.034 35.1535
 -- Bottom Right: 140.114 35.1076 
 -- Spacing: 0.000277778 -0.000277778
 -- Dimensions: 3887 166
journal (isce.core.DEMInterpolator):
 -- Actual DEM bounds used:
 -- Top Left: 139.034 35.1354
 -- Bottom Right: 140.114 35.0896 
 -- Spacing: 0.000277778 -0.000277778
 -- Dimensions: 3887 166
journal (isce.core.DEMInterpolator):
 -- Actual DEM bounds used:
 -- Top Left: 139.034 35.1174
 -- Bottom Right: 140.114 35.0718 
 -- Spacing: 0.000277778 -0.000277778
 -- Dimensions: 3887 165
journal (isce.core.DEMInterpolator):
 -- Actual DEM bounds used:
 -- Top Left: 139.034 35.0993
 -- Bottom Right: 140.114 35.0538 
 -- Spacing: 0.000277778 -0.000277778
 -- Dimensions: 3887 165
journal (isce.core.DEMInterpolator):
 -- Actual DEM bounds used:
 -- Top Left: 139.034 35.0815
 -- Bottom Right: 140.114 35.0357 
 -- Spacing: 0.000277778 -0.000277778
 -- Dimensions: 3887 166
journal (isce.core.DEMInterpolator):
 -- Actual DEM bounds used:
 -- Top Left: 139.034 35.0635
 -- Bottom Right: 140.114 35.0288 
 -- Spacing: 0.000277778 -0.000277778
 -- Dimensions: 3887 126
journal (isce.core.DEMInterpolator):
 -- Actual DEM bounds used:
 -- Top Left: 139.005 35.2043
 -- Bottom Right: 140.079 34.8626 
 -- Spacing: 0.000277778 -0.000277778
 -- Dimensions: 3868 1231
journal (isce.core.DEMInterpolator):
 -- Actual DEM bounds used:
 -- Top Left: 139.005 35.2043
 -- Bottom Right: 140.079 35.1585 
 -- Spacing: 0.000277778 -0.000277778
 -- Dimensions: 3868 166
journal (isce.core.DEMInterpolator):
 -- Actual DEM bounds used:
 -- Top Left: 139.005 35.1863
 -- Bottom Right: 140.079 35.1404 
 -- Spacing: 0.000277778 -0.000277778
 -- Dimensions: 3868 166
journal (isce.core.DEMInterpolator):
 -- Actual DEM bounds used:
 -- Top Left: 139.005 35.1682
 -- Bottom Right: 140.079 35.1224 
 -- Spacing: 0.000277778 -0.000277778
 -- Dimensions: 3868 166
journal (isce.core.DEMInterpolator):
 -- Actual DEM bounds used:
 -- Top Left: 139.005 35.1501
 -- Bottom Right: 140.079 35.1046 
 -- Spacing: 0.000277778 -0.000277778
 -- Dimensions: 3868 165
journal (isce.core.DEMInterpolator):
 -- Actual DEM bounds used:
 -- Top Left: 139.005 35.1321
 -- Bottom Right: 140.079 35.0865 
 -- Spacing: 0.000277778 -0.000277778
 -- Dimensions: 3868 165
journal (isce.core.DEMInterpolator):
 -- Actual DEM bounds used:
 -- Top Left: 139.005 35.1143
 -- Bottom Right: 140.079 35.0685 
 -- Spacing: 0.000277778 -0.000277778
 -- Dimensions: 3868 166
journal (isce.core.DEMInterpolator):
 -- Actual DEM bounds used:
 -- Top Left: 139.005 35.0962
 -- Bottom Right: 140.079 35.0504 
 -- Spacing: 0.000277778 -0.000277778
 -- Dimensions: 3868 166
journal (isce.core.DEMInterpolator):
 -- Actual DEM bounds used:
 -- Top Left: 139.005 35.0782
 -- Bottom Right: 140.079 35.0324 
 -- Spacing: 0.000277778 -0.000277778
 -- Dimensions: 3868 166
journal (isce.core.DEMInterpolator):
 -- Actual DEM bounds used:
 -- Top Left: 139.005 35.0601
 -- Bottom Right: 140.079 35.0146 
 -- Spacing: 0.000277778 -0.000277778
 -- Dimensions: 3868 165
journal (isce.core.DEMInterpolator):
 -- Actual DEM bounds used:
 -- Top Left: 139.005 35.0421
 -- Bottom Right: 140.079 34.9965 
 -- Spacing: 0.000277778 -0.000277778
 -- Dimensions: 3868 165
journal (isce.core.DEMInterpolator):
 -- Actual DEM bounds used:
 -- Top Left: 139.005 35.0243
 -- Bottom Right: 140.079 34.9785 
 -- Spacing: 0.000277778 -0.000277778
 -- Dimensions: 3868 166
journal (isce.core.DEMInterpolator):
 -- Actual DEM bounds used:
 -- Top Left: 139.005 35.0063
 -- Bottom Right: 140.079 34.9604 
 -- Spacing: 0.000277778 -0.000277778
 -- Dimensions: 3868 166
journal (isce.core.DEMInterpolator):
 -- Actual DEM bounds used:
 -- Top Left: 139.005 34.9882
 -- Bottom Right: 140.079 34.9424 
 -- Spacing: 0.000277778 -0.000277778
 -- Dimensions: 3868 166
journal (isce.core.DEMInterpolator):
 -- Actual DEM bounds used:
 -- Top Left: 139.005 34.9701
 -- Bottom Right: 140.079 34.9246 
 -- Spacing: 0.000277778 -0.000277778
 -- Dimensions: 3868 165
journal (isce.core.DEMInterpolator):
 -- Actual DEM bounds used:
 -- Top Left: 139.005 34.9521
 -- Bottom Right: 140.079 34.9065 
 -- Spacing: 0.000277778 -0.000277778
 -- Dimensions: 3868 165
journal (isce.core.DEMInterpolator):
 -- Actual DEM bounds used:
 -- Top Left: 139.005 34.9343
 -- Bottom Right: 140.079 34.8885 
 -- Spacing: 0.000277778 -0.000277778
 -- Dimensions: 3868 166
journal (isce.core.DEMInterpolator):
 -- Actual DEM bounds used:
 -- Top Left: 139.005 34.9162
 -- Bottom Right: 140.079 34.8704 
 -- Spacing: 0.000277778 -0.000277778
 -- Dimensions: 3868 166
journal (isce.core.DEMInterpolator):
 -- Actual DEM bounds used:
 -- Top Left: 139.005 34.8982
 -- Bottom Right: 140.079 34.8626 
 -- Spacing: 0.000277778 -0.000277778
 -- Dimensions: 3868 129
journal (isce.core.DEMInterpolator):
 -- Actual DEM bounds used:
 -- Top Left: 138.966 35.0374
 -- Bottom Right: 140.042 34.6965 
 -- Spacing: 0.000277778 -0.000277778
 -- Dimensions: 3874 1228
journal (isce.core.DEMInterpolator):
 -- Actual DEM bounds used:
 -- Top Left: 138.966 35.0374
 -- Bottom Right: 140.042 34.9918 
 -- Spacing: 0.000277778 -0.000277778
 -- Dimensions: 3874 165
journal (isce.core.DEMInterpolator):
 -- Actual DEM bounds used:
 -- Top Left: 138.966 35.0196
 -- Bottom Right: 140.042 34.9738 
 -- Spacing: 0.000277778 -0.000277778
 -- Dimensions: 3874 166
journal (isce.core.DEMInterpolator):
 -- Actual DEM bounds used:
 -- Top Left: 138.966 35.0015
 -- Bottom Right: 140.042 34.9557 
 -- Spacing: 0.000277778 -0.000277778
 -- Dimensions: 3874 166
journal (isce.core.DEMInterpolator):
 -- Actual DEM bounds used:
 -- Top Left: 138.966 34.9835
 -- Bottom Right: 140.042 34.9379 
 -- Spacing: 0.000277778 -0.000277778
 -- Dimensions: 3874 165
journal (isce.core.DEMInterpolator):
 -- Actual DEM bounds used:
 -- Top Left: 138.966 34.9654
 -- Bottom Right: 140.042 34.9199 
 -- Spacing: 0.000277778 -0.000277778
 -- Dimensions: 3874 165
journal (isce.core.DEMInterpolator):
 -- Actual DEM bounds used:
 -- Top Left: 138.966 34.9474
 -- Bottom Right: 140.042 34.9018 
 -- Spacing: 0.000277778 -0.000277778
 -- Dimensions: 3874 165
journal (isce.core.DEMInterpolator):
 -- Actual DEM bounds used:
 -- Top Left: 138.966 34.9296
 -- Bottom Right: 140.042 34.8837 
 -- Spacing: 0.000277778 -0.000277778
 -- Dimensions: 3874 166
journal (isce.core.DEMInterpolator):
 -- Actual DEM bounds used:
 -- Top Left: 138.966 34.9115
 -- Bottom Right: 140.042 34.8657 
 -- Spacing: 0.000277778 -0.000277778
 -- Dimensions: 3874 166
journal (isce.core.DEMInterpolator):
 -- Actual DEM bounds used:
 -- Top Left: 138.966 34.8935
 -- Bottom Right: 140.042 34.8479 
 -- Spacing: 0.000277778 -0.000277778
 -- Dimensions: 3874 165
journal (isce.core.DEMInterpolator):
 -- Actual DEM bounds used:
 -- Top Left: 138.966 34.8754
 -- Bottom Right: 140.042 34.8299 
 -- Spacing: 0.000277778 -0.000277778
 -- Dimensions: 3874 165
journal (isce.core.DEMInterpolator):
 -- Actual DEM bounds used:
 -- Top Left: 138.966 34.8574
 -- Bottom Right: 140.042 34.8118 
 -- Spacing: 0.000277778 -0.000277778
 -- Dimensions: 3874 165
journal (isce.core.DEMInterpolator):
 -- Actual DEM bounds used:
 -- Top Left: 138.966 34.8396
 -- Bottom Right: 140.042 34.7938 
 -- Spacing: 0.000277778 -0.000277778
 -- Dimensions: 3874 166
journal (isce.core.DEMInterpolator):
 -- Actual DEM bounds used:
 -- Top Left: 138.966 34.8215
 -- Bottom Right: 140.042 34.7757 
 -- Spacing: 0.000277778 -0.000277778
 -- Dimensions: 3874 166
journal (isce.core.DEMInterpolator):
 -- Actual DEM bounds used:
 -- Top Left: 138.966 34.8035
 -- Bottom Right: 140.042 34.7579 
 -- Spacing: 0.000277778 -0.000277778
 -- Dimensions: 3874 165
journal (isce.core.DEMInterpolator):
 -- Actual DEM bounds used:
 -- Top Left: 138.966 34.7854
 -- Bottom Right: 140.042 34.7399 
 -- Spacing: 0.000277778 -0.000277778
 -- Dimensions: 3874 165
journal (isce.core.DEMInterpolator):
 -- Actual DEM bounds used:
 -- Top Left: 138.966 34.7674
 -- Bottom Right: 140.042 34.7218 
 -- Spacing: 0.000277778 -0.000277778
 -- Dimensions: 3874 165
journal (isce.core.DEMInterpolator):
 -- Actual DEM bounds used:
 -- Top Left: 138.966 34.7496
 -- Bottom Right: 140.042 34.7037 
 -- Spacing: 0.000277778 -0.000277778
 -- Dimensions: 3874 166
journal (isce.core.DEMInterpolator):
 -- Actual DEM bounds used:
 -- Top Left: 138.966 34.7315
 -- Bottom Right: 140.042 34.6965 
 -- Spacing: 0.000277778 -0.000277778
 -- Dimensions: 3874 127
journal (isce.core.DEMInterpolator):
 -- Actual DEM bounds used:
 -- Top Left: 138.937 34.8718
 -- Bottom Right: 140.005 34.5307 
 -- Spacing: 0.000277778 -0.000277778
 -- Dimensions: 3844 1229
journal (isce.core.DEMInterpolator):
 -- Actual DEM bounds used:
 -- Top Left: 138.937 34.8718
 -- Bottom Right: 140.005 34.8263 
 -- Spacing: 0.000277778 -0.000277778
 -- Dimensions: 3844 165
journal (isce.core.DEMInterpolator):
 -- Actual DEM bounds used:
 -- Top Left: 138.937 34.8537
 -- Bottom Right: 140.005 34.8082 
 -- Spacing: 0.000277778 -0.000277778
 -- Dimensions: 3844 165
journal (isce.core.DEMInterpolator):
 -- Actual DEM bounds used:
 -- Top Left: 138.937 34.836
 -- Bottom Right: 140.005 34.7901 
 -- Spacing: 0.000277778 -0.000277778
 -- Dimensions: 3844 166
journal (isce.core.DEMInterpolator):
 -- Actual DEM bounds used:
 -- Top Left: 138.937 34.8179
 -- Bottom Right: 140.005 34.7721 
 -- Spacing: 0.000277778 -0.000277778
 -- Dimensions: 3844 166
journal (isce.core.DEMInterpolator):
 -- Actual DEM bounds used:
 -- Top Left: 138.937 34.7999
 -- Bottom Right: 140.005 34.7543 
 -- Spacing: 0.000277778 -0.000277778
 -- Dimensions: 3844 165
journal (isce.core.DEMInterpolator):
 -- Actual DEM bounds used:
 -- Top Left: 138.937 34.7818
 -- Bottom Right: 140.005 34.7363 
 -- Spacing: 0.000277778 -0.000277778
 -- Dimensions: 3844 165
journal (isce.core.DEMInterpolator):
 -- Actual DEM bounds used:
 -- Top Left: 138.937 34.7638
 -- Bottom Right: 140.005 34.7182 
 -- Spacing: 0.000277778 -0.000277778
 -- Dimensions: 3844 165
journal (isce.core.DEMInterpolator):
 -- Actual DEM bounds used:
 -- Top Left: 138.937 34.746
 -- Bottom Right: 140.005 34.7001 
 -- Spacing: 0.000277778 -0.000277778
 -- Dimensions: 3844 166
journal (isce.core.DEMInterpolator):
 -- Actual DEM bounds used:
 -- Top Left: 138.937 34.7279
 -- Bottom Right: 140.005 34.6821 
 -- Spacing: 0.000277778 -0.000277778
 -- Dimensions: 3844 166
journal (isce.core.DEMInterpolator):
 -- Actual DEM bounds used:
 -- Top Left: 138.937 34.7099
 -- Bottom Right: 140.005 34.6643 
 -- Spacing: 0.000277778 -0.000277778
 -- Dimensions: 3844 165
journal (isce.core.DEMInterpolator):
 -- Actual DEM bounds used:
 -- Top Left: 138.937 34.6918
 -- Bottom Right: 140.005 34.6463 
 -- Spacing: 0.000277778 -0.000277778
 -- Dimensions: 3844 165
journal (isce.core.DEMInterpolator):
 -- Actual DEM bounds used:
 -- Top Left: 138.937 34.6737
 -- Bottom Right: 140.005 34.6282 
 -- Spacing: 0.000277778 -0.000277778
 -- Dimensions: 3844 165
journal (isce.core.DEMInterpolator):
 -- Actual DEM bounds used:
 -- Top Left: 138.937 34.656
 -- Bottom Right: 140.005 34.6101 
 -- Spacing: 0.000277778 -0.000277778
 -- Dimensions: 3844 166
journal (isce.core.DEMInterpolator):
 -- Actual DEM bounds used:
 -- Top Left: 138.937 34.6379
 -- Bottom Right: 140.005 34.5921 
 -- Spacing: 0.000277778 -0.000277778
 -- Dimensions: 3844 166
journal (isce.core.DEMInterpolator):
 -- Actual DEM bounds used:
 -- Top Left: 138.937 34.6199
 -- Bottom Right: 140.005 34.5743 
 -- Spacing: 0.000277778 -0.000277778
 -- Dimensions: 3844 165
journal (isce.core.DEMInterpolator):
 -- Actual DEM bounds used:
 -- Top Left: 138.937 34.6018
 -- Bottom Right: 140.005 34.5563 
 -- Spacing: 0.000277778 -0.000277778
 -- Dimensions: 3844 165
journal (isce.core.DEMInterpolator):
 -- Actual DEM bounds used:
 -- Top Left: 138.937 34.5838
 -- Bottom Right: 140.005 34.5382 
 -- Spacing: 0.000277778 -0.000277778
 -- Dimensions: 3844 165
journal (isce.core.DEMInterpolator):
 -- Actual DEM bounds used:
 -- Top Left: 138.937 34.566
 -- Bottom Right: 140.005 34.5307 
 -- Spacing: 0.000277778 -0.000277778
 -- Dimensions: 3844 128
journal (isce.core.DEMInterpolator):
 -- Actual DEM bounds used:
 -- Top Left: 138.904 34.7051
 -- Bottom Right: 139.968 34.3649 
 -- Spacing: 0.000277778 -0.000277778
 -- Dimensions: 3831 1226
journal (isce.core.DEMInterpolator):
 -- Actual DEM bounds used:
 -- Top Left: 138.904 34.7051
 -- Bottom Right: 139.968 34.6596 
 -- Spacing: 0.000277778 -0.000277778
 -- Dimensions: 3831 165
journal (isce.core.DEMInterpolator):
 -- Actual DEM bounds used:
 -- Top Left: 138.904 34.6874
 -- Bottom Right: 139.968 34.6415 
 -- Spacing: 0.000277778 -0.000277778
 -- Dimensions: 3831 166
journal (isce.core.DEMInterpolator):
 -- Actual DEM bounds used:
 -- Top Left: 138.904 34.6693
 -- Bottom Right: 139.968 34.6235 
 -- Spacing: 0.000277778 -0.000277778
 -- Dimensions: 3831 166
journal (isce.core.DEMInterpolator):
 -- Actual DEM bounds used:
 -- Top Left: 138.904 34.6512
 -- Bottom Right: 139.968 34.6057 
 -- Spacing: 0.000277778 -0.000277778
 -- Dimensions: 3831 165
journal (isce.core.DEMInterpolator):
 -- Actual DEM bounds used:
 -- Top Left: 138.904 34.6332
 -- Bottom Right: 139.968 34.5876 
 -- Spacing: 0.000277778 -0.000277778
 -- Dimensions: 3831 165
journal (isce.core.DEMInterpolator):
 -- Actual DEM bounds used:
 -- Top Left: 138.904 34.6151
 -- Bottom Right: 139.968 34.5696 
 -- Spacing: 0.000277778 -0.000277778
 -- Dimensions: 3831 165
journal (isce.core.DEMInterpolator):
 -- Actual DEM bounds used:
 -- Top Left: 138.904 34.5974
 -- Bottom Right: 139.968 34.5515 
 -- Spacing: 0.000277778 -0.000277778
 -- Dimensions: 3831 166
journal (isce.core.DEMInterpolator):
 -- Actual DEM bounds used:
 -- Top Left: 138.904 34.5793
 -- Bottom Right: 139.968 34.5335 
 -- Spacing: 0.000277778 -0.000277778
 -- Dimensions: 3831 166
journal (isce.core.DEMInterpolator):
 -- Actual DEM bounds used:
 -- Top Left: 138.904 34.5613
 -- Bottom Right: 139.968 34.5157 
 -- Spacing: 0.000277778 -0.000277778
 -- Dimensions: 3831 165
journal (isce.core.DEMInterpolator):
 -- Actual DEM bounds used:
 -- Top Left: 138.904 34.5432
 -- Bottom Right: 139.968 34.4976 
 -- Spacing: 0.000277778 -0.000277778
 -- Dimensions: 3831 165
journal (isce.core.DEMInterpolator):
 -- Actual DEM bounds used:
 -- Top Left: 138.904 34.5251
 -- Bottom Right: 139.968 34.4796 
 -- Spacing: 0.000277778 -0.000277778
 -- Dimensions: 3831 165
journal (isce.core.DEMInterpolator):
 -- Actual DEM bounds used:
 -- Top Left: 138.904 34.5074
 -- Bottom Right: 139.968 34.4615 
 -- Spacing: 0.000277778 -0.000277778
 -- Dimensions: 3831 166
journal (isce.core.DEMInterpolator):
 -- Actual DEM bounds used:
 -- Top Left: 138.904 34.4893
 -- Bottom Right: 139.968 34.4435 
 -- Spacing: 0.000277778 -0.000277778
 -- Dimensions: 3831 166
journal (isce.core.DEMInterpolator):
 -- Actual DEM bounds used:
 -- Top Left: 138.904 34.4712
 -- Bottom Right: 139.968 34.4257 
 -- Spacing: 0.000277778 -0.000277778
 -- Dimensions: 3831 165
journal (isce.core.DEMInterpolator):
 -- Actual DEM bounds used:
 -- Top Left: 138.904 34.4532
 -- Bottom Right: 139.968 34.4076 
 -- Spacing: 0.000277778 -0.000277778
 -- Dimensions: 3831 165
journal (isce.core.DEMInterpolator):
 -- Actual DEM bounds used:
 -- Top Left: 138.904 34.4351
 -- Bottom Right: 139.968 34.3896 
 -- Spacing: 0.000277778 -0.000277778
 -- Dimensions: 3831 165
journal (isce.core.DEMInterpolator):
 -- Actual DEM bounds used:
 -- Top Left: 138.904 34.4174
 -- Bottom Right: 139.968 34.3715 
 -- Spacing: 0.000277778 -0.000277778
 -- Dimensions: 3831 166
journal (isce.core.DEMInterpolator):
 -- Actual DEM bounds used:
 -- Top Left: 138.904 34.3993
 -- Bottom Right: 139.968 34.3649 
 -- Spacing: 0.000277778 -0.000277778
 -- Dimensions: 3831 125
journal (isce.core.DEMInterpolator):
 -- Actual DEM bounds used:
 -- Top Left: 138.865 34.5393
 -- Bottom Right: 139.931 34.1779 
 -- Spacing: 0.000277778 -0.000277778
 -- Dimensions: 3840 1302
journal (isce.core.DEMInterpolator):
 -- Actual DEM bounds used:
 -- Top Left: 138.865 34.5393
 -- Bottom Right: 139.931 34.4935 
 -- Spacing: 0.000277778 -0.000277778
 -- Dimensions: 3840 166
journal (isce.core.DEMInterpolator):
 -- Actual DEM bounds used:
 -- Top Left: 138.865 34.5213
 -- Bottom Right: 139.931 34.4754 
 -- Spacing: 0.000277778 -0.000277778
 -- Dimensions: 3840 166
journal (isce.core.DEMInterpolator):
 -- Actual DEM bounds used:
 -- Top Left: 138.865 34.5032
 -- Bottom Right: 139.931 34.4576 
 -- Spacing: 0.000277778 -0.000277778
 -- Dimensions: 3840 165
journal (isce.core.DEMInterpolator):
 -- Actual DEM bounds used:
 -- Top Left: 138.865 34.4851
 -- Bottom Right: 139.931 34.4396 
 -- Spacing: 0.000277778 -0.000277778
 -- Dimensions: 3840 165
journal (isce.core.DEMInterpolator):
 -- Actual DEM bounds used:
 -- Top Left: 138.865 34.4671
 -- Bottom Right: 139.931 34.4215 
 -- Spacing: 0.000277778 -0.000277778
 -- Dimensions: 3840 165
journal (isce.core.DEMInterpolator):
 -- Actual DEM bounds used:
 -- Top Left: 138.865 34.4493
 -- Bottom Right: 139.931 34.4035 
 -- Spacing: 0.000277778 -0.000277778
 -- Dimensions: 3840 166
journal (isce.core.DEMInterpolator):
 -- Actual DEM bounds used:
 -- Top Left: 138.865 34.4312
 -- Bottom Right: 139.931 34.3854 
 -- Spacing: 0.000277778 -0.000277778
 -- Dimensions: 3840 166
journal (isce.core.DEMInterpolator):
 -- Actual DEM bounds used:
 -- Top Left: 138.865 34.4132
 -- Bottom Right: 139.931 34.3676 
 -- Spacing: 0.000277778 -0.000277778
 -- Dimensions: 3840 165
journal (isce.core.DEMInterpolator):
 -- Actual DEM bounds used:
 -- Top Left: 138.865 34.3951
 -- Bottom Right: 139.931 34.3496 
 -- Spacing: 0.000277778 -0.000277778
 -- Dimensions: 3840 165
journal (isce.core.DEMInterpolator):
 -- Actual DEM bounds used:
 -- Top Left: 138.865 34.3771
 -- Bottom Right: 139.931 34.3315 
 -- Spacing: 0.000277778 -0.000277778
 -- Dimensions: 3840 165
journal (isce.core.DEMInterpolator):
 -- Actual DEM bounds used:
 -- Top Left: 138.865 34.3593
 -- Bottom Right: 139.931 34.3135 
 -- Spacing: 0.000277778 -0.000277778
 -- Dimensions: 3840 166
journal (isce.core.DEMInterpolator):
 -- Actual DEM bounds used:
 -- Top Left: 138.865 34.3413
 -- Bottom Right: 139.931 34.2954 
 -- Spacing: 0.000277778 -0.000277778
 -- Dimensions: 3840 166
journal (isce.core.DEMInterpolator):
 -- Actual DEM bounds used:
 -- Top Left: 138.865 34.3232
 -- Bottom Right: 139.931 34.2776 
 -- Spacing: 0.000277778 -0.000277778
 -- Dimensions: 3840 165
journal (isce.core.DEMInterpolator):
 -- Actual DEM bounds used:
 -- Top Left: 138.865 34.3051
 -- Bottom Right: 139.931 34.2596 
 -- Spacing: 0.000277778 -0.000277778
 -- Dimensions: 3840 165
journal (isce.core.DEMInterpolator):
 -- Actual DEM bounds used:
 -- Top Left: 138.865 34.2871
 -- Bottom Right: 139.931 34.2415 
 -- Spacing: 0.000277778 -0.000277778
 -- Dimensions: 3840 165
journal (isce.core.DEMInterpolator):
 -- Actual DEM bounds used:
 -- Top Left: 138.865 34.2693
 -- Bottom Right: 139.931 34.2235 
 -- Spacing: 0.000277778 -0.000277778
 -- Dimensions: 3840 166
journal (isce.core.DEMInterpolator):
 -- Actual DEM bounds used:
 -- Top Left: 138.865 34.2512
 -- Bottom Right: 139.931 34.2054 
 -- Spacing: 0.000277778 -0.000277778
 -- Dimensions: 3840 166
journal (isce.core.DEMInterpolator):
 -- Actual DEM bounds used:
 -- Top Left: 138.865 34.2332
 -- Bottom Right: 139.931 34.1876 
 -- Spacing: 0.000277778 -0.000277778
 -- Dimensions: 3840 165
journal (isce.core.DEMInterpolator):
 -- Actual DEM bounds used:
 -- Top Left: 138.865 34.2151
 -- Bottom Right: 139.931 34.1779 
 -- Spacing: 0.000277778 -0.000277778
 -- Dimensions: 3840 135
journal (isce.core.DEMInterpolator):
 -- Actual DEM bounds used:
 -- Top Left: 139.142 35.8671
 -- Bottom Right: 140.228 35.8301 
 -- Spacing: 0.000277778 -0.000277778
 -- Dimensions: 3911 134
journal (isce.core.DEMInterpolator):
 -- Actual DEM bounds used:
 -- Top Left: 139.142 35.8579
 -- Bottom Right: 140.228 35.8212 
 -- Spacing: 0.000277778 -0.000277778
 -- Dimensions: 3911 133
journal (isce.core.DEMInterpolator):
 -- Actual DEM bounds used:
 -- Top Left: 139.142 35.849
 -- Bottom Right: 140.228 35.8124 
 -- Spacing: 0.000277778 -0.000277778
 -- Dimensions: 3911 133
journal (isce.core.DEMInterpolator):
 -- Actual DEM bounds used:
 -- Top Left: 139.142 35.8399
 -- Bottom Right: 140.228 35.8032 
 -- Spacing: 0.000277778 -0.000277778
 -- Dimensions: 3911 133
journal (isce.core.DEMInterpolator):
 -- Actual DEM bounds used:
 -- Top Left: 139.142 35.831
 -- Bottom Right: 140.228 35.7943 
 -- Spacing: 0.000277778 -0.000277778
 -- Dimensions: 3911 133
journal (isce.core.DEMInterpolator):
 -- Actual DEM bounds used:
 -- Top Left: 139.142 35.8221
 -- Bottom Right: 140.228 35.7851 
 -- Spacing: 0.000277778 -0.000277778
 -- Dimensions: 3911 134
journal (isce.core.DEMInterpolator):
 -- Actual DEM bounds used:
 -- Top Left: 139.142 35.8129
 -- Bottom Right: 140.228 35.7762 
 -- Spacing: 0.000277778 -0.000277778
 -- Dimensions: 3911 133
journal (isce.core.DEMInterpolator):
 -- Actual DEM bounds used:
 -- Top Left: 139.142 35.804
 -- Bottom Right: 140.228 35.7674 
 -- Spacing: 0.000277778 -0.000277778
 -- Dimensions: 3911 133
journal (isce.core.DEMInterpolator):
 -- Actual DEM bounds used:
 -- Top Left: 139.142 35.7949
 -- Bottom Right: 140.228 35.7582 
 -- Spacing: 0.000277778 -0.000277778
 -- Dimensions: 3911 133
journal (isce.core.DEMInterpolator):
 -- Actual DEM bounds used:
 -- Top Left: 139.142 35.786
 -- Bottom Right: 140.228 35.7493 
 -- Spacing: 0.000277778 -0.000277778
 -- Dimensions: 3911 133
journal (isce.core.DEMInterpolator):
 -- Actual DEM bounds used:
 -- Top Left: 139.142 35.7771
 -- Bottom Right: 140.228 35.7401 
 -- Spacing: 0.000277778 -0.000277778
 -- Dimensions: 3911 134
journal (isce.core.DEMInterpolator):
 -- Actual DEM bounds used:
 -- Top Left: 139.142 35.7679
 -- Bottom Right: 140.228 35.7312 
 -- Spacing: 0.000277778 -0.000277778
 -- Dimensions: 3911 133
journal (isce.core.DEMInterpolator):
 -- Actual DEM bounds used:
 -- Top Left: 139.142 35.759
 -- Bottom Right: 140.228 35.7224 
 -- Spacing: 0.000277778 -0.000277778
 -- Dimensions: 3911 133
journal (isce.core.DEMInterpolator):
 -- Actual DEM bounds used:
 -- Top Left: 139.142 35.7499
 -- Bottom Right: 140.228 35.7132 
 -- Spacing: 0.000277778 -0.000277778
 -- Dimensions: 3911 133
journal (isce.core.DEMInterpolator):
 -- Actual DEM bounds used:
 -- Top Left: 139.142 35.741
 -- Bottom Right: 140.228 35.7043 
 -- Spacing: 0.000277778 -0.000277778
 -- Dimensions: 3911 133
journal (isce.core.DEMInterpolator):
 -- Actual DEM bounds used:
 -- Top Left: 139.142 35.7321
 -- Bottom Right: 140.228 35.6951 
 -- Spacing: 0.000277778 -0.000277778
 -- Dimensions: 3911 134
journal (isce.core.DEMInterpolator):
 -- Actual DEM bounds used:
 -- Top Left: 139.142 35.7229
 -- Bottom Right: 140.228 35.6863 
 -- Spacing: 0.000277778 -0.000277778
 -- Dimensions: 3911 133
journal (isce.core.DEMInterpolator):
 -- Actual DEM bounds used:
 -- Top Left: 139.142 35.714
 -- Bottom Right: 140.228 35.6774 
 -- Spacing: 0.000277778 -0.000277778
 -- Dimensions: 3911 133
journal (isce.core.DEMInterpolator):
 -- Actual DEM bounds used:
 -- Top Left: 139.142 35.7049
 -- Bottom Right: 140.228 35.6682 
 -- Spacing: 0.000277778 -0.000277778
 -- Dimensions: 3911 133
journal (isce.core.DEMInterpolator):
 -- Actual DEM bounds used:
 -- Top Left: 139.142 35.696
 -- Bottom Right: 140.228 35.6593 
 -- Spacing: 0.000277778 -0.000277778
 -- Dimensions: 3911 133
journal (isce.core.DEMInterpolator):
 -- Actual DEM bounds used:
 -- Top Left: 139.142 35.6871
 -- Bottom Right: 140.228 35.6501 
 -- Spacing: 0.000277778 -0.000277778
 -- Dimensions: 3911 134
journal (isce.core.DEMInterpolator):
 -- Actual DEM bounds used:
 -- Top Left: 139.142 35.6779
 -- Bottom Right: 140.228 35.6412 
 -- Spacing: 0.000277778 -0.000277778
 -- Dimensions: 3911 133
journal (isce.core.DEMInterpolator):
 -- Actual DEM bounds used:
 -- Top Left: 139.142 35.669
 -- Bottom Right: 140.228 35.6324 
 -- Spacing: 0.000277778 -0.000277778
 -- Dimensions: 3911 133
journal (isce.core.DEMInterpolator):
 -- Actual DEM bounds used:
 -- Top Left: 139.142 35.6599
 -- Bottom Right: 140.228 35.6232 
 -- Spacing: 0.000277778 -0.000277778
 -- Dimensions: 3911 133
journal (isce.core.DEMInterpolator):
 -- Actual DEM bounds used:
 -- Top Left: 139.142 35.651
 -- Bottom Right: 140.228 35.6143 
 -- Spacing: 0.000277778 -0.000277778
 -- Dimensions: 3911 133
journal (isce.core.DEMInterpolator):
 -- Actual DEM bounds used:
 -- Top Left: 139.142 35.6421
 -- Bottom Right: 140.228 35.6051 
 -- Spacing: 0.000277778 -0.000277778
 -- Dimensions: 3911 134
journal (isce.core.DEMInterpolator):
 -- Actual DEM bounds used:
 -- Top Left: 139.142 35.6329
 -- Bottom Right: 140.228 35.5962 
 -- Spacing: 0.000277778 -0.000277778
 -- Dimensions: 3911 133
journal (isce.core.DEMInterpolator):
 -- Actual DEM bounds used:
 -- Top Left: 139.142 35.624
 -- Bottom Right: 140.228 35.5874 
 -- Spacing: 0.000277778 -0.000277778
 -- Dimensions: 3911 133
journal (isce.core.DEMInterpolator):
 -- Actual DEM bounds used:
 -- Top Left: 139.142 35.6149
 -- Bottom Right: 140.228 35.5782 
 -- Spacing: 0.000277778 -0.000277778
 -- Dimensions: 3911 133
journal (isce.core.DEMInterpolator):
 -- Actual DEM bounds used:
 -- Top Left: 139.142 35.606
 -- Bottom Right: 140.228 35.5693 
 -- Spacing: 0.000277778 -0.000277778
 -- Dimensions: 3911 133
journal (isce.core.DEMInterpolator):
 -- Actual DEM bounds used:
 -- Top Left: 139.142 35.5971
 -- Bottom Right: 140.228 35.5601 
 -- Spacing: 0.000277778 -0.000277778
 -- Dimensions: 3911 134
journal (isce.core.DEMInterpolator):
 -- Actual DEM bounds used:
 -- Top Left: 139.142 35.5879
 -- Bottom Right: 140.228 35.5512 
 -- Spacing: 0.000277778 -0.000277778
 -- Dimensions: 3911 133
journal (isce.core.DEMInterpolator):
 -- Actual DEM bounds used:
 -- Top Left: 139.142 35.579
 -- Bottom Right: 140.228 35.5424 
 -- Spacing: 0.000277778 -0.000277778
 -- Dimensions: 3911 133
journal (isce.core.DEMInterpolator):
 -- Actual DEM bounds used:
 -- Top Left: 139.142 35.5699
 -- Bottom Right: 140.228 35.5332 
 -- Spacing: 0.000277778 -0.000277778
 -- Dimensions: 3911 133
journal (isce.core.DEMInterpolator):
 -- Actual DEM bounds used:
 -- Top Left: 139.142 35.561
 -- Bottom Right: 140.228 35.5263 
 -- Spacing: 0.000277778 -0.000277778
 -- Dimensions: 3911 126
journal (isce.core.DEMInterpolator):
 -- Actual DEM bounds used:
 -- Top Left: 139.142 35.8671
 -- Bottom Right: 140.228 35.8301 
 -- Spacing: 0.000277778 -0.000277778
 -- Dimensions: 3911 134
journal (isce.core.DEMInterpolator):
 -- Actual DEM bounds used:
 -- Top Left: 139.142 35.8579
 -- Bottom Right: 140.228 35.8212 
 -- Spacing: 0.000277778 -0.000277778
 -- Dimensions: 3911 133
journal (isce.core.DEMInterpolator):
 -- Actual DEM bounds used:
 -- Top Left: 139.142 35.849
 -- Bottom Right: 140.228 35.8124 
 -- Spacing: 0.000277778 -0.000277778
 -- Dimensions: 3911 133
journal (isce.core.DEMInterpolator):
 -- Actual DEM bounds used:
 -- Top Left: 139.142 35.8399
 -- Bottom Right: 140.228 35.8032 
 -- Spacing: 0.000277778 -0.000277778
 -- Dimensions: 3911 133
journal (isce.core.DEMInterpolator):
 -- Actual DEM bounds used:
 -- Top Left: 139.142 35.831
 -- Bottom Right: 140.228 35.7943 
 -- Spacing: 0.000277778 -0.000277778
 -- Dimensions: 3911 133
journal (isce.core.DEMInterpolator):
 -- Actual DEM bounds used:
 -- Top Left: 139.142 35.8221
 -- Bottom Right: 140.228 35.7851 
 -- Spacing: 0.000277778 -0.000277778
 -- Dimensions: 3911 134
journal (isce.core.DEMInterpolator):
 -- Actual DEM bounds used:
 -- Top Left: 139.142 35.8129
 -- Bottom Right: 140.228 35.7762 
 -- Spacing: 0.000277778 -0.000277778
 -- Dimensions: 3911 133
journal (isce.core.DEMInterpolator):
 -- Actual DEM bounds used:
 -- Top Left: 139.142 35.804
 -- Bottom Right: 140.228 35.7674 
 -- Spacing: 0.000277778 -0.000277778
 -- Dimensions: 3911 133
journal (isce.core.DEMInterpolator):
 -- Actual DEM bounds used:
 -- Top Left: 139.142 35.7949
 -- Bottom Right: 140.228 35.7582 
 -- Spacing: 0.000277778 -0.000277778
 -- Dimensions: 3911 133
journal (isce.core.DEMInterpolator):
 -- Actual DEM bounds used:
 -- Top Left: 139.142 35.786
 -- Bottom Right: 140.228 35.7493 
 -- Spacing: 0.000277778 -0.000277778
 -- Dimensions: 3911 133
journal (isce.core.DEMInterpolator):
 -- Actual DEM bounds used:
 -- Top Left: 139.142 35.7771
 -- Bottom Right: 140.228 35.7401 
 -- Spacing: 0.000277778 -0.000277778
 -- Dimensions: 3911 134
journal (isce.core.DEMInterpolator):
 -- Actual DEM bounds used:
 -- Top Left: 139.142 35.7679
 -- Bottom Right: 140.228 35.7312 
 -- Spacing: 0.000277778 -0.000277778
 -- Dimensions: 3911 133
journal (isce.core.DEMInterpolator):
 -- Actual DEM bounds used:
 -- Top Left: 139.142 35.759
 -- Bottom Right: 140.228 35.7224 
 -- Spacing: 0.000277778 -0.000277778
 -- Dimensions: 3911 133
journal (isce.core.DEMInterpolator):
 -- Actual DEM bounds used:
 -- Top Left: 139.142 35.7499
 -- Bottom Right: 140.228 35.7132 
 -- Spacing: 0.000277778 -0.000277778
 -- Dimensions: 3911 133
journal (isce.core.DEMInterpolator):
 -- Actual DEM bounds used:
 -- Top Left: 139.142 35.741
 -- Bottom Right: 140.228 35.7043 
 -- Spacing: 0.000277778 -0.000277778
 -- Dimensions: 3911 133
journal (isce.core.DEMInterpolator):
 -- Actual DEM bounds used:
 -- Top Left: 139.142 35.7321
 -- Bottom Right: 140.228 35.6951 
 -- Spacing: 0.000277778 -0.000277778
 -- Dimensions: 3911 134
journal (isce.core.DEMInterpolator):
 -- Actual DEM bounds used:
 -- Top Left: 139.142 35.7229
 -- Bottom Right: 140.228 35.6863 
 -- Spacing: 0.000277778 -0.000277778
 -- Dimensions: 3911 133
journal (isce.core.DEMInterpolator):
 -- Actual DEM bounds used:
 -- Top Left: 139.142 35.714
 -- Bottom Right: 140.228 35.6774 
 -- Spacing: 0.000277778 -0.000277778
 -- Dimensions: 3911 133
journal (isce.core.DEMInterpolator):
 -- Actual DEM bounds used:
 -- Top Left: 139.142 35.7049
 -- Bottom Right: 140.228 35.6682 
 -- Spacing: 0.000277778 -0.000277778
 -- Dimensions: 3911 133
journal (isce.core.DEMInterpolator):
 -- Actual DEM bounds used:
 -- Top Left: 139.142 35.696
 -- Bottom Right: 140.228 35.6593 
 -- Spacing: 0.000277778 -0.000277778
 -- Dimensions: 3911 133
journal (isce.core.DEMInterpolator):
 -- Actual DEM bounds used:
 -- Top Left: 139.142 35.6871
 -- Bottom Right: 140.228 35.6501 
 -- Spacing: 0.000277778 -0.000277778
 -- Dimensions: 3911 134
journal (isce.core.DEMInterpolator):
 -- Actual DEM bounds used:
 -- Top Left: 139.142 35.6779
 -- Bottom Right: 140.228 35.6412 
 -- Spacing: 0.000277778 -0.000277778
 -- Dimensions: 3911 133
journal (isce.core.DEMInterpolator):
 -- Actual DEM bounds used:
 -- Top Left: 139.142 35.669
 -- Bottom Right: 140.228 35.6324 
 -- Spacing: 0.000277778 -0.000277778
 -- Dimensions: 3911 133
journal (isce.core.DEMInterpolator):
 -- Actual DEM bounds used:
 -- Top Left: 139.142 35.6599
 -- Bottom Right: 140.228 35.6232 
 -- Spacing: 0.000277778 -0.000277778
 -- Dimensions: 3911 133
journal (isce.core.DEMInterpolator):
 -- Actual DEM bounds used:
 -- Top Left: 139.142 35.651
 -- Bottom Right: 140.228 35.6143 
 -- Spacing: 0.000277778 -0.000277778
 -- Dimensions: 3911 133
journal (isce.core.DEMInterpolator):
 -- Actual DEM bounds used:
 -- Top Left: 139.142 35.6421
 -- Bottom Right: 140.228 35.6051 
 -- Spacing: 0.000277778 -0.000277778
 -- Dimensions: 3911 134
journal (isce.core.DEMInterpolator):
 -- Actual DEM bounds used:
 -- Top Left: 139.142 35.6329
 -- Bottom Right: 140.228 35.5962 
 -- Spacing: 0.000277778 -0.000277778
 -- Dimensions: 3911 133
journal (isce.core.DEMInterpolator):
 -- Actual DEM bounds used:
 -- Top Left: 139.142 35.624
 -- Bottom Right: 140.228 35.5874 
 -- Spacing: 0.000277778 -0.000277778
 -- Dimensions: 3911 133
journal (isce.core.DEMInterpolator):
 -- Actual DEM bounds used:
 -- Top Left: 139.142 35.6149
 -- Bottom Right: 140.228 35.5782 
 -- Spacing: 0.000277778 -0.000277778
 -- Dimensions: 3911 133
journal (isce.core.DEMInterpolator):
 -- Actual DEM bounds used:
 -- Top Left: 139.142 35.606
 -- Bottom Right: 140.228 35.5693 
 -- Spacing: 0.000277778 -0.000277778
 -- Dimensions: 3911 133
journal (isce.core.DEMInterpolator):
 -- Actual DEM bounds used:
 -- Top Left: 139.142 35.5971
 -- Bottom Right: 140.228 35.5601 
 -- Spacing: 0.000277778 -0.000277778
 -- Dimensions: 3911 134
journal (isce.core.DEMInterpolator):
 -- Actual DEM bounds used:
 -- Top Left: 139.142 35.5879
 -- Bottom Right: 140.228 35.5512 
 -- Spacing: 0.000277778 -0.000277778
 -- Dimensions: 3911 133
journal (isce.core.DEMInterpolator):
 -- Actual DEM bounds used:
 -- Top Left: 139.142 35.579
 -- Bottom Right: 140.228 35.5424 
 -- Spacing: 0.000277778 -0.000277778
 -- Dimensions: 3911 133
journal (isce.core.DEMInterpolator):
 -- Actual DEM bounds used:
 -- Top Left: 139.142 35.5699
 -- Bottom Right: 140.228 35.5332 
 -- Spacing: 0.000277778 -0.000277778
 -- Dimensions: 3911 133
journal (isce.core.DEMInterpolator):
 -- Actual DEM bounds used:
 -- Top Left: 139.142 35.561
 -- Bottom Right: 140.228 35.5263 
 -- Spacing: 0.000277778 -0.000277778
 -- Dimensions: 3911 126
journal (isce.core.DEMInterpolator):
 -- Actual DEM bounds used:
 -- Top Left: 139.142 35.8671
 -- Bottom Right: 140.228 35.8212 
 -- Spacing: 0.000277778 -0.000277778
 -- Dimensions: 3911 166
journal (isce.core.DEMInterpolator):
 -- Actual DEM bounds used:
 -- Top Left: 139.142 35.849
 -- Bottom Right: 140.228 35.8032 
 -- Spacing: 0.000277778 -0.000277778
 -- Dimensions: 3911 166
journal (isce.core.DEMInterpolator):
 -- Actual DEM bounds used:
 -- Top Left: 139.142 35.831
 -- Bottom Right: 140.228 35.7851 
 -- Spacing: 0.000277778 -0.000277778
 -- Dimensions: 3911 166
journal (isce.core.DEMInterpolator):
 -- Actual DEM bounds used:
 -- Top Left: 139.142 35.8129
 -- Bottom Right: 140.228 35.7674 
 -- Spacing: 0.000277778 -0.000277778
 -- Dimensions: 3911 165
journal (isce.core.DEMInterpolator):
 -- Actual DEM bounds used:
 -- Top Left: 139.142 35.7949
 -- Bottom Right: 140.228 35.7493 
 -- Spacing: 0.000277778 -0.000277778
 -- Dimensions: 3911 165
journal (isce.core.DEMInterpolator):
 -- Actual DEM bounds used:
 -- Top Left: 139.142 35.7771
 -- Bottom Right: 140.228 35.7313 
 -- Spacing: 0.000277778 -0.000277778
 -- Dimensions: 3911 166
journal (isce.core.DEMInterpolator):
 -- Actual DEM bounds used:
 -- Top Left: 139.142 35.759
 -- Bottom Right: 140.228 35.7132 
 -- Spacing: 0.000277778 -0.000277778
 -- Dimensions: 3911 166
journal (isce.core.DEMInterpolator):
 -- Actual DEM bounds used:
 -- Top Left: 139.142 35.741
 -- Bottom Right: 140.228 35.6951 
 -- Spacing: 0.000277778 -0.000277778
 -- Dimensions: 3911 166
journal (isce.core.DEMInterpolator):
 -- Actual DEM bounds used:
 -- Top Left: 139.142 35.7229
 -- Bottom Right: 140.228 35.6774 
 -- Spacing: 0.000277778 -0.000277778
 -- Dimensions: 3911 165
journal (isce.core.DEMInterpolator):
 -- Actual DEM bounds used:
 -- Top Left: 139.142 35.7049
 -- Bottom Right: 140.228 35.6593 
 -- Spacing: 0.000277778 -0.000277778
 -- Dimensions: 3911 165
journal (isce.core.DEMInterpolator):
 -- Actual DEM bounds used:
 -- Top Left: 139.142 35.6871
 -- Bottom Right: 140.228 35.6412 
 -- Spacing: 0.000277778 -0.000277778
 -- Dimensions: 3911 166
journal (isce.core.DEMInterpolator):
 -- Actual DEM bounds used:
 -- Top Left: 139.142 35.669
 -- Bottom Right: 140.228 35.6232 
 -- Spacing: 0.000277778 -0.000277778
 -- Dimensions: 3911 166
journal (isce.core.DEMInterpolator):
 -- Actual DEM bounds used:
 -- Top Left: 139.142 35.651
 -- Bottom Right: 140.228 35.6051 
 -- Spacing: 0.000277778 -0.000277778
 -- Dimensions: 3911 166
journal (isce.core.DEMInterpolator):
 -- Actual DEM bounds used:
 -- Top Left: 139.142 35.6329
 -- Bottom Right: 140.228 35.5874 
 -- Spacing: 0.000277778 -0.000277778
 -- Dimensions: 3911 165
journal (isce.core.DEMInterpolator):
 -- Actual DEM bounds used:
 -- Top Left: 139.142 35.6149
 -- Bottom Right: 140.228 35.5693 
 -- Spacing: 0.000277778 -0.000277778
 -- Dimensions: 3911 165
journal (isce.core.DEMInterpolator):
 -- Actual DEM bounds used:
 -- Top Left: 139.142 35.5971
 -- Bottom Right: 140.228 35.5512 
 -- Spacing: 0.000277778 -0.000277778
 -- Dimensions: 3911 166
journal (isce.core.DEMInterpolator):
 -- Actual DEM bounds used:
 -- Top Left: 139.142 35.579
 -- Bottom Right: 140.228 35.5332 
 -- Spacing: 0.000277778 -0.000277778
 -- Dimensions: 3911 166
journal (isce.core.DEMInterpolator):
 -- Actual DEM bounds used:
 -- Top Left: 139.142 35.561
 -- Bottom Right: 140.228 35.5263 
 -- Spacing: 0.000277778 -0.000277778
 -- Dimensions: 3911 126
journal (isce.core.DEMInterpolator):
 -- Actual DEM bounds used:
 -- Top Left: 139.142 35.8671
 -- Bottom Right: 140.228 35.8212 
 -- Spacing: 0.000277778 -0.000277778
 -- Dimensions: 3911 166
journal (isce.core.DEMInterpolator):
 -- Actual DEM bounds used:
 -- Top Left: 139.142 35.849
 -- Bottom Right: 140.228 35.8032 
 -- Spacing: 0.000277778 -0.000277778
 -- Dimensions: 3911 166
journal (isce.core.DEMInterpolator):
 -- Actual DEM bounds used:
 -- Top Left: 139.142 35.831
 -- Bottom Right: 140.228 35.7851 
 -- Spacing: 0.000277778 -0.000277778
 -- Dimensions: 3911 166
journal (isce.core.DEMInterpolator):
 -- Actual DEM bounds used:
 -- Top Left: 139.142 35.8129
 -- Bottom Right: 140.228 35.7674 
 -- Spacing: 0.000277778 -0.000277778
 -- Dimensions: 3911 165
journal (isce.core.DEMInterpolator):
 -- Actual DEM bounds used:
 -- Top Left: 139.142 35.7949
 -- Bottom Right: 140.228 35.7493 
 -- Spacing: 0.000277778 -0.000277778
 -- Dimensions: 3911 165
journal (isce.core.DEMInterpolator):
 -- Actual DEM bounds used:
 -- Top Left: 139.142 35.7771
 -- Bottom Right: 140.228 35.7313 
 -- Spacing: 0.000277778 -0.000277778
 -- Dimensions: 3911 166
journal (isce.core.DEMInterpolator):
 -- Actual DEM bounds used:
 -- Top Left: 139.142 35.759
 -- Bottom Right: 140.228 35.7132 
 -- Spacing: 0.000277778 -0.000277778
 -- Dimensions: 3911 166
journal (isce.core.DEMInterpolator):
 -- Actual DEM bounds used:
 -- Top Left: 139.142 35.741
 -- Bottom Right: 140.228 35.6951 
 -- Spacing: 0.000277778 -0.000277778
 -- Dimensions: 3911 166
journal (isce.core.DEMInterpolator):
 -- Actual DEM bounds used:
 -- Top Left: 139.142 35.7229
 -- Bottom Right: 140.228 35.6774 
 -- Spacing: 0.000277778 -0.000277778
 -- Dimensions: 3911 165
journal (isce.core.DEMInterpolator):
 -- Actual DEM bounds used:
 -- Top Left: 139.142 35.7049
 -- Bottom Right: 140.228 35.6593 
 -- Spacing: 0.000277778 -0.000277778
 -- Dimensions: 3911 165
journal (isce.core.DEMInterpolator):
 -- Actual DEM bounds used:
 -- Top Left: 139.142 35.6871
 -- Bottom Right: 140.228 35.6412 
 -- Spacing: 0.000277778 -0.000277778
 -- Dimensions: 3911 166
journal (isce.core.DEMInterpolator):
 -- Actual DEM bounds used:
 -- Top Left: 139.142 35.669
 -- Bottom Right: 140.228 35.6232 
 -- Spacing: 0.000277778 -0.000277778
 -- Dimensions: 3911 166
journal (isce.core.DEMInterpolator):
 -- Actual DEM bounds used:
 -- Top Left: 139.142 35.651
 -- Bottom Right: 140.228 35.6051 
 -- Spacing: 0.000277778 -0.000277778
 -- Dimensions: 3911 166
journal (isce.core.DEMInterpolator):
 -- Actual DEM bounds used:
 -- Top Left: 139.142 35.6329
 -- Bottom Right: 140.228 35.5874 
 -- Spacing: 0.000277778 -0.000277778
 -- Dimensions: 3911 165
journal (isce.core.DEMInterpolator):
 -- Actual DEM bounds used:
 -- Top Left: 139.142 35.6149
 -- Bottom Right: 140.228 35.5693 
 -- Spacing: 0.000277778 -0.000277778
 -- Dimensions: 3911 165
journal (isce.core.DEMInterpolator):
 -- Actual DEM bounds used:
 -- Top Left: 139.142 35.5971
 -- Bottom Right: 140.228 35.5512 
 -- Spacing: 0.000277778 -0.000277778
 -- Dimensions: 3911 166
journal (isce.core.DEMInterpolator):
 -- Actual DEM bounds used:
 -- Top Left: 139.142 35.579
 -- Bottom Right: 140.228 35.5332 
 -- Spacing: 0.000277778 -0.000277778
 -- Dimensions: 3911 166
journal (isce.core.DEMInterpolator):
 -- Actual DEM bounds used:
 -- Top Left: 139.142 35.561
 -- Bottom Right: 140.228 35.5263 
 -- Spacing: 0.000277778 -0.000277778
 -- Dimensions: 3911 126
journal (isce.core.DEMInterpolator):
 -- Actual DEM bounds used:
 -- Top Left: 139.142 35.8671
 -- Bottom Right: 140.228 35.7943 
 -- Spacing: 0.000277778 -0.000277778
 -- Dimensions: 3911 263
journal (isce.core.DEMInterpolator):
 -- Actual DEM bounds used:
 -- Top Left: 139.142 35.8221
 -- Bottom Right: 140.228 35.7493 
 -- Spacing: 0.000277778 -0.000277778
 -- Dimensions: 3911 263
journal (isce.core.DEMInterpolator):
 -- Actual DEM bounds used:
 -- Top Left: 139.142 35.7771
 -- Bottom Right: 140.228 35.7043 
 -- Spacing: 0.000277778 -0.000277778
 -- Dimensions: 3911 263
journal (isce.core.DEMInterpolator):
 -- Actual DEM bounds used:
 -- Top Left: 139.142 35.7321
 -- Bottom Right: 140.228 35.6593 
 -- Spacing: 0.000277778 -0.000277778
 -- Dimensions: 3911 263
journal (isce.core.DEMInterpolator):
 -- Actual DEM bounds used:
 -- Top Left: 139.142 35.6871
 -- Bottom Right: 140.228 35.6143 
 -- Spacing: 0.000277778 -0.000277778
 -- Dimensions: 3911 263
journal (isce.core.DEMInterpolator):
 -- Actual DEM bounds used:
 -- Top Left: 139.142 35.6421
 -- Bottom Right: 140.228 35.5693 
 -- Spacing: 0.000277778 -0.000277778
 -- Dimensions: 3911 263
journal (isce.core.DEMInterpolator):
 -- Actual DEM bounds used:
 -- Top Left: 139.142 35.5971
 -- Bottom Right: 140.228 35.5262 
 -- Spacing: 0.000277778 -0.000277778
 -- Dimensions: 3911 256
journal (isce.core.DEMInterpolator):
 -- Actual DEM bounds used:
 -- Top Left: 139.142 35.8671
 -- Bottom Right: 140.228 35.7943 
 -- Spacing: 0.000277778 -0.000277778
 -- Dimensions: 3911 263
journal (isce.core.DEMInterpolator):
 -- Actual DEM bounds used:
 -- Top Left: 139.142 35.8221
 -- Bottom Right: 140.228 35.7493 
 -- Spacing: 0.000277778 -0.000277778
 -- Dimensions: 3911 263
journal (isce.core.DEMInterpolator):
 -- Actual DEM bounds used:
 -- Top Left: 139.142 35.7771
 -- Bottom Right: 140.228 35.7043 
 -- Spacing: 0.000277778 -0.000277778
 -- Dimensions: 3911 263
journal (isce.core.DEMInterpolator):
 -- Actual DEM bounds used:
 -- Top Left: 139.142 35.7321
 -- Bottom Right: 140.228 35.6593 
 -- Spacing: 0.000277778 -0.000277778
 -- Dimensions: 3911 263
journal (isce.core.DEMInterpolator):
 -- Actual DEM bounds used:
 -- Top Left: 139.142 35.6871
 -- Bottom Right: 140.228 35.6143 
 -- Spacing: 0.000277778 -0.000277778
 -- Dimensions: 3911 263
journal (isce.core.DEMInterpolator):
 -- Actual DEM bounds used:
 -- Top Left: 139.142 35.6421
 -- Bottom Right: 140.228 35.5693 
 -- Spacing: 0.000277778 -0.000277778
 -- Dimensions: 3911 263
journal (isce.core.DEMInterpolator):
 -- Actual DEM bounds used:
 -- Top Left: 139.142 35.5971
 -- Bottom Right: 140.228 35.5262 
 -- Spacing: 0.000277778 -0.000277778
 -- Dimensions: 3911 256
journal (isce.core.DEMInterpolator):# loading inputs from configs/trial_a100_iw2_subswath.yaml
Chi squared: 0.002173
Chi squared: 0.000022
Chi squared: 0.000022
Chi squared: 0.000262
Chi squared: 0.000527
Chi squared: 0.000427
Chi squared: 0.000099
Chi squared: 0.000321
Chi squared: 0.001717
# 9 burst(s): ['t046_097520_iw2', 't046_097521_iw2', 't046_097522_iw2', 't046_097523_iw2', 't046_097524_iw2', 't046_097525_iw2', 't046_097526_iw2', 't046_097527_iw2', 't046_097528_iw2']
# gpu batch pass (cold start on burst 1, then sequential)
  batch t046_097520_iw2: 3.55 s
  batch t046_097521_iw2: 2.64 s
  batch t046_097522_iw2: 2.53 s
  batch t046_097523_iw2: 2.67 s
  batch t046_097524_iw2: 2.55 s
  batch t046_097525_iw2: 2.76 s
  batch t046_097526_iw2: 2.60 s
  batch t046_097527_iw2: 2.56 s
  batch t046_097528_iw2: 2.68 s
  t046_097520_iw2: gpu 2.68s, cpu_parity 17.79s, cpu_prod 18.52s
  t046_097521_iw2: gpu 2.47s, cpu_parity 17.81s, cpu_prod 18.51s
  t046_097522_iw2: gpu 2.64s, cpu_parity 17.41s, cpu_prod 18.18s
  t046_097523_iw2: gpu 2.61s, cpu_parity 17.71s, cpu_prod 18.62s
  t046_097524_iw2: gpu 2.94s, cpu_parity 17.51s, cpu_prod 18.42s
  t046_097525_iw2: gpu 2.53s, cpu_parity 17.79s, cpu_prod 18.45s
  t046_097526_iw2: gpu 2.66s, cpu_parity 17.41s, cpu_prod 18.03s
  t046_097527_iw2: gpu 2.74s, cpu_parity 17.36s, cpu_prod 18.00s
  t046_097528_iw2: gpu 2.52s, cpu_parity 18.41s, cpu_prod 19.39s
# aggregate: {"gpu_sum_of_medians_s": 23.793, "gpu_batch_total_wall_s": 27.734, "cpu_parity_sum_of_medians_s": 159.192, "cpu_prod_sum_of_medians_s": 166.108, "speedup_parity_sum": 6.69, "speedup_parity_vs_batch_wall": 5.74}
# validation per burst
  t046_097520_iw2: jaccard=1.000000 rg_max=0.017578125 az_max=0.0010986328125 amp_r=1.000000
  t046_097521_iw2: jaccard=1.000000 rg_max=0.015625 az_max=0.0010986328125 amp_r=1.000000
  t046_097522_iw2: jaccard=1.000000 rg_max=0.017578125 az_max=0.0009765625 amp_r=1.000000
  t046_097523_iw2: jaccard=1.000000 rg_max=0.017578125 az_max=0.0010986328125 amp_r=1.000000
  t046_097524_iw2: jaccard=1.000000 rg_max=0.01953125 az_max=0.001220703125 amp_r=1.000000
  t046_097525_iw2: jaccard=1.000000 rg_max=0.017578125 az_max=0.0009765625 amp_r=1.000000
  t046_097526_iw2: jaccard=1.000000 rg_max=0.017578125 az_max=0.0008544921875 amp_r=1.000000
  t046_097527_iw2: jaccard=1.000000 rg_max=0.015625 az_max=0.0008544921875 amp_r=1.000000
  t046_097528_iw2: jaccard=1.000000 rg_max=0.013671875 az_max=0.0008544921875 amp_r=1.000000
# lines_per_block scan on t046_097520_iw2
  lpb=100: {"lines_per_block": 100, "wall_s": 4.669, "walls_s": [3.868, 4.669], "vram_peak_mib_sampled": 1607, "vs_main_lpb": {"n_differing_px": 0, "differing_ppm": 0.0, "max_abs_diff": 0.0}}
  lpb=200: {"lines_per_block": 200, "wall_s": 2.653, "walls_s": [2.714, 2.653], "vram_peak_mib_sampled": 1645, "vs_main_lpb": {"n_differing_px": 0, "differing_ppm": 0.0, "max_abs_diff": 0.0}}
  lpb=500: {"lines_per_block": 500, "wall_s": 1.874, "walls_s": [1.925, 1.874], "vram_peak_mib_sampled": 1759, "vs_main_lpb": {"n_differing_px": 0, "differing_ppm": 0.0, "max_abs_diff": 0.0}}
  lpb=1000: {"lines_per_block": 1000, "wall_s": 1.724, "walls_s": [1.759, 1.724], "vram_peak_mib_sampled": 1951, "vs_main_lpb": {"n_differing_px": 0, "differing_ppm": 0.0, "max_abs_diff": 0.0}}
  lpb=2000: {"lines_per_block": 2000, "wall_s": 1.568, "walls_s": [1.598, 1.568], "vram_peak_mib_sampled": 2333, "vs_main_lpb": {"n_differing_px": 0, "differing_ppm": 0.0, "max_abs_diff": 0.0}}
# wrote /workspace/logs_runpod-a100/20260720T151331Z_trial_subswath/results.json

 -- Actual DEM bounds used:
 -- Top Left: 139.142 35.8671
 -- Bottom Right: 140.228 35.7493 
 -- Spacing: 0.000277778 -0.000277778
 -- Dimensions: 3911 425
journal (isce.core.DEMInterpolator):
 -- Actual DEM bounds used:
 -- Top Left: 139.142 35.7771
 -- Bottom Right: 140.228 35.6593 
 -- Spacing: 0.000277778 -0.000277778
 -- Dimensions: 3911 425
journal (isce.core.DEMInterpolator):
 -- Actual DEM bounds used:
 -- Top Left: 139.142 35.6871
 -- Bottom Right: 140.228 35.5693 
 -- Spacing: 0.000277778 -0.000277778
 -- Dimensions: 3911 425
journal (isce.core.DEMInterpolator):
 -- Actual DEM bounds used:
 -- Top Left: 139.142 35.5971
 -- Bottom Right: 140.228 35.5262 
 -- Spacing: 0.000277778 -0.000277778
 -- Dimensions: 3911 256
journal (isce.core.DEMInterpolator):
 -- Actual DEM bounds used:
 -- Top Left: 139.142 35.8671
 -- Bottom Right: 140.228 35.7493 
 -- Spacing: 0.000277778 -0.000277778
 -- Dimensions: 3911 425
journal (isce.core.DEMInterpolator):
 -- Actual DEM bounds used:
 -- Top Left: 139.142 35.7771
 -- Bottom Right: 140.228 35.6593 
 -- Spacing: 0.000277778 -0.000277778
 -- Dimensions: 3911 425
journal (isce.core.DEMInterpolator):
 -- Actual DEM bounds used:
 -- Top Left: 139.142 35.6871
 -- Bottom Right: 140.228 35.5693 
 -- Spacing: 0.000277778 -0.000277778
 -- Dimensions: 3911 425
journal (isce.core.DEMInterpolator):
 -- Actual DEM bounds used:
 -- Top Left: 139.142 35.5971
 -- Bottom Right: 140.228 35.5262 
 -- Spacing: 0.000277778 -0.000277778
 -- Dimensions: 3911 256
journal (isce.core.DEMInterpolator):
 -- Actual DEM bounds used:
 -- Top Left: 139.142 35.8671
 -- Bottom Right: 140.228 35.6593 
 -- Spacing: 0.000277778 -0.000277778
 -- Dimensions: 3911 749
journal (isce.core.DEMInterpolator):
 -- Actual DEM bounds used:
 -- Top Left: 139.142 35.6871
 -- Bottom Right: 140.228 35.5262 
 -- Spacing: 0.000277778 -0.000277778
 -- Dimensions: 3911 580
journal (isce.core.DEMInterpolator):
 -- Actual DEM bounds used:
 -- Top Left: 139.142 35.8671
 -- Bottom Right: 140.228 35.6593 
 -- Spacing: 0.000277778 -0.000277778
 -- Dimensions: 3911 749
journal (isce.core.DEMInterpolator):
 -- Actual DEM bounds used:
 -- Top Left: 139.142 35.6871
 -- Bottom Right: 140.228 35.5262 
 -- Spacing: 0.000277778 -0.000277778
 -- Dimensions: 3911 580
